$MeshFormat
2.2 0 8
$EndMeshFormat
$Nodes
3049
1 -10 0 0
2 0 0 0
3 9.396926207859085 3.420201433256687 0
4 9.396926207859085 -3.420201433256687 0
5 -10 0 -5
6 0 0 -5
7 9.396926207859085 3.420201433256687 -5
8 9.396926207859085 -3.420201433256687 -5
9 -4.749999999999988 0 0
10 -9.249999999999998 0 0
11 -8.749999999999996 0 0
12 -8.249999999999996 0 0
13 -7.749999999999995 0 0
14 -7.249999999999995 0 0
15 -6.749999999999993 0 0
16 -6.249999999999992 0 0
17 -5.749999999999991 0 0
18 -5.249999999999989 0 0
19 -9.75 0 0
20 -4.249999999999988 0 0
21 -3.749999999999988 0 0
22 -3.249999999999986 0 0
23 -2.749999999999984 0 0
24 -2.249999999999983 0 0
25 -1.749999999999985 0 0
26 -1.24999999999999 0 0
27 -0.7499999999999938 0 0
28 -0.2499999999999982 0 0
29 -4.499999999999988 0 0
30 -8.999999999999998 0 0
31 -8.499999999999996 0 0
32 -7.999999999999996 0 0
33 -7.499999999999995 0 0
34 -6.999999999999994 0 0
35 -6.499999999999993 0 0
36 -5.999999999999991 0 0
37 -5.49999999999999 0 0
38 -4.999999999999989 0 0
39 -9.499999999999998 0 0
40 -3.999999999999988 0 0
41 -3.499999999999987 0 0
42 -2.999999999999985 0 0
43 -2.499999999999984 0 0
44 -1.999999999999982 0 0
45 -1.499999999999988 0 0
46 -0.9999999999999911 0 0
47 -0.4999999999999964 0 0
48 4.933386259113987 1.795605752455381 0
49 0.7047694655879855 0.2565151074937252 0
50 1.174615775979937 0.4275251791561948 0
51 1.644462086371633 0.5985352508185713 0
52 2.114308396763213 0.7695453224809052 0
53 2.584154707154786 0.940555394143237 0
54 3.054001017546326 1.111565465805556 0
55 3.523847327937928 1.282575537467899 0
56 3.993693638329606 1.453585609130269 0
57 4.463539948721223 1.624595680792616 0
58 0.2349231551959769 0.0855050358312351 0
59 5.403232569508186 1.966615824118668 0
60 5.873078879902396 2.13762589578196 0
61 6.342925190296601 2.30863596744525 0
62 6.81277150069082 2.479646039108544 0
63 7.282617811084852 2.650656110771771 0
64 7.752464121479069 2.821666182435065 0
65 8.222310431873414 2.992676254098406 0
66 8.692156742267695 3.163686325761723 0
67 9.162003052661959 3.334696397425034 0
68 5.168309414310981 1.881110788286986 0
69 0.9396926207840172 0.3420201433249803 0
70 1.409538931175857 0.5130302149874092 0
71 1.87938524156741 0.6840402866497334 0
72 2.349231551959016 0.855050358312077 0
73 2.819077862350556 1.026060429974397 0
74 3.288924172742096 1.197070501636716 0
75 3.75877048313376 1.368080573299081 0
76 4.228616793525453 1.539090644961456 0
77 4.698463103916993 1.710100716623776 0
78 0.4698463103919538 0.1710100716624702 0
79 5.638155724705391 2.05212085995035 0
80 6.1080020350994 2.223130931613569 0
81 6.577848345493803 2.394141003276931 0
82 7.047694655887836 2.565151074940157 0
83 7.517540966281867 2.736161146603384 0
84 7.987387276676271 2.907171218266746 0
85 8.457233587070558 3.078181289930065 0
86 8.927079897464834 3.249191361593381 0
87 4.933386259113987 -1.795605752455381 0
88 0.7047694655879855 -0.2565151074937252 0
89 1.174615775979937 -0.4275251791561948 0
90 1.644462086371633 -0.5985352508185713 0
91 2.114308396763213 -0.7695453224809052 0
92 2.584154707154786 -0.940555394143237 0
93 3.054001017546326 -1.111565465805556 0
94 3.523847327937928 -1.282575537467899 0
95 3.993693638329606 -1.453585609130269 0
96 4.463539948721223 -1.624595680792616 0
97 0.2349231551959769 -0.0855050358312351 0
98 5.403232569508186 -1.966615824118668 0
99 5.873078879902396 -2.13762589578196 0
100 6.342925190296601 -2.30863596744525 0
101 6.81277150069082 -2.479646039108544 0
102 7.282617811084852 -2.650656110771771 0
103 7.752464121479069 -2.821666182435065 0
104 8.222310431873414 -2.992676254098406 0
105 8.692156742267695 -3.163686325761723 0
106 9.162003052661959 -3.334696397425034 0
107 5.168309414310981 -1.881110788286986 0
108 0.9396926207840172 -0.3420201433249803 0
109 1.409538931175857 -0.5130302149874092 0
110 1.87938524156741 -0.6840402866497334 0
111 2.349231551959016 -0.855050358312077 0
112 2.819077862350556 -1.026060429974397 0
113 3.288924172742096 -1.197070501636716 0
114 3.75877048313376 -1.368080573299081 0
115 4.228616793525453 -1.539090644961456 0
116 4.698463103916993 -1.710100716623776 0
117 0.4698463103919538 -0.1710100716624702 0
118 5.638155724705391 -2.05212085995035 0
119 6.1080020350994 -2.223130931613569 0
120 6.577848345493803 -2.394141003276931 0
121 7.047694655887836 -2.565151074940157 0
122 7.517540966281867 -2.736161146603384 0
123 7.987387276676271 -2.907171218266746 0
124 8.457233587070558 -3.078181289930065 0
125 8.927079897464834 -3.249191361593381 0
126 -4.749999999999988 0 -5
127 -9.249999999999998 0 -5
128 -8.749999999999996 0 -5
129 -8.249999999999996 0 -5
130 -7.749999999999995 0 -5
131 -7.249999999999995 0 -5
132 -6.749999999999993 0 -5
133 -6.249999999999992 0 -5
134 -5.749999999999991 0 -5
135 -5.249999999999989 0 -5
136 -9.75 0 -5
137 -4.249999999999988 0 -5
138 -3.749999999999988 0 -5
139 -3.249999999999986 0 -5
140 -2.749999999999984 0 -5
141 -2.249999999999983 0 -5
142 -1.749999999999985 0 -5
143 -1.24999999999999 0 -5
144 -0.7499999999999938 0 -5
145 -0.2499999999999982 0 -5
146 -4.499999999999988 0 -5
147 -8.999999999999998 0 -5
148 -8.499999999999996 0 -5
149 -7.999999999999996 0 -5
150 -7.499999999999995 0 -5
151 -6.999999999999994 0 -5
152 -6.499999999999993 0 -5
153 -5.999999999999991 0 -5
154 -5.49999999999999 0 -5
155 -4.999999999999989 0 -5
156 -9.499999999999998 0 -5
157 -3.999999999999988 0 -5
158 -3.499999999999987 0 -5
159 -2.999999999999985 0 -5
160 -2.499999999999984 0 -5
161 -1.999999999999982 0 -5
162 -1.499999999999988 0 -5
163 -0.9999999999999911 0 -5
164 -0.4999999999999964 0 -5
165 4.933386259113987 1.795605752455381 -5
166 0.7047694655879855 0.2565151074937252 -5
167 1.174615775979937 0.4275251791561948 -5
168 1.644462086371633 0.5985352508185713 -5
169 2.114308396763213 0.7695453224809052 -5
170 2.584154707154786 0.940555394143237 -5
171 3.054001017546326 1.111565465805556 -5
172 3.523847327937928 1.282575537467899 -5
173 3.993693638329606 1.453585609130269 -5
174 4.463539948721223 1.624595680792616 -5
175 0.2349231551959769 0.0855050358312351 -5
176 5.403232569508186 1.966615824118668 -5
177 5.873078879902396 2.13762589578196 -5
178 6.342925190296601 2.30863596744525 -5
179 6.81277150069082 2.479646039108544 -5
180 7.282617811084852 2.650656110771771 -5
181 7.752464121479069 2.821666182435065 -5
182 8.222310431873414 2.992676254098406 -5
183 8.692156742267695 3.163686325761723 -5
184 9.162003052661959 3.334696397425034 -5
185 5.168309414310981 1.881110788286986 -5
186 0.9396926207840172 0.3420201433249803 -5
187 1.409538931175857 0.5130302149874092 -5
188 1.87938524156741 0.6840402866497334 -5
189 2.349231551959016 0.855050358312077 -5
190 2.819077862350556 1.026060429974397 -5
191 3.288924172742096 1.197070501636716 -5
192 3.75877048313376 1.368080573299081 -5
193 4.228616793525453 1.539090644961456 -5
194 4.698463103916993 1.710100716623776 -5
195 0.4698463103919538 0.1710100716624702 -5
196 5.638155724705391 2.05212085995035 -5
197 6.1080020350994 2.223130931613569 -5
198 6.577848345493803 2.394141003276931 -5
199 7.047694655887836 2.565151074940157 -5
200 7.517540966281867 2.736161146603384 -5
201 7.987387276676271 2.907171218266746 -5
202 8.457233587070558 3.078181289930065 -5
203 8.927079897464834 3.249191361593381 -5
204 4.933386259113987 -1.795605752455381 -5
205 0.7047694655879855 -0.2565151074937252 -5
206 1.174615775979937 -0.4275251791561948 -5
207 1.644462086371633 -0.5985352508185713 -5
208 2.114308396763213 -0.7695453224809052 -5
209 2.584154707154786 -0.940555394143237 -5
210 3.054001017546326 -1.111565465805556 -5
211 3.523847327937928 -1.282575537467899 -5
212 3.993693638329606 -1.453585609130269 -5
213 4.463539948721223 -1.624595680792616 -5
214 0.2349231551959769 -0.0855050358312351 -5
215 5.403232569508186 -1.966615824118668 -5
216 5.873078879902396 -2.13762589578196 -5
217 6.342925190296601 -2.30863596744525 -5
218 6.81277150069082 -2.479646039108544 -5
219 7.282617811084852 -2.650656110771771 -5
220 7.752464121479069 -2.821666182435065 -5
221 8.222310431873414 -2.992676254098406 -5
222 8.692156742267695 -3.163686325761723 -5
223 9.162003052661959 -3.334696397425034 -5
224 5.168309414310981 -1.881110788286986 -5
225 0.9396926207840172 -0.3420201433249803 -5
226 1.409538931175857 -0.5130302149874092 -5
227 1.87938524156741 -0.6840402866497334 -5
228 2.349231551959016 -0.855050358312077 -5
229 2.819077862350556 -1.026060429974397 -5
230 3.288924172742096 -1.197070501636716 -5
231 3.75877048313376 -1.368080573299081 -5
232 4.228616793525453 -1.539090644961456 -5
233 4.698463103916993 -1.710100716623776 -5
234 0.4698463103919538 -0.1710100716624702 -5
235 5.638155724705391 -2.05212085995035 -5
236 6.1080020350994 -2.223130931613569 -5
237 6.577848345493803 -2.394141003276931 -5
238 7.047694655887836 -2.565151074940157 -5
239 7.517540966281867 -2.736161146603384 -5
240 7.987387276676271 -2.907171218266746 -5
241 8.457233587070558 -3.078181289930065 -5
242 8.927079897464834 -3.249191361593381 -5
243 -10 0 -0.2499999999997974
244 -10 0 -4.749999999999623
245 -10 0 -4.249999999998867
246 -10 0 -3.749999999998109
247 -10 0 -3.249999999997347
248 -10 0 -2.749999999996585
249 -10 0 -2.249999999995859
250 -10 0 -1.749999999996234
251 -10 0 -1.249999999997684
252 -10 0 -0.749999999999004
253 -10 0 -0.4999999999995947
254 -10 0 -4.499999999999245
255 -10 0 -3.999999999998489
256 -10 0 -3.499999999997728
257 -10 0 -2.999999999996966
258 -10 0 -2.499999999996205
259 -10 0 -1.999999999995513
260 -10 0 -1.499999999996955
261 -10 0 -0.9999999999984134
262 9.396926207859085 3.420201433256687 -0.2499999999997974
263 9.396926207859085 3.420201433256687 -4.749999999999623
264 9.396926207859085 3.420201433256687 -4.249999999998867
265 9.396926207859085 3.420201433256687 -3.749999999998109
266 9.396926207859085 3.420201433256687 -3.249999999997347
267 9.396926207859085 3.420201433256687 -2.749999999996585
268 9.396926207859085 3.420201433256687 -2.249999999995859
269 9.396926207859085 3.420201433256687 -1.749999999996234
270 9.396926207859085 3.420201433256687 -1.249999999997684
271 9.396926207859085 3.420201433256687 -0.749999999999004
272 9.396926207859085 3.420201433256687 -0.4999999999995947
273 9.396926207859085 3.420201433256687 -4.499999999999245
274 9.396926207859085 3.420201433256687 -3.999999999998489
275 9.396926207859085 3.420201433256687 -3.499999999997728
276 9.396926207859085 3.420201433256687 -2.999999999996966
277 9.396926207859085 3.420201433256687 -2.499999999996205
278 9.396926207859085 3.420201433256687 -1.999999999995513
279 9.396926207859085 3.420201433256687 -1.499999999996955
280 9.396926207859085 3.420201433256687 -0.9999999999984134
281 9.396926207859085 -3.420201433256687 -0.2499999999997974
282 9.396926207859085 -3.420201433256687 -4.749999999999623
283 9.396926207859085 -3.420201433256687 -4.249999999998867
284 9.396926207859085 -3.420201433256687 -3.749999999998109
285 9.396926207859085 -3.420201433256687 -3.249999999997347
286 9.396926207859085 -3.420201433256687 -2.749999999996585
287 9.396926207859085 -3.420201433256687 -2.249999999995859
288 9.396926207859085 -3.420201433256687 -1.749999999996234
289 9.396926207859085 -3.420201433256687 -1.249999999997684
290 9.396926207859085 -3.420201433256687 -0.749999999999004
291 9.396926207859085 -3.420201433256687 -0.4999999999995947
292 9.396926207859085 -3.420201433256687 -4.499999999999245
293 9.396926207859085 -3.420201433256687 -3.999999999998489
294 9.396926207859085 -3.420201433256687 -3.499999999997728
295 9.396926207859085 -3.420201433256687 -2.999999999996966
296 9.396926207859085 -3.420201433256687 -2.499999999996205
297 9.396926207859085 -3.420201433256687 -1.999999999995513
298 9.396926207859085 -3.420201433256687 -1.499999999996955
299 9.396926207859085 -3.420201433256687 -0.9999999999984134
300 0 0 -0.2499999999997974
301 0 0 -4.749999999999623
302 0 0 -4.249999999998867
303 0 0 -3.749999999998109
304 0 0 -3.249999999997347
305 0 0 -2.749999999996585
306 0 0 -2.249999999995859
307 0 0 -1.749999999996234
308 0 0 -1.249999999997684
309 0 0 -0.749999999999004
310 0 0 -0.4999999999995947
311 0 0 -4.499999999999245
312 0 0 -3.999999999998489
313 0 0 -3.499999999997728
314 0 0 -2.999999999996966
315 0 0 -2.499999999996205
316 0 0 -1.999999999995513
317 0 0 -1.499999999996955
318 0 0 -0.9999999999984134
319 -7.249999999999984 0 -0.433012701892325
320 -4.249999999999913 0 -0.4330127018921861
321 -5.74999999999982 0 -0.433012701892505
322 -2.749999999999984 0 -4.566987298107779
323 -6.74678566681079 0 -4.577320490974788
324 -5.241179869728689 0 -4.608687453562118
325 -2.75000000000037 0 -0.4330127018937647
326 -9.52499955940954 0 -2.680448531542751
327 -0.4701362048161051 0 -2.681848291449694
328 -8.241179869728736 0 -4.608687453561892
329 -0.4442715103579969 0 -1.745399000490176
330 -9.546702957787621 0 -1.742307488956047
331 -1.750000000000021 0 -0.4330127018927991
332 -1.749999999999985 0 -4.566987298107786
333 -3.746785666810771 0 -4.57732049097485
334 -8.250000000000041 0 -0.4330127018922011
335 -0.4436254888247189 0 -3.739792335813503
336 -9.578703610544451 0 -3.745775399956273
337 -9.230662432702506 0 -0.4218481522074767
338 -0.7693375672974492 0 -0.4218481522086045
339 -0.7772202729467447 0 -4.522523585948607
340 -9.222779727053201 0 -4.522523585948457
341 -8.746777072117107 0 -0.4311519436113636
342 -8.499462845352985 0 -0.8657152774042309
343 -7.999910474225594 0 -0.8659737160544649
344 -8.249895553263343 0 -1.298977803324981
345 -7.749967671248297 0 -1.299019440663237
346 -7.999977204085594 0 -1.73203764634151
347 -7.499990812555859 0 -1.732045503195711
348 -7.749994669440629 0 -2.165060431861288
349 -7.249997580333032 0 -2.165062112466016
350 -7.499998708296059 0 -2.598075465587883
351 -6.999999381438546 0 -2.598075854227095
352 -6.74999949362879 0 -2.165063217108064
353 -6.499999812511559 0 -2.598076103107425
354 -6.249999884356873 0 -2.165063442695208
355 -5.999999949478385 0 -2.59807618218544
356 -5.749999972306 0 -2.16506349347286
357 -5.499999986964366 0 -2.598076203828207
358 -5.249999993211856 0 -2.165063505543112
359 -4.999999996696346 0 -2.598076209447191
360 -4.749999998318103 0 -2.165063508491328
361 -4.499999999169368 0 -2.598076210875121
362 -4.249999999581278 0 -2.165063509220751
363 -3.999999999792048 0 -2.598076211234764
364 -3.749999999895643 0 -2.165063509402485
365 -3.499999999948218 0 -2.598076211325112
366 -3.249999999974091 0 -2.165063509448086
367 -2.999999999987317 0 -2.598076211347888
368 -2.749999999993581 0 -2.165063509459633
369 -2.499999999997067 0 -2.598076211353751
370 -2.24999999999842 0 -2.165063509462584
371 -7.249999681622957 0 -3.031088729430745
372 -7.749999731653742 0 -3.031088758315813
373 -5.749999989407609 0 -3.03108890713094
374 -4.249999999827375 0 -3.031088913147332
375 -3.249999999989702 0 -3.031088913241383
376 -1.999999999999441 0 -2.598076211355352
377 -2.249999999999778 0 -3.03108891324765
378 -3.499999999978116 0 -1.732050807558606
379 -4.999999998588025 0 -1.732050806754737
380 -6.499999896330955 0 -1.732050747716042
381 -1.750000000000072 0 -3.031088913248072
382 -7.499999974546007 0 -3.46410160044205
383 -8.249995312254814 0 -2.165060802989974
384 -1.749999999999707 0 -2.1650635094634
385 -1.999999999999547 0 -1.732050807571214
386 -7.999999951034008 0 -3.464101586867188
387 -6.999999942695387 0 -3.464101582053277
388 -2.000000000000411 0 -3.464101615140413
389 -1.500000000000015 0 -1.732050807571508
390 -1.500000000000276 0 -3.464101615140668
391 -7.249993080634047 0 -1.29903411077914
392 -2.500000000000544 0 -3.464101615140214
393 -8.249999947115233 0 -3.03108888271233
394 -8.52232908239456 0 -3.470084669480652
395 -1.246255504293296 0 -2.166523139815176
396 -8.749893066436272 0 -1.298976367554459
397 -7.249999986207598 0 -3.880642970687116
398 -2.250000000000827 0 -3.897114317032759
399 -1.258575331024664 0 -3.026080850579043
400 -8.750000000001135 0 -3.031088913245639
401 -1.749999999999913 0 -1.29903810567891
402 -1.250000000000011 0 -1.299038105679377
403 -2.249999999999978 0 -1.299038105678875
404 -6.749999996916286 0 -3.887857079549023
405 -6.49999998993578 0 -3.462558736710887
406 -6.24999999943033 0 -3.888135743059445
407 -2.750000000000931 0 -3.897114317032558
408 -8.241373323192075 0 -3.874636226395842
409 -8.750000000001403 0 -3.897114317030471
410 -0.9284605030096886 0 -3.482471586911837
411 -1.255109353117176 0 -3.892514868819823
412 -1.500000000000047 0 -0.8660254037859311
413 -1.00322292788299 0 -0.8641646455055413
414 -0.7554051547970326 0 -1.292779660506071
415 -0.4612753634718231 0 -0.8135454088578229
416 -1.253760082530081 0 -0.430841817232146
417 -2.000000000000233 0 -0.8660254037854466
418 -2.500000000000435 0 -0.866025403786729
419 -2.749999999999932 0 -1.299038105679627
420 -3.000000000000335 0 -0.8660254037870827
421 -3.250000000000677 0 -0.4330127018943928
422 -3.500000000000014 0 -0.8660254037859852
423 -0.4330127018928422 0 -3.249999999997412
424 -9.572305031479123 0 -3.237703988581759
425 -9.079943790886922 0 -3.482991248697155
426 -2.999999999998915 0 -3.464101615139042
427 -3.250000000000971 0 -3.897114317032352
428 -3.499999999998656 0 -3.464101615138694
429 -3.750000000000988 0 -3.897114317032168
430 -3.999999999971564 0 -3.46410161512287
431 -4.249999999996111 0 -3.880642978649002
432 -4.499999999966255 0 -3.461356392056286
433 -4.737651817614407 0 -3.886782330366311
434 -4.997941969597294 0 -3.461922080181316
435 -5.235250782155763 0 -3.871553801780961
436 -4.473245604842234 0 -4.260275657179648
437 -4.749656994209539 0 -3.030268119825735
438 -5.500000000000858 0 -3.464101615139303
439 -0.9876899329110684 0 -1.734935334272498
440 -0.7453266779624184 0 -2.19613032956323
441 -0.9997834767535549 0 -2.603010740744944
442 -7.499978537684651 0 -0.866013012511033
443 -6.999995269719737 0 -0.8660226727561483
444 -6.749999211619928 0 -0.4330122467209126
445 -6.499999080223175 0 -0.8660248727513851
446 -6.749997887818006 0 -1.299036886208189
447 -6.249999477395269 0 -1.299037803951233
448 -5.999999871731498 0 -1.732050733513793
449 -5.749999891520877 0 -1.29903804304709
450 -5.999999815373545 0 -0.8660252971908952
451 -5.499999965106168 0 -0.8660253836392567
452 -5.249999994184231 0 -0.4330126985347885
453 -4.999999993214502 0 -0.8660253998675951
454 -5.249999974738138 0 -1.299038091092603
455 -4.749999994422967 0 -1.29903810245797
456 -4.499999998484894 0 -1.732050806695481
457 -4.249999998817539 0 -1.299038104995252
458 -1.750000000000699 0 -3.89711431703298
459 -2.250000000000117 0 -0.4330127018929255
460 -7.749981501985042 0 -0.4330020220583373
461 -6.749999801367474 0 -3.030831653129335
462 -6.249999923783603 0 -3.030788866233829
463 -7.736214023450369 0 -3.883493510618609
464 -7.473005970183579 0 -4.259727519227677
465 -6.999996458550115 0 -1.732048762912193
466 -8.499989636958983 0 -1.732044824464006
467 -8.74999749153622 0 -2.165062061198278
468 -6.249999999999992 0 -4.566987298107781
469 -5.749249988922499 0 -4.587212857475404
470 -3.249999999999986 0 -4.566987298107781
471 -8.996132569434758 0 -0.8637925417062982
472 -9.242965350519867 0 -1.2921921015947
473 -9.006591417206657 0 -1.732607725538012
474 -9.248827216785081 0 -2.186268385867804
475 -3.74999999992126 0 -3.031088913201692
476 -2.249999999999983 0 -4.566987298107785
477 -1.270499424789031 0 -4.59226874986626
478 -8.997446997486939 0 -2.604240057874287
479 -1.500000000000219 0 -2.598076211355893
480 -8.72803055349892 0 -4.599218775774905
481 -5.2500000000006 0 -3.031088913247163
482 -5.499999950349398 0 -1.732050778904032
483 -6.249999885034978 0 -0.4330126355172269
484 -2.749999999995554 0 -3.031088913244988
485 -5.999999983759857 0 -3.462298030884301
486 -7.999999293535487 0 -2.598075803475815
487 -5.748244138732034 0 -3.869436329390406
488 -4.749999999453131 0 -0.4330127015766145
489 -4.49999999880085 0 -0.8660254030931918
490 -3.999999999459503 0 -1.732050807258655
491 -8.499573173654971 0 -2.59910275358272
492 -9.53839977976188 0 -0.8134083141842525
493 -2.499999999998585 0 -1.732050807570564
494 -2.999999999995246 0 -1.732050807568712
495 -3.750000000000032 0 -0.4330127018926185
496 -3.249999999995531 0 -1.299038105676561
497 -3.749999999708387 0 -1.299038105509701
498 -3.999999999883741 0 -0.8660254037167705
499 -0.3994591294124876 0 -4.232576995093582
500 -9.604262387149129 0 -4.23357417245068
501 -0.8098836109191575 0 -3.999171452586157
502 -9.190116389081441 0 -3.99917145258613
503 -9.196152422706357 0 -2.999999999999165
504 -0.8041263884057909 0 -3.001040537232751
505 -7.244965272832567 0 -4.622360387872101
506 -4.245005211942345 0 -4.62245174419763
507 -7.990295531092459 0 -4.2540684742935
508 -4.989554679056845 0 -4.254194229807838
509 -9.661857195051022 0 -2.24999999999586
510 -9.665206707126444 0 -1.255097246184644
511 -6.499464277193074 0 -4.230608401317297
512 -8.493713687080264 0 -4.23523833399995
513 -5.999493067379653 0 -4.229071906153402
514 -0.332975001386918 0 -1.264532009979103
515 -5.493828754329247 0 -4.236692763028355
516 -3.499999999999984 0 -4.232050807570435
517 -3.000000000000478 0 -4.232050807570119
518 -2.500000000000365 0 -4.232050807570274
519 -2.000000000000149 0 -4.232050807570511
520 -1.499999999999987 0 -4.232050807570699
521 -7.741574440639554 0 -4.624140639159195
522 -4.741497560928348 0 -4.624268180791205
523 -7.00000000000105 0 -4.231298988642792
524 -4.000000000001112 0 -4.231298988643379
525 -0.329171909987539 0 -2.237079349130097
526 -9.633974596215491 0 -0.3660254037843926
527 -0.3660254037845037 0 -0.3660254037843961
528 -0.3660254037843046 0 -4.633974596215491
529 -9.63397459621569 0 -4.633974596215492
530 -8.884726829305485 0 -4.24533829721126
531 -1.114895030478154 0 -4.243233011418926
532 -9.386913388097311 0 -2.433358458705277
533 -9.12313710713601 0 -2.395254221871046
534 -9.26122327844824 0 -2.642344294708519
535 -0.6860429959172037 0 -3.61113196136267
536 -0.6807366024512654 0 -3.366235793454624
537 -0.4383190953587806 0 -3.494896167905457
538 -8.636164541197846 0 -3.250586791363146
539 -8.801136436640741 0 -3.476537959088904
540 -8.91497189544403 0 -3.257040080971397
541 -0.6077314413892617 0 -2.438989310506462
542 -0.73495984078483 0 -2.642429516097319
543 -0.8725550773579867 0 -2.399570535154087
544 -9.593428377230282 0 -2.465224265769305
545 -9.455342205918051 0 -2.218134192931832
546 -8.636164541197981 0 -3.683599493255562
547 -8.914971895444163 0 -3.690052782863813
548 -0.6267545498719382 0 -3.86948189419983
549 -0.869172056964423 0 -3.740821519748997
550 -0.5372492939749787 0 -2.216604839346664
551 -0.399654057401822 0 -2.459463820289896
552 -0.2306376817359115 0 -0.9067727044281182
553 -0.2306376817359115 0 -0.6567727044287088
554 -9.769199889880941 0 -0.6567041570919236
555 -9.769199889880941 0 -0.906704157091333
556 -9.394834154153745 0 -1.517249795275374
557 -9.124778383863262 0 -1.512399913566356
558 -9.27664718749714 0 -1.73745760724703
559 -0.5998383325775147 0 -1.519089330498124
560 -0.7159807216345326 0 -1.740167167381337
561 -0.8715475438540505 0 -1.513857497389285
562 -0.4136503836281634 0 -0.5897854063211094
563 -0.1830127018922519 0 -0.4330127018919954
564 -9.816987298107746 0 -0.4330127018919936
565 -9.586187187988685 0 -0.5897168589843226
566 -0.5947990941602076 0 -1.970764665026703
567 -0.8665083054367434 0 -1.965532831917864
568 -9.138048106796639 0 -3.24149562434816
569 -8.973076211353746 0 -3.015544456622402
570 -0.8662934457077398 0 -3.241756062072294
571 -0.6185695451493165 0 -3.125520268615081
572 -9.127709316995869 0 -1.959438055702908
573 -9.397765087286352 0 -1.964287937411926
574 -1.091784928063432 0 -3.68749322786583
575 -1.032496482018167 0 -3.94584316070299
576 -5.112402730606304 0 -4.062874015794399
577 -5.241691716693046 0 -4.245443496418096
578 -5.364539768242505 0 -4.054123282404658
579 -8.115834427142268 0 -4.064352350344671
580 -8.242004609086361 0 -4.244653404146725
581 -8.367543505136169 0 -4.054937280197896
582 -4.372502605971166 0 -4.811225872098815
583 -4.620748780464168 0 -4.812134090395602
584 -4.493251386435347 0 -4.623359962494417
585 -7.372482636416281 0 -4.811180193936051
586 -7.620787220319775 0 -4.812070319579597
587 -7.49326985673606 0 -4.623250513515648
588 -9.096799710096647 0 -2.802120028936726
589 -9.360575991057949 0 -2.840224265770958
590 -1.116972718602182 0 -1.950729237043837
591 -0.9957910911278571 0 -2.181326734689203
592 -0.6371312966109479 0 -2.841444414341223
593 -0.901954932579673 0 -2.802025638988847
594 -0.5883397011796161 0 -4.377550290521095
595 -0.7935519419329511 0 -4.260847519267382
596 -0.6046713701658226 0 -4.115874223839869
597 -9.413521057101164 0 -4.378048879199569
598 -9.397189388115285 0 -4.116372812518405
599 -9.20644805806732 0 -4.260847519267294
600 -1.123019490523425 0 -2.38476694028006
601 -8.970058194541423 0 -3.9481428848083
602 -9.135030089984181 0 -3.741081350641642
603 -9.605954832457034 0 -1.498702367570345
604 -9.454086028823156 0 -1.273644673889672
605 -0.5441900780919753 0 -1.278655835242587
606 -0.3886232558724574 0 -1.50496550523464
607 -1.249891738376887 0 -2.600543476050419
608 -1.373127752146758 0 -2.382299675585535
609 -1.129179403889109 0 -2.814545795661993
610 -1.379287665512441 0 -2.812078530967468
611 -4.359125408392289 0 -4.441363700688639
612 -4.607371582885291 0 -4.442271918985426
613 -7.358985621508073 0 -4.441043953549888
614 -7.607290205411567 0 -4.441934079193436
615 -5.115367274392767 0 -4.431440841684978
616 -5.367504312028968 0 -4.422690108295237
617 -8.115737700410598 0 -4.431377963927696
618 -8.367446778404499 0 -4.421962893780921
619 -0.8862802475902196 0 -0.6430063988570729
620 -0.6153064653846361 0 -0.6176967805332136
621 -0.7322491456774065 0 -0.8388550271816821
622 -1.128491505206536 0 -0.6475032313688436
623 -1.011548824913765 0 -0.4263449847203752
624 -2.625000000000402 0 -0.6495190528402468
625 -2.750000000000385 0 -0.8660254037869058
626 -2.875000000000353 0 -0.6495190528404237
627 -1.251611463941519 0 -0.8650950246457362
628 -1.376880041265064 0 -0.6484336105090385
629 -3.125000000000506 0 -0.6495190528407377
630 -3.000000000000523 0 -0.4330127018940787
631 -1.625000000000034 0 -0.6495190528393651
632 -1.501880041265051 0 -0.4319272595624726
633 -3.999999999262963 0 -1.299038105252476
634 -4.12499999935064 0 -1.082531754356011
635 -3.874999999796064 0 -1.082531754613236
636 -3.125000000000331 0 -0.2165063509471964
637 -3.375000000000332 0 -0.2165063509471964
638 -2.500000000000243 0 -0.4330127018933451
639 -2.375000000000276 0 -0.6495190528398272
640 -1.75000000000014 0 -0.8660254037856888
641 -1.875000000000127 0 -0.6495190528391228
642 -1.999999999999945 0 -1.299038105678892
643 -2.125000000000106 0 -1.082531754732161
644 -1.875000000000073 0 -1.082531754732178
645 -2.875000000000178 0 -0.2165063509468823
646 -4.874999996333816 0 -0.6495190507221048
647 -4.62499999912699 0 -0.6495190523349031
648 -4.749999996007675 0 -0.8660254014803934
649 -1.62499999999998 0 -1.08253175473242
650 -2.250000000000334 0 -0.8660254037860877
651 -2.125000000000175 0 -0.6495190528391861
652 -3.375000000000346 0 -0.6495190528401891
653 -3.625000000000023 0 -0.6495190528393019
654 -3.500000000000354 0 -0.4330127018935056
655 -2.375000000000207 0 -1.082531754732802
656 -4.874999996505496 0 -1.515544454606354
657 -4.62499999645393 0 -1.515544454576725
658 -4.74999999853646 0 -1.732050806725109
659 -5.499999933129508 0 -1.299038067069846
660 -5.374999962543768 0 -1.515544434998318
661 -5.624999920935138 0 -1.515544410975561
662 -5.124999986663081 0 -1.51554444892367
663 -4.999999984580553 0 -1.299038096775286
664 -3.62500000000001 0 -0.2165063509463092
665 -4.499999999726522 0 -0.4330127017344003
666 -4.374999999400382 0 -0.6495190524926889
667 -3.250000000000175 0 -0.866025403786534
668 -5.624999982552994 0 -0.6495190427658809
669 -5.499999997092026 0 -0.4330127002136468
670 -5.374999979645199 0 -0.6495190410870226
671 -3.624999999854201 0 -1.082531754647843
672 -3.749999999941878 0 -0.8660254037513779
673 -6.24999944779836 0 -0.8660250849711402
674 -6.374999482629076 0 -0.6495187541343059
675 -6.124999850204262 0 -0.649518966354061
676 -5.874999907686682 0 -0.6495189995417001
677 -5.749999890239857 0 -0.866025340415076
678 -5.249999974468711 0 -1.732050792829384
679 -4.874999993818735 0 -1.082531751162783
680 -4.624999996611908 0 -1.082531752775581
681 -4.49999999894969 0 -2.165063508856039
682 -4.624999998401498 0 -1.948557157593405
683 -4.374999999033086 0 -1.948557157958116
684 -4.874999998453063 0 -1.948557157623032
685 -5.999999942517398 0 -0.433012668704866
686 -5.12499999709211 0 -0.2165063492673943
687 -5.374999997092111 0 -0.2165063492673943
688 -2.000000000000069 0 -0.4330127018928623
689 -5.624999999999905 0 -0.2165063509462525
690 -6.374999686863112 0 -1.515544275833637
691 -6.124999674563384 0 -1.515544268732513
692 -6.249999884031227 0 -1.732050740614917
693 -6.624998892074481 0 -1.515543816962115
694 -6.499998682606638 0 -1.299037345079711
695 -5.999999928331436 0 -2.165063468084034
696 -6.124999878044186 0 -1.9485570881045
697 -5.874999922018749 0 -1.948557113493326
698 -5.624999928313523 0 -1.082531713343173
699 -5.374999969922153 0 -1.08253173736593
700 -4.12499999989947 0 -3.247595264135101
701 -3.999999999874317 0 -3.031088913174512
702 -3.874999999946412 0 -3.247595264162281
703 -3.74999999998511 0 -3.464101615130782
704 -3.624999999959958 0 -3.247595264170193
705 -4.24999999996891 0 -3.462729003589578
706 -4.374999999896815 0 -3.246222652601809
707 -3.374999999994179 0 -3.247595264190038
708 -3.499999999955481 0 -3.031088913221538
709 -3.124999999994309 0 -3.247595264190212
710 -3.249999999998786 0 -3.464101615138868
711 -3.999999999738461 0 -2.165063509311618
712 -4.124999999520391 0 -1.948557158239703
713 -3.874999999677573 0 -1.94855715833057
714 -4.624828497087897 0 -3.245812255941011
715 -4.499828497018457 0 -3.030678516486534
716 -4.249999998972198 0 -1.732050806977068
717 -4.499999996620253 0 -1.299038103726611
718 -4.374999998651216 0 -1.515544455845367
719 -5.249999991830355 0 -2.598076206637699
720 -5.124999998348473 0 -2.814582561347177
721 -5.374999993482483 0 -2.814582558537685
722 -2.499999999999955 0 -1.299038105679251
723 -2.625000000000184 0 -1.082531754733178
724 -7.374989268842318 0 -0.6495128572016791
725 -7.124997634859861 0 -0.6495176873242366
726 -7.249986903702194 0 -0.8660178426335907
727 -9.575504321011788 0 -3.491739694269016
728 -9.326124411183024 0 -3.360347618639457
729 -9.329323700715687 0 -3.614383324326714
730 -6.62499960580996 0 -0.2165061233604563
731 -6.874999605809961 0 -0.2165061233604563
732 -0.8793140413400113 0 -1.078472153005806
733 -0.6083402591344278 0 -1.053162534681947
734 -6.999999605809956 0 -0.4330124743066188
735 -6.874997240669833 0 -0.6495174597385305
736 -6.374999890343914 0 -1.948557095205625
737 -0.8846687836487201 0 -0.2109240761043022
738 -1.126880041265036 0 -0.215420908616073
739 -2.74999999999973 0 -3.464101615139628
740 -2.874999999997234 0 -3.247595264192015
741 -2.624999999998049 0 -3.247595264192601
742 -2.999999999992628 0 -3.031088913243186
743 -4.374999998809194 0 -1.082531754044222
744 -4.249999999342295 0 -0.8660254034049811
745 -2.125000000000049 0 -0.2165063509464628
746 -2.375000000000051 0 -0.2165063509464628
747 -6.749998177440535 0 -1.732049755314117
748 -6.87499717318406 0 -1.515542824560191
749 -7.624980019834847 0 -0.6495075172846851
750 -7.499990750992513 0 -0.4330073619753312
751 -7.124999999999989 0 -0.2165063509461625
752 -9.789351805272226 0 -3.622887699977
753 -9.786152515739563 0 -3.368851994289743
754 -0.2350681024080525 0 -2.84092414572333
755 -0.2165063509464211 0 -3.124999999997189
756 -0.4515744533544737 0 -2.965924145723553
757 -4.874828495452942 0 -2.814172164636463
758 -4.999828497105069 0 -3.030678516536449
759 -7.749944505955122 0 -0.865993364282749
760 -7.874945988105318 0 -0.6494878690564011
761 -8.375000000000018 0 -0.2165063509461005
762 -8.498388536058574 0 -0.4320823227517824
763 -8.623388536058552 0 -0.2155759718056818
764 -6.999995484226027 0 -1.299035498493665
765 -7.124994769592081 0 -1.515541436845667
766 -4.749999997932857 0 -2.598076210161156
767 -4.624828496689453 0 -2.814172165350428
768 -5.124999993699366 0 -0.6495190492011917
769 -5.249999979160335 0 -0.866025391753426
770 -5.874999881626188 0 -1.515544388280441
771 -5.749999911040448 0 -1.732050756208912
772 -4.374999999498372 0 -2.814582562011227
773 -6.374999278809222 0 -1.082531338351309
774 -6.124999646384407 0 -1.082531550571064
775 -9.115331216351251 0 -0.2109240761037383
776 -9.365331216351251 0 -0.2109240761037383
777 -0.6346687836487228 0 -0.2109240761043022
778 -3.124999999997933 0 -1.082531754731822
779 -3.374999999997772 0 -1.082531754731273
780 -1.875000000000002 0 -0.2165063509463996
781 -6.624999145921551 0 -0.6495185597361488
782 -6.499999548327453 0 -0.4330124411190698
783 -5.624999994704234 0 -3.247595261135122
784 -5.749999991880358 0 -3.463199823011802
785 -5.874999986583733 0 -3.246693469007621
786 -2.624999999996083 0 -1.948557158515098
787 -2.874999999994413 0 -1.948557158514173
788 -2.749999999996915 0 -1.732050807569638
789 -8.873388536058552 0 -0.2155759718056818
790 -8.988719752409807 0 -0.4265000479094201
791 -8.87372224451158 0 -2.384651059536282
792 -8.624785332595597 0 -2.382082407390499
793 -8.748510085570956 0 -2.601671405728504
794 -4.748970984781774 0 -3.461639236118801
795 -4.873799481903417 0 -3.246095100003526
796 -2.625000000000177 0 -0.2165063509468823
797 -5.624999961327699 0 -1.948557136188446
798 -0.2218127444123595 0 -3.619896167905615
799 -0.2165063509464211 0 -3.37499999999757
800 -5.624999988185987 0 -2.814582555479574
801 -5.499999994704105 0 -3.031088910189052
802 -1.999999999999063 0 -2.165063509462992
803 -2.124999999998983 0 -1.948557158516899
804 -1.874999999999627 0 -1.948557158517307
805 -0.2350681024080525 0 -2.590924145722949
806 -6.999998536980911 0 -2.16506266478704
807 -7.124997019441573 0 -1.948555437689104
808 -6.874997976089452 0 -1.948555990010128
809 -1.625000000000004 0 -0.2165063509463996
810 -1.376880041265034 0 -0.215420908616073
811 -5.999999684458073 0 -1.299037923499161
812 -5.375000000000729 0 -3.247595264193233
813 -5.999999956595606 0 -3.030938886682384
814 -6.124999953771731 0 -3.246543448559065
815 -8.878294454371439 0 -1.948834893368145
816 -8.999412354160651 0 -2.175665223533041
817 -9.76249977970477 0 -2.590224265769478
818 -9.76249977970477 0 -2.840224265769859
819 -1.126611463941501 0 -1.081601375592459
820 -1.002702577398522 0 -1.295908883092724
821 -0.2218127444123595 0 -3.869896167905996
822 -8.374731422676513 0 -0.649363989648216
823 -8.623119958735046 0 -0.6484336105077972
824 -9.548652295444331 0 -2.959076260062255
825 -9.786152515739563 0 -3.118851994289362
826 -9.789351805272226 0 -3.872887699977381
827 -7.124994175176893 0 -1.082528391767644
828 -6.874996578768872 0 -1.082529779482169
829 -1.749999999999781 0 -1.732050807571361
830 -1.624999999999861 0 -1.948557158517454
831 -4.999999996818681 0 -0.4330127000557015
832 -4.87499999972656 0 -0.2165063507883072
833 -6.374999942517485 0 -0.2165063177586135
834 -2.125000000000094 0 -3.247595264194032
835 -2.250000000000477 0 -3.464101615140314
836 -2.375000000000161 0 -3.247595264193932
837 -8.871454820775933 0 -0.6474722426588309
838 -9.113397501068633 0 -0.6428203469568874
839 -8.124955237112818 0 -0.649493208973333
840 -7.999990750992541 0 -0.4330073619752692
841 -1.624999999999964 0 -1.515544456625209
842 -1.499999999999962 0 -1.299038105679144
843 -1.375000000000013 0 -1.515544456625443
844 -1.375000000000029 0 -1.082531754732654
845 -6.624999694979873 0 -1.948556982412053
846 -3.499999999851959 0 -1.299038105593131
847 -2.375000000000686 0 -3.680607966086487
848 -2.500000000000879 0 -3.897114317032659
849 -2.625000000000737 0 -3.680607966086386
850 -1.377554676558726 0 -3.678308241980246
851 -1.502554676558937 0 -3.894814592926402
852 -1.625000000000488 0 -3.680607966086824
853 -6.749997174971456 0 -0.8660237727537667
854 -8.624993564247601 0 -1.948553442831142
855 -8.75329052708282 0 -1.732326275001009
856 -7.374994196444446 0 -1.948553807830864
857 -7.249993635552987 0 -1.732047133053952
858 -6.249999880994972 0 -2.598076142646432
859 -6.124999936630994 0 -2.814432524209634
860 -6.374999868147581 0 -2.814432484670627
861 -8.873012817935514 0 -1.081384454630379
862 -8.996429208478069 0 -1.29558423457458
863 -9.119548959977312 0 -1.077992321650499
864 -2.874999999999923 0 -3.6806079660858
865 -1.11884496645554 0 -1.516986719975937
866 -6.749999596975053 0 -2.59807597866726
867 -6.624999806939517 0 -2.81445387811838
868 -6.87499959140301 0 -2.814453753678215
869 -5.874999969442997 0 -2.81458254465819
870 -2.875000000000133 0 -1.082531754733355
871 -7.874939072736945 0 -1.082496578358851
872 -7.624973104466473 0 -1.082516226587135
873 -2.124999999998931 0 -2.381569860408968
874 -1.874999999999574 0 -2.381569860409376
875 -2.125000000000619 0 -3.680607966086586
876 -6.499999862575539 0 -3.030810259681582
877 -5.12499998397632 0 -1.082531745480099
878 -2.499999999997666 0 -3.031088913246319
879 -7.624979241902079 0 -1.515532471929474
880 -7.499980375941172 0 -1.299026775721189
881 -7.374991946594953 0 -1.515539806987426
882 -3.000000000000951 0 -3.897114317032455
883 -3.124999999999943 0 -3.680607966085697
884 -7.374985809159349 0 -1.082523561645087
885 -8.873723498744038 0 -2.817664485559963
886 -8.624786586828053 0 -2.81509583341418
887 -1.87499999999973 0 -1.515544456625062
888 -5.874999853447211 0 -1.082531670118993
889 -7.493107004828984 0 -3.882068240652862
890 -7.361502978195588 0 -4.070185244957396
891 -7.604609996816974 0 -4.071610514923143
892 -7.624992740998245 0 -1.948552967528499
893 -7.499996124886831 0 -2.165061272163652
894 -8.125000000000018 0 -0.2165063509461005
895 -7.374999999999989 0 -0.2165063509461625
896 -7.624990750992518 0 -0.2165010110291687
897 -8.374679199308165 0 -1.082346540364606
898 -8.499894309849807 0 -1.29897708543972
899 -8.624677955894629 0 -1.082345822479345
900 -5.123970984798947 0 -3.246505496714239
901 -7.124999531530752 0 -2.81458229182892
902 -6.999999741495215 0 -3.03096019128004
903 -7.374999828084482 0 -3.247595164936397
904 -7.124999812159173 0 -3.247595155742011
905 -7.249999958620697 0 -3.464101591247664
906 -7.874990750992518 0 -0.2165010110291687
907 -7.124999964451493 0 -3.672372276370196
908 -6.874999969805836 0 -3.67597933080115
909 -6.999999991561943 0 -3.884250025118069
910 -7.12499848088579 0 -2.381568983346555
911 -6.874999437533669 0 -2.381569535667579
912 -7.374998144314546 0 -2.381568789026949
913 -7.249999044867303 0 -2.598075659907489
914 -3.374999999999813 0 -3.680607966085523
915 -2.624999999995324 0 -2.381569860406692
916 -2.499999999996001 0 -2.165063509461109
917 -2.374999999997743 0 -2.381569860408168
918 -6.624999653070175 0 -2.381569660107744
919 -7.374999980376803 0 -3.672372285564583
920 -7.618106998998188 0 -3.67379755553033
921 -6.499999688992832 0 -2.165063329901636
922 -6.374999848434216 0 -2.381569772901317
923 -6.124999916917629 0 -2.381569812440324
924 -7.624996688868344 0 -2.381567948724586
925 -6.749999966315584 0 -3.463330159382082
926 -6.624999993426034 0 -3.675207908129955
927 -6.62499848402059 0 -1.082530879479787
928 -3.50000000000098 0 -3.89711431703226
929 -3.624999999999822 0 -3.680607966085431
930 -6.374999994683055 0 -3.675347239885166
931 -6.499999998173308 0 -3.887996411304234
932 -1.243844966455542 0 -1.733493070922003
933 -7.374999194959508 0 -2.814582097509314
934 -7.749984008320727 0 -1.73204157476861
935 -7.874985936763112 0 -1.948549039101399
936 -5.874999960892192 0 -2.38156983782915
937 -6.874999872031431 0 -3.247466617591306
938 -3.874999999986276 0 -3.680607966077519
939 -5.624999979635183 0 -2.381569848650534
940 -5.749999968221376 0 -2.598076193006824
941 -7.874972437666946 0 -1.515528543502374
942 -5.1249999949541 0 -2.381569857495152
943 -4.999999995764979 0 -2.16506350701722
944 -4.874999997507224 0 -2.38156985896926
945 -5.499999982758927 0 -2.165063499507986
946 -5.374999990088111 0 -2.38156985468566
947 -4.624999998743736 0 -2.381569859683225
948 -3.99999999999855 0 -3.888878647840585
949 -4.124999999983837 0 -3.672372296885936
950 -3.62499999993688 0 -1.948557158480546
951 -3.74999999971881 0 -1.73205080740863
952 -8.374942595111163 0 -1.515511313894494
953 -8.624941351697627 0 -1.515510596009233
954 -3.124999999980704 0 -2.381569860397987
955 -2.999999999983836 0 -2.16506350945386
956 -2.874999999990449 0 -2.381569860403761
957 -3.499999999934867 0 -2.165063509425285
958 -3.374999999976104 0 -1.948557158503346
959 -3.62499999992193 0 -2.381569860363799
960 -3.374999999961155 0 -2.381569860386599
961 -4.374999999375323 0 -2.381569860047936
962 -5.12499999589994 0 -1.948557156148925
963 -4.124999999686663 0 -2.381569860227757
964 -3.874999999843846 0 -2.381569860318625
965 -6.624999895651627 0 -3.246695194920111
966 -6.374999956859692 0 -3.246673801472358
967 -4.249999999480709 0 -2.598076211054943
968 -5.248970984799076 0 -3.46301184766031
969 -4.12499999999995 0 -0.2165063509460931
970 -4.37499999999995 0 -0.2165063509460931
971 -4.124999999809711 0 -2.814582562191048
972 -4.374999999981183 0 -3.670999685352644
973 -2.874999999999984 0 -4.78349364905389
974 -3.124999999999985 0 -4.783493649053891
975 -2.999999999999985 0 -4.566987298107779
976 -4.493825908805259 0 -3.883712654507657
977 -4.361622802419173 0 -4.070459317914325
978 -4.605448711228321 0 -4.073528993772979
979 -3.749999999870133 0 -2.598076211279938
980 -8.747797707393872 0 -0.8647539095552645
981 -4.618825908790331 0 -3.674069361211298
982 -3.873392833405379 0 -4.788660245487425
983 -3.623392833405379 0 -4.788660245487425
984 -2.624999999999984 0 -4.78349364905389
985 -5.874624994461245 0 -4.793606428737702
986 -5.624624994461245 0 -4.793606428737702
987 -3.374999999999987 0 -4.783493649053891
988 -1.214230251504982 0 -3.473286601026253
989 -4.867796893605851 0 -3.674352205273814
990 -4.986451299885085 0 -3.879168066073636
991 -5.116596375876528 0 -3.666737940981139
992 -3.498392833405378 0 -4.572153894541316
993 -5.874999999999906 0 -0.2165063509462525
994 -6.873392833405392 0 -4.788660245487394
995 -6.623392833405392 0 -4.788660245487394
996 -5.37058993486434 0 -4.80434372678106
997 -5.12058993486434 0 -4.80434372678106
998 -5.495214929325594 0 -4.597950155518761
999 -3.624999999934739 0 -2.814582562263402
1000 -3.874999999856654 0 -2.814582562218228
1001 -3.37499999996896 0 -2.814582562283247
1002 -1.999999999999925 0 -3.031088913247861
1003 -1.875000000000241 0 -3.247595264194242
1004 -6.374999999999993 0 -4.783493649053891
1005 -6.124999999999991 0 -4.783493649053891
1006 -5.624122069366447 0 -3.666768972264855
1007 -5.874122061245946 0 -3.665867180137353
1008 -6.498392833405391 0 -4.572153894541285
1009 -5.36762539107831 0 -3.667827708460132
1010 -6.124999991595094 0 -3.675216886971873
1011 -5.999122069081182 0 -3.878786036224926
1012 -3.249999999967767 0 -2.5980762113365
1013 -3.12499999998851 0 -2.814582562294635
1014 -7.499999706638349 0 -3.031088743873279
1015 -7.624999853099874 0 -3.247595179378932
1016 -5.999624994461246 0 -4.577100077791592
1017 -8.120686637113042 0 -3.669368906631515
1018 -7.868106987242188 0 -3.673797548742899
1019 -7.988793673321222 0 -3.879064868507225
1020 -8.261164516714285 0 -3.46709312817392
1021 -8.381851202793317 0 -3.672360447938247
1022 -2.374999999999984 0 -4.783493649053892
1023 -2.124999999999983 0 -4.783493649053892
1024 -2.499999999999984 0 -4.566987298107781
1025 -7.6249992199749 0 -2.814582111951848
1026 -5.374999971780626 0 -1.948557142223572
1027 -7.749999962790008 0 -3.464101593654619
1028 -6.249999986847818 0 -3.462428383797594
1029 -3.874999999941886 0 -0.6495190528046945
1030 -6.124999942517484 0 -0.2165063177586135
1031 -1.875000000000555 0 -3.680607966086697
1032 -2.000000000000763 0 -3.897114317032869
1033 -8.495686661596739 0 -3.885875271713156
1034 -8.878242241821464 0 -1.515792046546236
1035 -7.874999841343875 0 -3.247595172591501
1036 -2.124999999999762 0 -1.515544456625044
1037 -1.874999999999984 0 -4.783493649053893
1038 -1.624999999999986 0 -4.783493649053893
1039 -1.750000000000343 0 -3.464101615140541
1040 -2.874999999991435 0 -2.814582562296438
1041 -8.124903013744468 0 -1.082475759689723
1042 -7.99993161225582 0 -1.298998621994109
1043 -8.124986258170203 0 -1.948549224665742
1044 -8.374992474606898 0 -1.94855281372699
1045 -8.249983420522288 0 -1.732041235402758
1046 -7.749999000915773 0 -2.598075634531849
1047 -7.874996981488058 0 -2.381568117668551
1048 -1.625000000000174 0 -3.24759526419437
1049 -8.370589934864366 0 -4.804343726780946
1050 -8.120589934864366 0 -4.804343726780946
1051 -8.124936378674469 0 -1.515507724833245
1052 -1.373127752146655 0 -1.949286973693342
1053 -1.498127752146501 0 -2.165793324639288
1054 -2.749999999992192 0 -2.598076211350819
1055 -4.624999999726559 0 -0.2165063507883072
1056 -1.999999999999984 0 -4.566987298107785
1057 -9.390682565140875 0 -1.052800207889476
1058 -9.267266174598319 0 -0.8386004279452753
1059 -8.499996401895517 0 -2.165061432094126
1060 -7.999994990847721 0 -2.165060617425631
1061 -5.491747460443898 0 -3.870495065585684
1062 -8.24968665978929 0 -0.8658444967293479
1063 -7.874999512594615 0 -2.814582280895814
1064 -1.38524971239451 0 -4.79613437493313
1065 -1.135249712394511 0 -4.79613437493313
1066 -8.124999949074621 0 -3.247595234789759
1067 -7.999999839384488 0 -3.031088820514071
1068 -2.249999999998254 0 -2.598076211354551
1069 -2.124999999999609 0 -2.814582562301501
1070 -1.874999999999756 0 -2.814582562301712
1071 -1.504287665512368 0 -3.028584881913558
1072 -1.625000000000145 0 -2.814582562301982
1073 -8.864015276749459 0 -4.799609387887452
1074 -8.614015276749459 0 -4.799609387887452
1075 -1.624999999999963 0 -2.381569860409646
1076 -1.74999999999983 0 -2.598076211355623
1077 -9.384531106232192 0 -0.6176282331958646
1078 -8.124997302895151 0 -2.381568303232894
1079 -2.374999999998423 0 -2.814582562300701
1080 -2.624999999996311 0 -2.814582562299369
1081 -0.8886101364733678 0 -4.761261792974303
1082 -0.6386101364733705 0 -4.761261792974303
1083 -8.386164514754896 0 -3.250586776096491
1084 -9.3613898635266 0 -4.761261792974229
1085 -9.1113898635266 0 -4.761261792974229
1086 -1.37928766551247 0 -3.245091232859855
1087 -1.093517917017176 0 -3.25427621874544
1088 -1.510249712394508 0 -4.579628023987024
1089 -2.374999999998503 0 -1.948557158516574
1090 -8.12499962032536 0 -2.814582343094072
1091 -8.499999973558184 0 -3.031088897978985
1092 -2.624999999999258 0 -1.515544456625096
1093 -2.874999999997589 0 -1.515544456624169
1094 -4.124999999138521 0 -1.515544456126953
1095 -8.484605211613829 0 -4.603953114668398
1096 -1.023859848867888 0 -4.557396167907434
1097 -8.374784242954892 0 -2.382081778286347
1098 -8.97540514027606 0 -4.560871180861682
1099 -3.249999999986681 0 -1.732050807563659
1100 -3.124999999984668 0 -1.948557158508399
1101 -2.374999999999281 0 -1.51554445662472
1102 -3.87500000000001 0 -0.2165063509463092
1103 -8.374786560385102 0 -2.815095818147525
1104 -2.249999999999066 0 -1.732050807570889
1105 -8.249786233595229 0 -2.598589278529268
1106 -3.999999999999972 0 -0.4330127018924023
1107 -0.2221357551789984 0 -1.872699500242844
1108 -0.2221357551789984 0 -1.622699500243566
1109 -9.773351478893812 0 -1.621153744476501
1110 -9.773351478893812 0 -1.87115374447578
1111 -2.999999999997732 0 -1.299038105678094
1112 -3.874999999583945 0 -1.515544456384178
1113 -3.124999999995389 0 -1.515544456622636
1114 -3.374999999986824 0 -1.515544456617584
1115 -3.624999999843252 0 -1.515544456534153
1116 -4.124999999941827 0 -0.6495190528044783
1117 -9.037421609193462 0 -4.122254874898696
1118 -9.053753278179343 0 -4.383930941579859
1119 -0.9460576517124493 0 -4.382878298683766
1120 -0.9623893206986558 0 -4.121202232002542
1121 -9.802131193574564 0 -4.116787086224585
1122 -9.802131193574564 0 -4.366787086224963
1123 -0.1997295647062438 0 -4.366288497546414
1124 -0.1997295647062438 0 -4.116288497546035
1125 -9.604280076419322 0 -1.996153744475954
1126 -9.384409999812945 0 -3.872473426271202
1127 -0.3867217101727679 0 -1.991239174810136
1128 -9.38422872709274 0 -3.118851994290462
1129 -1.031350859715227 0 -3.013560693905897
1130 -0.4215423091186032 0 -3.986184665453542
1131 -9.591482998846789 0 -3.989674786203476
1132 -7.12248263641628 0 -4.811180193936051
1133 -4.122502605971166 0 -4.811225872098815
1134 -4.863603248335625 0 -4.070488280087075
1135 -7.863254777271414 0 -4.068780992456055
1136 -9.83092859752551 0 -2.374999999996033
1137 -9.83092859752551 0 -2.124999999995687
1138 -9.832603353563222 0 -1.377548623090799
1139 -0.166487500693459 0 -1.382266004988029
1140 -7.991377155184145 0 -4.616414046360543
1141 -7.870787220319775 0 -4.812070319579597
1142 -7.124999993104324 0 -4.055970979664954
1143 -7.236502985092315 0 -4.245513253935234
1144 -4.991338715328519 0 -4.616477817176662
1145 -4.870748780464169 0 -4.812134090395602
1146 -4.124999999998611 0 -4.055970983646191
1147 -4.236622802421673 0 -4.245787322911514
1148 -0.1645859549937695 0 -2.368539674563151
1149 -0.1645859549937695 0 -2.118539674562805
1150 -0.5676814855409764 0 -0.3939367779965003
1151 -9.816987298107746 0 -0.1830127018921963
1152 -0.1830127018922519 0 -0.183012701892198
1153 -0.4330127018922501 0 -0.183012701892198
1154 -9.566987298107744 0 -0.1830127018921963
1155 -9.432318514458998 0 -0.3939367779959346
1156 -0.1830127018921523 0 -4.816987298107746
1157 -0.1830127018921523 0 -4.566987298107367
1158 -9.816987298107845 0 -4.566987298107369
1159 -9.816987298107845 0 -4.816987298107746
1160 -0.4330127018921505 0 -4.816987298107746
1161 -9.566987298107843 0 -4.816987298107746
1162 -9.601803243444163 0 -1.034252780184448
1163 -9.832603353563222 0 -1.127548623091529
1164 -0.166487500693459 0 -1.132266004988758
1165 -0.3971251824293706 0 -1.039038709418463
1166 -8.806378691402202 0 -4.422278536493083
1167 -1.192697227633593 0 -4.417750880642593
1168 -7.122482636416809 0 -4.426829688257447
1169 -4.122502605971729 0 -4.426875366420504
1170 -7.865934985866007 0 -4.439104556726347
1171 -4.865526119992596 0 -4.439231205299521
1172 -6.995875469821678 0 -4.599840439423445
1173 -3.995895439376558 0 -4.59988611758624
1174 -7.731650750638019 0 -4.256897996760588
1175 -4.731400141949539 0 -4.257234943493742
1176 -6.623124972001932 0 -4.403964446146043
1177 -6.873392833405919 0 -4.40430973980879
1178 -6.749732138597063 0 -4.230953694980045
1179 -3.623392833405378 0 -4.404685649272643
1180 -3.873392833405942 0 -4.404309739809115
1181 -3.750000000000548 0 -4.231674898106907
1182 -2.375000000000174 0 -4.399519052839029
1183 -2.250000000000257 0 -4.232050807570392
1184 -2.125000000000066 0 -4.399519052839148
1185 -8.621856843540833 0 -4.066176325515211
1186 -2.375000000000596 0 -4.064582562301516
1187 -2.125000000000488 0 -4.064582562301635
1188 -6.374732138311702 0 -4.059372072188371
1189 -6.62473213705468 0 -4.05923274043316
1190 -6.124746533404991 0 -4.058603824606424
1191 -6.249478672286363 0 -4.229840153735349
1192 -5.873868603055843 0 -4.049254117771904
1193 -5.62103644653064 0 -4.053064546209381
1194 -5.74666091085445 0 -4.232882334590879
1195 -3.375000000000477 0 -4.064582562301394
1196 -3.625000000000486 0 -4.064582562301301
1197 -3.125000000000724 0 -4.064582562301235
1198 -3.250000000000231 0 -4.232050807570277
1199 -2.875000000000704 0 -4.064582562301339
1200 -6.374732138596533 0 -4.398797849712539
1201 -2.625000000000175 0 -4.399519052839026
1202 -6.124746533689823 0 -4.398029602130592
1203 -5.874371528151077 0 -4.408142381814403
1204 -8.610872120289592 0 -4.417228554887428
1205 -5.621539371625873 0 -4.411952810251879
1206 -1.875000000000424 0 -4.064582562301745
1207 -1.377554676558582 0 -4.062282838195261
1208 -1.625000000000343 0 -4.064582562301839
1209 -3.374999999999985 0 -4.399519052839108
1210 -1.750000000000068 0 -4.232050807570605
1211 -3.125000000000232 0 -4.399519052838951
1212 -2.875000000000231 0 -4.399519052838949
1213 -2.625000000000648 0 -4.064582562301416
1214 -1.875000000000067 0 -4.399519052839148
1215 -1.624999999999986 0 -4.399519052839242
1216 -1.385249712394509 0 -4.41215977871848
1217 -2.750000000000421 0 -4.232050807570197
1218 -6.874999998458668 0 -4.059578034095908
1219 -3.87500000000105 0 -4.064206652837774
1220 -9.619118491682411 0 -4.433774384333086
1221 -0.3827422665983961 0 -4.433275795654536
1222 -0.5716228383655246 0 -4.578249091082048
1223 -9.428377161634446 0 -4.578249091081975
1224 -1.185002191797665 0 -4.067873940119375
1225 -8.817363414653444 0 -4.071226307120866
1226 -8.689220258192876 0 -4.240288315605605
1227 -1.30744751523907 0 -4.237641909494813
1228 4.463539948721223 1.624595680792616 -0.4330127018909155
1229 2.584154707154785 0.9405553941432366 -0.433012701890916
1230 5.873078879902395 2.137625895781959 -0.4330127018931912
1231 3.523847327937734 1.282575537467828 -4.566987298108762
1232 6.812771500689414 2.479646039108032 -4.566987298108041
1233 4.933386259114546 1.795605752455585 -4.566987298107861
1234 0.3983276268069965 0.144979399643643 -2.734201453138081
1235 7.28261781108487 2.650656110771777 -0.4330127018932314
1236 8.955369278150496 3.259487854108786 -2.654549410134918
1237 2.114308396762767 0.7695453224807428 -4.566987298107865
1238 0.4068988406735068 0.1480990663625825 -1.749999999996234
1239 8.979447547949251 3.268251627608164 -1.745399000489682
1240 5.873078879901181 2.137625895781517 -4.566987298107935
1241 1.644462086371634 0.5985352508185714 -0.4330127018909277
1242 7.752464121477485 2.821666182434488 -4.566987298107962
1243 3.523847327937928 1.282575537467898 -0.433012701890973
1244 0.4233384882565215 0.1540826087446262 -3.797449336158931
1245 8.975804780527652 3.266925768696347 -3.793362827353753
1246 8.218470369703176 2.991278585770707 -0.4306533549338695
1247 1.178455838149142 0.4289228474835171 -4.569346645068179
1248 0.3897362948188797 0.1418524105272695 -0.7529661584955041
1249 8.971387697815187 3.265318082066718 -0.7959128095284853
1250 8.690165829945304 3.162961692937338 -4.576613977471215
1251 4.463539948721585 1.624595680792748 -4.566987298107874
1252 4.698463103918035 1.710100716624155 -4.133974596216037
1253 4.228616793525579 1.539090644961502 -4.13397459621616
1254 4.463539948721778 1.624595680792818 -3.700961894324327
1255 3.993693638329443 1.453585609130209 -3.700961894324259
1256 4.228616793525516 1.539090644961479 -3.26794919243268
1257 3.758770483133334 1.368080573298926 -3.267949192432681
1258 4.698463103917537 1.710100716623974 -3.267949192432794
1259 3.993693638329396 1.453585609130192 -2.834936490541262
1260 3.523847327937342 1.282575537467685 -2.834936490541241
1261 3.758770483133348 1.368080573298931 -2.401923788649903
1262 3.288924172741356 1.197070501636447 -2.401923788649924
1263 3.054001017545356 1.111565465805203 -2.834936490541194
1264 2.819077862349433 1.026060429973988 -2.401923788649906
1265 2.584154707153439 0.9405553941427466 -2.834936490541142
1266 2.349231551957502 0.8550503583115259 -2.401923788649847
1267 4.228616793525354 1.53909064496142 -2.401923788649863
1268 2.114308396761473 0.7695453224802719 -2.834936490541184
1269 1.879385241565525 0.6840402866490474 -2.401923788649783
1270 3.993693638329344 1.453585609130173 -1.968911086758511
1271 4.463539948721443 1.624595680792696 -1.968911086758498
1272 3.054001017545419 1.111565465805226 -1.968911086758618
1273 2.114308396761578 0.76954532248031 -1.968911086758525
1274 2.819077862349342 1.026060429973955 -3.267949192432323
1275 1.644462086369358 0.5985352508177432 -2.834936490541202
1276 1.644462086369645 0.5985352508178476 -1.968911086758395
1277 1.879385241565405 0.6840402866490038 -3.267949192432758
1278 1.409538931173115 0.5130302149864112 -3.267949192432804
1279 4.228616793525326 1.53909064496141 -1.535898384867123
1280 4.698463103917579 1.710100716623989 -1.535898384866935
1281 4.933386259113882 1.795605752455343 -1.968911086758701
1282 5.168309414310322 1.881110788286746 -1.535898384866685
1283 5.403232569506843 1.966615824118179 -1.968911086759042
1284 5.638155724703453 2.052120859949645 -1.535898384866521
1285 5.873078879900146 2.137625895781141 -1.968911086759183
1286 6.108002035096852 2.223130931612641 -1.535898384866415
1287 6.342925190293609 2.30863596744416 -1.968911086759182
1288 6.108002035096821 2.22313093161263 -2.40192378865197
1289 6.577848345490346 2.394141003275672 -2.401923788652017
1290 6.812771500687191 2.479646039107223 -1.968911086759251
1291 7.047694655883927 2.565151074938734 -2.401923788652083
1292 7.271014315218676 2.646432783663051 -1.976040313180108
1293 6.342925190293487 2.308635967444116 -2.834936490544762
1294 7.504247411830643 2.731322688475541 -2.410091392684153
1295 7.280402218672862 2.64984970108254 -2.836297757883585
1296 7.738519625195354 2.816590800855956 -2.843504035401956
1297 7.739358719874647 2.81689620634295 -2.046083836564917
1298 5.87307887990001 2.137625895781091 -2.834936490544699
1299 7.514847618163008 2.735180848057602 -3.269603994470434
1300 6.108002035096674 2.223130931612576 -3.267949192437406
1301 7.984614302605626 2.906161938244638 -3.269652916919469
1302 1.879385241565717 0.6840402866491173 -1.535898384867218
1303 1.409538931173811 0.5130302149866646 -1.535898384867057
1304 7.022553748183421 2.556000532873316 -1.567565774182401
1305 5.638155724702788 2.052120859949403 -3.267949192435934
1306 3.758770483133353 1.368080573298933 -1.535898384867225
1307 2.349231551957571 0.8550503583115511 -1.535898384867342
1308 6.577848345490142 2.394141003275597 -3.267949192437539
1309 3.523847327937315 1.282575537467675 -3.700961894324403
1310 1.644462086369364 0.5985352508177454 -3.700961894324428
1311 2.114308396761627 0.769545322480328 -3.70096189432445
1312 5.168309414310198 1.881110788286701 -2.401923788650962
1313 5.16830941431061 1.881110788286851 -4.133974596216142
1314 6.342925190293264 2.308635967444034 -3.7009618943302
1315 6.812771500686808 2.479646039107084 -3.700961894330367
1316 1.162066647910706 0.4229576700730001 -1.990438607522103
1317 3.993693638329219 1.453585609130128 -1.102885682975845
1318 2.114308396761743 0.7695453224803704 -1.10288568297608
1319 4.933386259113647 1.795605752455257 -1.102885682974774
1320 7.751553067777638 2.821334586005925 -3.70152164874768
1321 8.208067900272304 2.987492396535005 -3.692965728548435
1322 1.18824430294756 0.4324855573093035 -3.692588482061177
1323 8.200370731234285 2.984690856117051 -2.872155151761354
1324 1.171652860921033 0.4264467662680945 -2.842240237228688
1325 3.523847327937377 1.282575537467698 -1.102885682976013
1326 2.58415470715352 0.9405553941427761 -1.10288568297621
1327 5.873078879899927 2.137625895781061 -1.102885682973719
1328 6.339904705115079 2.307536600746133 -1.113218875840414
1329 0.8680414467968236 0.3159412487434132 -1.518460382193229
1330 1.179159089258199 0.4291788099544286 -1.107491412874028
1331 1.879385241566095 0.6840402866492549 -4.133974596216285
1332 2.34923155195798 0.8550503583117 -4.133974596215511
1333 2.584154707154366 0.9405553941430841 -4.566987298107852
1334 2.819077862349665 1.026060429974072 -4.133974596215173
1335 5.403232569506325 1.966615824117991 -2.834936490543039
1336 4.933386259112762 1.795605752454935 -0.4330127018909168
1337 5.403232569506079 1.966615824117901 -0.4330127018935157
1338 6.342925190295007 2.308635967444669 -4.566987298108506
1339 0.4728956801992482 0.1721199515055956 -3.265075731616182
1340 7.751824111117403 2.821433237713796 -0.4326194773999932
1341 7.98664059792089 2.906899449425228 -0.8655666418775342
1342 8.460013701470864 3.079193168819631 -0.8515109396391924
1343 8.234252833675956 2.997022932880177 -1.289413341582301
1344 7.754330075319575 2.822345334091523 -1.248194109180582
1345 8.695916715319667 3.165054844034283 -1.283568851480856
1346 8.485685654715354 3.088536995656099 -1.726683311472681
1347 8.710755676105745 3.170455784067859 -2.173821291572619
1348 8.232970491346302 2.996556198442044 -2.121581976536112
1349 7.517598021606249 2.736181913043164 -0.8481058784076243
1350 7.036100669245665 2.560931208905927 -0.8045332954330147
1351 6.342925190296404 2.308635967445178 -0.4330127018931903
1352 0.3957322975743161 0.1440347770548265 -2.247366908852791
1353 0.8503767251963424 0.3095118158842388 -2.461365276961227
1354 3.288924172741397 1.197070501636462 -1.535898384867334
1355 3.054001017545624 1.111565465805301 -1.102885682976141
1356 8.221978613151883 2.992555481960595 -4.568591744668926
1357 0.405798719767184 0.1476986550985871 -4.274423651409222
1358 6.812268499048736 2.479462961483038 -0.4260572606434938
1359 4.46353994872109 1.624595680792567 -1.102885682975662
1360 1.644462086369956 0.5985352508179607 -1.102885682975945
1361 2.819077862349512 1.026060429974017 -1.535898384867383
1362 3.52384732793737 1.282575537467695 -1.968911086758586
1363 3.993693638329556 1.45358560913025 -4.566987298108065
1364 3.993693638329534 1.453585609130242 -0.4330127018909938
1365 7.282617811082892 2.650656110771057 -4.566987298108446
1366 5.63815572470339 2.052120859949622 -2.401923788651482
1367 2.584154707153502 0.9405553941427696 -1.968911086758603
1368 3.054001017546368 1.111565465805572 -0.4330127018909656
1369 2.114308396763213 0.7695453224809052 -0.4330127018909218
1370 3.288924172741322 1.197070501636434 -3.2679491924325
1371 3.758770483133299 1.368080573298913 -4.133974596215866
1372 1.193509220626763 0.4344018306303954 -0.3979612844819276
1373 3.288924172741466 1.197070501636487 -4.133974596217476
1374 8.457233587064977 3.078181289928033 -3.267949192437858
1375 8.916931093974778 3.245497499209583 -3.251667935061104
1376 6.812402235285759 2.479511637492557 -2.83516336843461
1377 6.561551284148383 2.388209358041187 -1.550027708317695
1378 4.463539948721365 1.624595680792668 -2.834936490541306
1379 5.873078879899462 2.137625895780892 -3.700961894328475
1380 7.282017077445333 2.650437461608263 -3.701330987070137
1381 1.645102096732467 0.5987681955395365 -4.5673805226014
1382 1.412557031091007 0.5141287135205652 -4.133037789415079
1383 0.8746778351752859 0.3183566965762036 -4.099815814959933
1384 7.046994782126788 2.564896341723392 -3.268379197199653
1385 1.392067608055435 0.5066711734183286 -2.416635914610233
1386 0.4042630061402225 0.1471397010500161 -1.253571090113107
1387 2.349231551957462 0.8550503583115115 -3.267949192432341
1388 4.93338625911413 1.795605752455433 -3.700961894324394
1389 5.403232569506788 1.966615824118159 -1.102885682974164
1390 0.9396926207807386 0.3420201433237871 -3.26794919243277
1391 5.40323256950714 1.966615824118288 -4.566987298107972
1392 4.698463103917554 1.71010071662398 -2.401923788650124
1393 2.584154707153553 0.9405553941427881 -3.700961894323826
1394 3.054001017545444 1.111565465805235 -3.700961894324283
1395 3.05400101754598 1.111565465805431 -4.56698729810821
1396 4.933386259113431 1.795605752455179 -2.834936490541768
1397 5.168309414309873 1.881110788286583 -3.267949192433917
1398 5.403232569506166 1.966615824117933 -3.700961894325793
1399 8.528159959108825 3.103996378176484 -4.091673034595922
1400 5.638155724702528 2.052120859949308 -4.133974596216912
1401 6.108002035096343 2.223130931612456 -4.133974596217589
1402 6.577848345490191 2.394141003275616 -4.133974596217912
1403 7.047594533612 2.565114633411966 -4.134036111675369
1404 7.517272314677754 2.736063365416098 -4.134139656654478
1405 7.996582662744313 2.910518065088099 -4.125979851887234
1406 8.677742782930888 3.158440073605201 -0.410637904311115
1407 0.7325214553963268 0.2666160057256207 -0.4692717198846549
1408 0.7094245604624408 0.2582094234657123 -4.591941049919994
1409 9.005827283428628 3.277853066110473 -4.254378417716516
1410 0.7609014545521253 0.2769454806668312 -0.9999999999983087
1411 0.7419793187691043 0.2700583864730682 -1.995375882216679
1412 7.964092030987558 2.898692442236136 -2.460889133927955
1413 7.982419627672823 2.905363141895208 -1.668438386454632
1414 7.508715716225693 2.73294901827298 -1.617755415826937
1415 6.803429427211805 2.476245802435855 -1.167125517113134
1416 8.456386096379708 3.077872828544778 -2.524895974023878
1417 2.819077862350241 1.026060429974282 -0.7679491924334279
1418 3.288924172741952 1.197070501636664 -0.7679491924334135
1419 3.758770483133572 1.368080573299013 -0.7679491924334123
1420 4.22861679352524 1.539090644961379 -0.7679491924333617
1421 2.349231551958488 0.8550503583118849 -0.7679491924334122
1422 1.879385241566812 0.684040286649516 -0.7679491924333428
1423 1.409538931175842 0.5130302149874036 -0.7679491924327702
1424 4.698463103916958 1.710100716623763 -0.7679491924330205
1425 9.088120875360456 3.307805484044508 -1.264976132298879
1426 5.168309414309284 1.881110788286369 -0.7679491924330868
1427 5.638155724703515 2.052120859949667 -0.7679491924336856
1428 6.108002035096628 2.223130931612559 -0.7679491924344372
1429 6.577848345493265 2.394141003276734 -0.7671973735062954
1430 7.2737879429654 2.647442301603794 -1.208879998357282
1431 8.613882459906048 3.135196816873535 -3.63480423853091
1432 0.786540627407191 0.2862773764172811 -3.650721420741985
1433 8.605433545520107 3.132121663525189 -2.908771864704241
1434 9.090322061357952 3.30860665022768 -2.24999999999586
1435 0.7653837585987056 0.2785769059207174 -2.911607047010083
1436 0.343951370955802 0.1251880610629648 -0.3660254037839581
1437 0.3439513709567698 0.1251880610633171 -4.633974596214699
1438 9.052974836901612 3.295013372193114 -4.633974596214597
1439 9.052974836903065 3.295013372193642 -0.3660254037835448
1440 1.055126030201851 0.3840344683929359 -0.7485347219343379
1441 1.006221686553524 0.3662347429786195 -2.225901942241665
1442 1.277067127983071 0.4648144217456643 -2.203537261066168
1443 1.121222166625889 0.4080914946512837 -2.43900059578573
1444 0.4145686040118527 0.1508906319216066 -4.035936493784076
1445 0.6490081617159037 0.2362196526604149 -3.948632575559432
1446 0.640238277471235 0.2330276758373953 -4.187119733184577
1447 8.751982369818238 3.185461073436415 -3.942517930974837
1448 8.99081603197814 3.27238941740341 -4.023870622535134
1449 8.766993621268726 3.190924722143478 -4.173025726156219
1450 8.571021209507435 3.11959659752501 -3.863238636563416
1451 8.794843620216849 3.201061292784941 -3.714083532942332
1452 0.6049395578318563 0.2201799925809537 -3.724085378450458
1453 0.8306092312912384 0.3023170364967424 -3.875268617850959
1454 0.6374701437351652 0.2320201575529979 -1.634230191094731
1455 0.4055809234068646 0.1476193837062993 -1.50178554505467
1456 0.6361522264685231 0.2315404748967146 -1.386015736153168
1457 8.715700699643026 3.172255625443174 -0.8237118745838389
1458 8.833652206567427 3.2151864630505 -1.039740830504671
1459 8.577965208395266 3.122124006426957 -1.067539895560024
1460 8.83306247712812 3.214971819088323 -2.414185350853769
1461 8.705877687265101 3.168680341326782 -2.589722692079398
1462 8.583570886242725 3.124164306306318 -2.349358632798249
1463 7.860889173773735 2.861129674119079 -1.857261111509775
1464 7.624037218050169 2.774922612307965 -1.831919626195927
1465 7.745567671949258 2.819156080084094 -1.643096901140785
1466 7.868374851496199 2.863854237993365 -1.458316247817607
1467 7.631522895772633 2.777647176182252 -1.432974762503759
1468 0.7961780219827234 0.2897851011786535 -2.228370579588953
1469 0.9520229833399052 0.3465080282730342 -1.992907244869391
1470 0.5825822303461738 0.2120425908584236 -1.126785545055708
1471 0.8144714506744745 0.2964433647051222 -1.259230191095769
1472 1.011014793058688 0.3679792910761667 -2.651802757094957
1473 1.281860234488234 0.4665589698432115 -2.62943807591946
1474 8.900538868731848 3.239531217147769 -2.21191064578424
1475 9.022845669754224 3.284047252168233 -2.452274705065389
1476 9.029754286587821 3.286561783055613 -1.030444470913682
1477 8.892018795340061 3.236430164039396 -1.274272491889868
1478 8.837682131634459 3.216653235821223 -1.514483925985269
1479 8.732566601332302 3.178394311632132 -1.736041155981181
1480 8.590801185017511 3.126795919845191 -1.505126081476769
1481 8.845101612027499 3.219353705838012 -1.959610146031151
1482 8.598220665410549 3.129496389861979 -1.95025230152265
1483 0.805010382782964 0.2929998176082407 -1.756918132204954
1484 0.5744390797213055 0.2090787264178253 -1.872687941106456
1485 8.609162894527064 3.133479035556911 -4.334143506033568
1486 8.847996556686965 3.220407379523905 -4.415496197593866
1487 8.687082340519877 3.161839394568808 -3.259808563749481
1488 8.765406776940413 3.190347158041559 -3.443236086796007
1489 8.535558023485512 3.106689053400784 -3.451376715484384
1490 0.7062941504899933 0.2570700474146914 -3.266512462024476
1491 0.8631166240939647 0.3141487598705341 -3.459335306587378
1492 0.6297181538032196 0.2291986639614383 -3.457898576179083
1493 8.082231381110923 2.941691649176594 -2.666522142844654
1494 8.210239063683634 2.988282635390457 -2.492892553975916
1495 8.328378413806997 3.031281842330914 -2.698525562892616
1496 8.568878242200876 3.118816621212416 -0.6310744219751537
1497 8.824565240373037 3.21187907783596 -0.6032753569198002
1498 0.7920511978188634 0.2882830600209579 -4.345878432439964
1499 0.5576116401148125 0.2029540392821497 -4.433182350664608
1500 8.098531261166929 2.94762432033909 -2.291235555232033
1501 8.344678293863005 3.037214513493411 -2.323238975279995
1502 0.5611288751076033 0.2042342081264451 -0.6111189391900795
1503 0.7467114549742261 0.271780743196226 -0.7346358599414817
1504 0.5753188746855025 0.2093989455970504 -0.8764830792469064
1505 8.780401411835301 3.195804758816988 -2.781660637419579
1506 8.530909820949908 3.104997246034984 -2.716833919364059
1507 1.023600268027511 0.3725600293489209 -1.312975897533629
1508 0.9700302719051621 0.3530621453106299 -1.053745706436168
1509 6.912991587697613 2.516123167654586 -1.367345645647768
1510 7.038608685088603 2.561844052019825 -1.188002757735208
1511 7.148170845574411 2.601721417238555 -1.388222886269841
1512 8.531333566292542 3.105151476726611 -3.088360528571049
1513 8.761182319747443 3.188809581367386 -3.080219899882672
1514 7.986164605610474 2.906726202392497 -2.083832906550515
1515 8.107695059509563 2.950959670168626 -1.895010181495372
1516 8.471863083726024 3.083505991254952 -2.147701634054366
1517 8.359328073030827 3.042546597049071 -1.924132644004396
1518 0.6191397193989769 0.2253484287131565 -3.088341389313133
1519 0.8525381896897221 0.3102985246222523 -3.089778119721426
1520 8.946367937251214 3.256211633952965 -3.522515381207429
1521 0.4481170842278849 0.1631012801251109 -3.531262533887556
1522 7.851725375431103 2.857794324289543 -2.253486485246436
1523 0.8938237427990889 0.3253252370592783 -0.6089032209094964
1524 0.9080137423769882 0.3304899745298836 -0.8742673609663233
1525 9.033784211654854 3.288028555826336 -1.505187566394281
1526 6.919765048228735 2.518588505670891 -0.9858294062730744
1527 7.154944306105532 2.60418675525486 -1.006706646895148
1528 3.406385750339391 1.239823019552081 -3.917468245270939
1529 3.171462595143455 1.154317983720861 -3.91746824527088
1530 3.28892417274138 1.197070501636455 -3.700961894324343
1531 2.466693129556691 0.8978028762275805 -4.783493649053926
1532 2.701616284752461 0.9833079120587405 -4.783493649053926
1533 5.755617302303893 2.094873377866155 -0.2165063509465956
1534 5.638155724704237 2.05212085994993 -0.4330127018933534
1535 5.520694147105734 2.009368342034126 -0.2165063509467579
1536 3.054001017545565 1.11156546580528 -4.133974596216325
1537 3.171462595143723 1.154317983720959 -4.350480947162843
1538 2.936539439947823 1.068812947889751 -4.350480947161691
1539 2.701616284752015 0.9833079120585781 -4.350480947161513
1540 2.819077862350173 1.026060429974258 -4.566987298108032
1541 3.758770483133645 1.368080573299039 -4.566987298108414
1542 3.641308905535516 1.325328055383371 -4.350480947162314
1543 3.876232060731427 1.410833091214581 -4.350480947161966
1544 1.996846819164431 0.7267928045649988 -4.350480947162074
1545 2.114308396762037 0.7695453224804774 -4.133974596215898
1546 2.231769974360374 0.8122978403962213 -4.350480947161688
1547 4.111155215927567 1.496338127045876 -4.350480947162112
1548 3.993693638329439 1.453585609130208 -4.133974596216014
1549 2.936539439947555 1.068812947889654 -3.917468245269728
1550 1.762243669149281 0.6414042410943956 -4.350677559408842
1551 1.528829563911737 0.5564484545300509 -4.35020915600824
1552 1.645971136328551 0.5990845000849101 -4.133506192815682
1553 2.231769974360891 0.8122978403964098 -4.783493649053932
1554 2.349231551958566 0.8550503583119134 -4.566987298107859
1555 1.879705246747617 0.6841567590101396 -4.567183910354633
1556 3.641308905535307 1.325328055383294 -3.917468245270134
1557 3.523847327937383 1.2825755374677 -4.133974596216671
1558 5.050847836712764 1.838358270371286 -4.783493649053931
1559 5.168309414310843 1.881110788286937 -4.566987298107916
1560 5.285770991909061 1.923863306202637 -4.783493649053986
1561 1.411778967440804 0.5138455215115268 -4.56836358383479
1562 1.295506434620074 0.4715257805020412 -4.351192217241628
1563 5.050847836712578 1.838358270371218 -4.350480947162001
1564 5.285770991908874 1.923863306202569 -4.350480947162056
1565 4.815924681515769 1.752853234539681 -4.783493649053931
1566 8.375069286130355 3.048275930068539 -4.330132389632424
1567 8.109280637948098 2.951536773524347 -4.347285798278079
1568 8.262371310926568 3.007257221632291 -4.108826443241577
1569 5.28577099190853 1.923863306202444 -0.2165063509467579
1570 5.285770991908262 1.923863306202346 -2.618430139597001
1571 5.403232569506795 1.966615824118162 -2.401923788651222
1572 5.520694147104857 2.009368342033806 -2.61843013959726
1573 3.4063857503396 1.239823019552158 -4.350480947163119
1574 1.300400667019284 0.4733071354149344 -3.912813135738128
1575 1.143617433133146 0.4162427050483844 -4.116426802187506
1576 1.031461069061423 0.3754211269427535 -3.896202148510555
1577 2.466693129556173 0.897802876227392 -4.350480947161682
1578 0.3970299621906563 0.1445070883492348 -2.490784180995436
1579 0.6230545113853293 0.2267732964695326 -2.354366092907009
1580 0.6243521760016695 0.2272456077639409 -2.597783365049654
1581 4.346078371123519 1.581843162877102 -4.783493649053937
1582 4.581001526319289 1.667348198708262 -4.783493649053937
1583 4.346078371123582 1.581843162877125 -4.350480947162017
1584 4.22861679352557 1.539090644961499 -4.56698729810797
1585 5.99054045750029 2.180378413697543 -4.783493649053968
1586 6.108002035098094 2.223130931613093 -4.56698729810822
1587 6.225463612697203 2.265883449529119 -4.783493649054253
1588 4.698463103918066 1.710100716624166 -4.566987298107867
1589 3.171462595143408 1.154317983720844 -1.752404735812976
1590 2.936539439947465 1.068812947889622 -1.752404735813001
1591 3.054001017545454 1.111565465805239 -1.535898384867358
1592 0.1991638134034983 0.0724896998218215 -2.867100726567523
1593 0.4356116535031224 0.1585496755746193 -2.999638592377131
1594 0.2364478400996241 0.08605997575279779 -3.132537865806574
1595 8.102555483812033 2.949089017597967 -0.6481099984057018
1596 8.33924203558702 3.035235877295169 -0.641082147286531
1597 8.223327149695876 2.99304630912243 -0.8585387907583633
1598 0.1978661487871581 0.07201738852741325 -2.123683454424152
1599 0.1978661487871581 0.07201738852741325 -2.373683454424498
1600 7.869232354519147 2.864166343569512 -0.6490930596387636
1601 7.75211930976357 2.821540681234196 -0.8568362601425792
1602 7.634711066361826 2.77880757537848 -0.6403626779038087
1603 8.34713326757341 3.038108050849904 -1.070462140610747
1604 8.110446715798423 2.951961191152702 -1.077489991729918
1605 0.2116692441282607 0.0770413043723131 -3.89872466807871
1606 0.202899359883592 0.07384932754929355 -4.137211825703856
1607 7.165156233486353 2.607903592855967 -0.2165063509466157
1608 7.047443155066803 2.565059536127408 -0.4295349812683626
1609 6.929981577468286 2.522307018211597 -0.2130286303217469
1610 7.400079388683368 2.693408628687581 -0.2165063509466157
1611 7.634682538699636 2.77879719215859 -0.2163097386999966
1612 7.517220961101136 2.736044674242787 -0.4328160896466123
1613 8.465084774497811 3.08103888845723 -1.286491096531579
1614 6.460386767894405 2.3513884853608 -4.783493649054253
1615 7.40010791634556 2.693419011907471 -0.6405592901504278
1616 3.17146259514351 1.154317983720881 -1.319392033921738
1617 2.936539439947568 1.068812947889659 -1.319392033921762
1618 7.870485336620233 2.864622391758376 -1.056880375529058
1619 7.635964048462911 2.779263623567344 -1.048149993794103
1620 2.819077862349572 1.026060429974039 -1.102885682976176
1621 2.701616284751516 0.9833079120583965 -1.319392033921797
1622 7.159359240165267 2.605793659838852 -0.618772998663123
1623 6.9241845841472 2.520197085194482 -0.6152952780382542
1624 7.869605693896837 2.864302227990271 -0.2163097386999966
1625 6.460386767895104 2.351388485361054 -0.2165063509465951
1626 6.225463612697902 2.265883449529373 -0.2165063509465951
1627 2.231769974359803 0.8122978403960139 -3.917468245269981
1628 2.34923155195759 0.8550503583115581 -3.700961894324138
1629 2.466693129555766 0.8978028762272441 -3.917468245269669
1630 6.695309923091608 2.436893521192482 -4.78349364905402
1631 6.57784834549221 2.394141003276351 -4.566987298108273
1632 5.755617302303285 2.094873377865933 -4.783493649053968
1633 7.98514724041029 2.906355911742251 -0.4316364161669314
1634 8.573699708507931 3.120571491433702 -4.788306988735608
1635 8.33960610011122 3.03536838594533 -4.784295872334463
1636 8.456072221548594 3.077758587448966 -4.57260286107007
1637 2.936539439948268 1.068812947889914 -4.783493649054105
1638 2.584154707153822 0.940555394142886 -4.133974596215342
1639 2.701616284751609 0.98330791205843 -3.917468245269499
1640 3.876232060731349 1.410833091214553 -1.752404735812868
1641 3.758770483133357 1.368080573298934 -1.968911086758548
1642 3.641308905535362 1.325328055383314 -1.752404735812906
1643 3.406385750339384 1.239823019552079 -1.75240473581296
1644 3.288924172741394 1.19707050163646 -1.968911086758602
1645 0.2116692441282607 0.0770413043723131 -3.64872466807833
1646 0.2364478400996241 0.08605997575279779 -3.382537865806955
1647 5.285770991908521 1.92386330620244 -2.185417437705002
1648 5.520694147105116 2.009368342033901 -2.185417437705262
1649 5.638155724703495 2.05212085994966 -1.968911086759113
1650 5.755617302301768 2.094873377865381 -2.185417437705333
1651 0.202899359883592 0.07384932754929355 -4.387211825704234
1652 5.638155724703168 2.052120859949541 -2.834936490543869
1653 5.7556173023017 2.094873377865357 -2.61843013959809
1654 4.58100152631981 1.667348198708452 -4.350480947161955
1655 4.463539948721808 1.624595680792829 -4.133974596216099
1656 6.69505842227127 2.436801982379984 -0.2130286303217469
1657 0.2034494203367534 0.07404953318129125 -1.874999999995874
1658 0.4013155691239114 0.1460669217087045 -1.998683454424512
1659 8.102928823189725 2.949224902018726 -0.2153266774669348
1660 1.761923663967385 0.6412877687333747 -3.484455543378593
1661 1.996846819163516 0.7267928045646659 -3.484455543378604
1662 1.879385241565495 0.6840402866490367 -3.700961894324439
1663 8.359969244195655 3.042779964268138 -1.508048326527491
1664 0.1991638134034983 0.0724896998218215 -2.617100726567143
1665 8.337851978386867 3.034729937850386 -0.2153266774669348
1666 7.635002543879676 2.778913664518936 -4.78349364905398
1667 7.869925699076878 2.864418700350617 -4.78349364905398
1668 5.755617302301399 2.094873377865247 -3.051442841490316
1669 5.520694147104557 2.009368342033697 -3.051442841489487
1670 3.523847327937375 1.282575537467697 -1.535898384867279
1671 4.111155215927335 1.496338127045791 -1.752404735812817
1672 3.99369363832934 1.453585609130172 -1.535898384867174
1673 3.641308905535324 1.3253280553833 -3.484455543378542
1674 3.406385750339318 1.239823019552055 -3.484455543378451
1675 3.523847327937328 1.28257553746768 -3.267949192432591
1676 6.57759684467257 2.394049464464108 -0.4295349812683421
1677 5.168309414309878 1.881110788286585 -2.834936490542403
1678 5.050847836711815 1.83835827037094 -2.618430139596365
1679 2.114308396761434 0.7695453224802578 -3.26794919243255
1680 2.231769974359544 0.8122978403959198 -3.484455543378395
1681 7.387630863524659 2.688877736069296 -2.193065852932131
1682 7.505186517546662 2.731664495003001 -2.011062074872513
1683 7.621803065852645 2.774109447409246 -2.228087614624535
1684 5.050847836711984 1.838358270371002 -1.319392033920729
1685 5.168309414310217 1.881110788286708 -1.102885682974469
1686 5.285770991908555 1.923863306202453 -1.319392033920424
1687 4.346078371123679 1.58184316287716 -3.917468245270244
1688 4.581001526319907 1.667348198708487 -3.917468245270182
1689 5.990540457498343 2.180378413696833 -3.051442841491053
1690 5.873078879899731 2.13762589578099 -3.26794919243667
1691 4.111155215927511 1.496338127045856 -3.91746824527021
1692 4.22861679352561 1.539090644961513 -3.700961894324293
1693 1.996846819163861 0.7267928045647915 -3.917468245270367
1694 1.76192366396773 0.6412877687335001 -3.917468245270356
1695 1.294349010216005 0.4711045124705466 -1.321694898870543
1696 1.411810587814077 0.5138570303861947 -1.105188547924987
1697 1.527000508771883 0.5557827329023126 -1.319392033921501
1698 4.111155215927504 1.496338127045853 -4.783493649054032
1699 5.520694147106266 2.009368342034319 -4.783493649053986
1700 2.231769974359574 0.8122978403959306 -1.752404735812934
1701 2.466693129555536 0.8978028762271604 -1.752404735812973
1702 2.34923155195754 0.8550503583115399 -1.968911086758564
1703 4.346078371123339 1.581843162877036 -0.2165063509454578
1704 4.228616793525378 1.539090644961429 -0.4330127018909546
1705 4.111155215927494 1.496338127045849 -0.2165063509454969
1706 0.1948681474094399 0.07092620526363475 -0.6264830792475494
1707 0.1948681474094399 0.07092620526363475 -0.8764830792469587
1708 3.876232060731346 1.410833091214552 -2.185417437704207
1709 3.641308905535359 1.325328055383313 -2.185417437704245
1710 6.225463612695155 2.265883449528373 -2.618430139598366
1711 6.108002035096749 2.223130931612603 -2.834936490544731
1712 5.990540457498415 2.18037841369686 -2.618430139598335
1713 3.876232060731286 1.41083309121453 -1.319392033921535
1714 3.641308905535365 1.325328055383316 -1.319392033921619
1715 3.758770483133298 1.368080573298913 -1.102885682975929
1716 7.276849345425957 2.648556560974545 -0.8263195869203195
1717 4.111155215927273 1.496338127045769 -1.319392033921484
1718 6.930233078288625 2.522398557024094 -4.78349364905402
1719 7.047694655886152 2.565151074939545 -4.566987298108243
1720 7.165156233485364 2.607903592855607 -4.783493649054223
1721 3.758770483133379 1.368080573298942 -3.700961894324331
1722 3.876232060731371 1.410833091214561 -3.917468245270062
1723 3.876232060731647 1.410833091214661 -0.2165063509454969
1724 2.81907786234946 1.026060429973998 -1.96891108675861
1725 2.701616284751507 0.9833079120583933 -1.752404735812993
1726 7.400079388682379 2.69340862868722 -4.783493649054223
1727 2.23176997435954 0.812297840395918 -2.185417437704186
1728 2.466693129555502 0.8978028762271477 -2.185417437704225
1729 7.517540966280189 2.736161146602773 -4.566987298108204
1730 3.876232060731389 1.410833091214568 -3.48445554337847
1731 4.11115521592748 1.496338127045844 -3.484455543378469
1732 3.993693638329425 1.453585609130203 -3.26794919243268
1733 1.138790188985317 0.4144857318650389 -1.527179383530143
1734 6.930233078285559 2.522398557022979 -2.185417437705667
1735 7.041892907952933 2.563039411385137 -1.97247569996968
1736 7.159354485551301 2.605791929300892 -2.188982050916096
1737 3.876232060731365 1.410833091214559 -3.051442841486971
1738 4.111155215927456 1.496338127045835 -3.051442841486971
1739 2.584154707153541 0.940555394142784 -1.535898384867362
1740 8.808622863705068 3.20607652726536 -4.788306988735608
1741 4.346078371123648 1.581843162877148 -3.484455543378504
1742 2.114308396761644 0.7695453224803341 -1.53589838486728
1743 1.99684681916373 0.7267928045647438 -1.319392033921649
1744 2.231769974359657 0.8122978403959608 -1.319392033921711
1745 8.104682944914078 2.94986335011367 -4.784295872334463
1746 2.114308396761514 0.7695453224802866 -2.401923788649815
1747 1.996846819163552 0.7267928045646788 -2.185417437704154
1748 1.879385241565612 0.6840402866490789 -1.96891108675846
1749 1.761923663967681 0.6412877687334825 -1.752404735812807
1750 1.996846819163648 0.7267928045647136 -1.752404735812872
1751 6.22546361269508 2.265883449528346 -3.051442841491084
1752 2.349231551957631 0.8550503583115733 -1.102885682976145
1753 2.466693129555545 0.8978028762271636 -1.319392033921776
1754 3.758770483133369 1.368080573298939 -2.834936490541252
1755 3.641308905535345 1.325328055383308 -2.618430139595572
1756 3.876232060731372 1.410833091214561 -2.618430139595583
1757 3.641308905535844 1.32532805538349 -0.2165063509454865
1758 3.406385750340012 1.239823019552307 -0.2165063509454865
1759 4.815924681515613 1.752853234539623 -1.319392033920854
1760 4.581001526319334 1.667348198708278 -1.319392033921298
1761 4.698463103917368 1.710100716623912 -1.102885682975218
1762 4.698463103917954 1.710100716624126 -3.700961894324361
1763 4.815924681516083 1.752853234539794 -3.917468245270215
1764 3.641308905535338 1.325328055383306 -3.051442841486961
1765 3.171462595143356 1.154317983720825 -2.618430139595559
1766 2.936539439947394 1.068812947889596 -2.61843013959555
1767 3.054001017545394 1.111565465805217 -2.401923788649915
1768 3.406385750339349 1.239823019552066 -2.618430139595582
1769 3.523847327937352 1.282575537467689 -2.401923788649913
1770 3.406385750339387 1.23982301955208 -1.319392033921674
1771 3.288924172741501 1.1970705016365 -1.102885682976077
1772 8.092492516919956 2.945426397180845 -3.070904034340411
1773 8.328802159149632 3.031436073022542 -3.070052172099606
1774 8.220923944835302 2.992171614086335 -3.268801054678663
1775 2.936539439947426 1.068812947889607 -2.185417437704262
1776 3.171462595143387 1.154317983720837 -2.185417437704271
1777 5.990540457498068 2.180378413696734 -3.484455543382941
1778 5.755617302301125 2.094873377865148 -3.484455543382205
1779 3.288924172742148 1.197070501636735 -0.4330127018909693
1780 3.171462595144232 1.154317983721144 -0.2165063509454828
1781 7.987221367314683 2.907110832197541 -4.567789521388444
1782 1.644462086369764 0.5985352508178909 -1.535898384867138
1783 1.761923663967837 0.641287768733539 -1.319392033921582
1784 1.64446208636926 0.5985352508177075 -3.267949192432781
1785 1.527000508771239 0.5557827329020784 -3.484455543378616
1786 2.70161628475267 0.9833079120588168 -0.216506350945458
1787 2.936539439948462 1.068812947889985 -0.2165063509454828
1788 2.819077862350576 1.026060429974404 -0.4330127018909408
1789 3.406385750339363 1.239823019552071 -2.185417437704255
1790 5.873078879900106 2.137625895781126 -2.401923788651726
1791 3.758770483133731 1.36808057329907 -0.4330127018909834
1792 1.879385241565849 0.6840402866491655 -1.102885682976013
1793 7.275971033857285 2.648236881707137 -2.406007590668118
1794 3.288924172741349 1.197070501636444 -2.834936490541217
1795 1.527000508771728 0.5557827329022561 -1.752404735812726
1796 5.990540457498484 2.180378413696886 -2.185417437705576
1797 3.406385750339915 1.239823019552272 -4.783493649054381
1798 3.641308905535747 1.325328055383455 -4.783493649054381
1799 2.701616284751467 0.9833079120583788 -2.185417437704254
1800 5.990540457500897 2.180378413697764 -0.2165063509465956
1801 6.1080020350994 2.223130931613569 -0.4330127018931907
1802 1.761923663967585 0.6412877687334475 -2.185417437704089
1803 1.30152407590131 0.4737160228089023 -0.1989806422409638
1804 1.06660092070539 0.3882109869776879 -0.1989806422409638
1805 2.231769974361114 0.8122978403964911 -0.2165063509454609
1806 1.996846819165311 0.7267928045653194 -0.2165063509454609
1807 2.819077862349397 1.026060429973975 -2.834936490541168
1808 2.701616284751436 0.9833079120583672 -2.618430139595524
1809 2.584154707153467 0.9405553941427569 -2.401923788649876
1810 7.86156696390049 2.861376369550297 -3.056578476160713
1811 7.969445178214819 2.900640828486504 -2.857829593581655
1812 8.096341101438966 2.946827167389821 -3.481309322733952
1813 8.332650743668641 3.032836843231519 -3.480457460493146
1814 3.406385750339332 1.239823019552059 -3.05144284148687
1815 3.993693638329351 1.453585609130176 -2.401923788649883
1816 4.111155215927349 1.496338127045796 -2.185417437704187
1817 6.342925190293584 2.308635967444151 -2.401923788651994
1818 6.460386767891917 2.351388485359894 -2.61843013959839
1819 4.228616793525394 1.539090644961435 -1.968911086758504
1820 4.346078371123385 1.581843162877053 -1.752404735812811
1821 9.17614774300479 3.339844643682737 -2.827274705065942
1822 9.17614774300479 3.339844643682737 -2.577274705065562
1823 2.466693129556901 0.8978028762276569 -0.216506350945458
1824 2.349231551958999 0.855050358312071 -0.4330127018909189
1825 4.581001526319108 1.667348198708196 -0.2165063509454578
1826 2.936539439947349 1.068812947889579 -3.051442841486758
1827 2.701616284751391 0.9833079120583508 -3.051442841486733
1828 6.108002035096877 2.22313093161265 -1.968911086759182
1829 6.225463612695215 2.265883449528395 -2.185417437705576
1830 2.466693129555471 0.8978028762271362 -2.618430139595494
1831 6.460386767891977 2.351388485359916 -2.185417437705599
1832 7.994291454497766 2.90968413348585 -1.268803725381441
1833 6.812771500687136 2.479646039107203 -2.40192378865205
1834 6.930048445584843 2.522331356215646 -2.618543578543346
1835 6.695125290388052 2.436826320384115 -2.618543578543314
1836 6.917662624435306 2.51782328599027 -1.768238430470826
1837 7.146784031701049 2.601216658268183 -1.771803043681254
1838 1.527000508773745 0.5557827329029903 -0.2165063509454639
1839 1.418985653499198 0.5164685407244833 -0.4154869931864277
1840 6.695309923088768 2.436893521191448 -2.185417437705634
1841 6.5778483454904 2.394141003275692 -1.968911086759217
1842 6.452238237220996 2.348422662742673 -1.759469397538438
1843 6.687161392417787 2.433927698574205 -1.759469397538473
1844 0.3969996504795511 0.1444960557886428 -1.003268624304305
1845 0.2021315030701112 0.07356985052500804 -1.12678554505576
1846 4.111155215927375 1.496338127045806 -2.618430139595563
1847 4.581001526319658 1.667348198708396 -3.48445554337856
1848 4.815924681515833 1.752853234539703 -3.484455543378594
1849 7.164048437278394 2.607500388010637 -2.619110773267834
1850 7.046402226979311 2.564680669287549 -2.835730563159097
1851 6.577663712789623 2.394073802468337 -2.835049929489686
1852 6.342925190293408 2.308635967444086 -3.267949192437472
1853 6.460386767891703 2.351388485359815 -3.48445554338387
1854 6.225463612694969 2.265883449528305 -3.484455543383803
1855 1.285802789542259 0.4679939425298323 -1.76316849619458
1856 1.015054047353765 0.3694494594082067 -1.754449494857666
1857 3.171462595143339 1.154317983720818 -3.051442841486847
1858 3.054001017545332 1.111565465805195 -3.267949192432412
1859 1.416353194658462 0.5155104040635244 -3.696775188192802
1860 1.528509558730185 0.5563319821691552 -3.916999841869753
1861 1.761923663969522 0.6412877687341524 -0.2165063509454639
1862 1.879385241567423 0.6840402866497384 -0.4330127018909248
1863 0.2021315030701112 0.07356985052500804 -1.376785545055031
1864 9.156928650916932 3.332849466233135 -3.375833967529416
1865 9.156928650916932 3.332849466233135 -3.125833967529035
1866 6.695125290387951 2.436826320384077 -3.051556280436075
1867 6.929698508706274 2.522203989607974 -3.051771282817132
1868 6.812421563808465 2.479518672499494 -3.268164194818596
1869 8.936150186062637 3.252492676659184 -2.953108672598011
1870 4.93338625911395 1.795605752455367 -1.53589838486681
1871 9.186365494193367 3.343563600976517 -3.896681413676121
1872 9.186365494193367 3.343563600976517 -3.646681413675741
1873 6.22546361269523 2.265883449528401 -1.752404735812799
1874 6.334776659622618 2.305670144826914 -1.542963046592055
1875 7.868083685191632 2.863748262125282 -3.485587282833575
1876 7.979810484024972 2.904413491270465 -3.697243688648058
1877 6.108002035096363 2.223130931612463 -3.700961894329338
1878 6.792052516165902 2.472104945457252 -1.558796741250048
1879 7.392324815251753 2.690586194779041 -2.623194575283869
1880 7.621383518512999 2.773956744665749 -2.626797714043055
1881 7.509460921934108 2.733220250969248 -2.83990089664277
1882 7.626683621679181 2.775885824456779 -3.056554014936195
1883 7.749730960384317 2.82067139315112 -3.269628455694952
1884 5.755617302301854 2.094873377865413 -4.350480947162423
1885 5.873078879899435 2.137625895780882 -4.13397459621725
1886 5.990540457498762 2.180378413696986 -4.350480947162762
1887 6.460386767891814 2.351388485359856 -3.05144284149115
1888 7.398432347804171 2.692809154832933 -3.485467490770286
1889 7.164505929786061 2.607666901665827 -3.484855092134895
1890 7.280921200144898 2.650038594890497 -3.268991595835043
1891 3.288924172741857 1.19707050163663 -4.566987298108486
1892 7.163698500399825 2.607373021402966 -3.052338477541619
1893 5.403232569506887 1.966615824118195 -1.535898384866603
1894 5.520694147105121 2.009368342033902 -1.319392033920343
1895 6.223953370105965 2.265333766179387 -1.324558630353414
1896 6.45072799463173 2.34787297939366 -1.331623292079054
1897 5.990540457498499 2.180378413696891 -1.752404735812799
1898 5.168309414310363 1.881110788286761 -1.968911086758871
1899 5.05084783671204 1.838358270371022 -2.185417437704832
1900 7.047394289066071 2.565041750357674 -3.701146440700252
1901 6.929883141406798 2.522271190415238 -3.48467054576501
1902 2.231769974359487 0.8122978403958989 -2.618430139595516
1903 1.996846819163499 0.7267928045646597 -2.618430139595484
1904 7.633200342970323 2.778257717031764 -3.485562821609057
1905 7.397624918417935 2.692515274570071 -3.052950876177009
1906 1.05907422946658 0.3854714954042487 -4.78467332253409
1907 1.293997384662499 0.4709765312354631 -4.78467332253409
1908 1.298891617060338 0.4727578861478574 -3.480268837246991
1909 1.403264367140176 0.5107464604454239 -1.979674847140249
1910 1.996846819165088 0.7267928045652381 -4.783493649053932
1911 4.228616793525381 1.53909064496143 -2.834936490541284
1912 4.346078371123441 1.581843162877073 -3.051442841486993
1913 2.584154707153402 0.9405553941427334 -3.267949192432332
1914 2.466693129555451 0.8978028762271291 -3.051442841486741
1915 5.050847836711871 1.83835827037096 -0.2165063509454584
1916 4.815924681514877 1.752853234539355 -0.2165063509454584
1917 6.695309923088475 2.43689352119134 -3.484455543383953
1918 7.516785072611485 2.735886023807094 -3.701426317908909
1919 6.577848345490036 2.394141003275559 -3.700961894330284
1920 4.228616793525155 1.539090644961348 -1.102885682975753
1921 4.346078371123208 1.581843162876988 -1.319392033921392
1922 4.815924681516291 1.75285323453987 -4.350480947161949
1923 2.466693129555507 0.8978028762271498 -3.484455543378083
1924 3.171462595143383 1.154317983720834 -3.484455543378392
1925 1.879385241565415 0.6840402866490075 -2.834936490541193
1926 1.996846819163439 0.7267928045646379 -3.051442841486971
1927 1.761923663967381 0.6412877687333736 -3.05144284148698
1928 4.463539948721527 1.624595680792726 -3.267949192432737
1929 5.990540457498389 2.180378413696851 -1.319392033920067
1930 6.106491792507503 2.222581248263597 -1.108052279407067
1931 5.873078879900152 2.137625895781143 -1.535898384866468
1932 5.75561730230169 2.094873377865353 -1.31939203392012
1933 3.876232060731658 1.410833091214665 -4.783493649054032
1934 4.34607837112336 1.581843162877044 -2.618430139595584
1935 2.349231551957456 0.8550503583115092 -2.834936490541163
1936 1.527000508771236 0.5557827329020772 -3.051442841487003
1937 1.527320513954162 0.5558992052634728 -4.7836902613007
1938 1.762243669149938 0.641404241094635 -4.7836902613007
1939 4.346078371123398 1.581843162877058 -2.185417437704181
1940 5.7556173023018 2.094873377865393 -1.752404735812852
1941 5.403232569506331 1.966615824117993 -3.267949192434926
1942 5.285770991908099 1.923863306202287 -3.051442841488478
1943 4.933386259114322 1.795605752455503 -4.133974596216089
1944 1.63572642481048 0.595355730033688 -2.409279851630008
1945 1.51826484721254 0.5526032121180882 -2.192773500684314
1946 2.231769974359468 0.8122978403958917 -3.051442841486763
1947 0.2034494203367534 0.07404953318129125 -1.624999999996595
1948 4.463539948721452 1.624595680792699 -1.535898384867029
1949 9.184156952837135 3.342759757661702 -0.8979564047634494
1950 9.184156952837135 3.342759757661702 -0.64795640476404
1951 4.581001526319511 1.667348198708342 -1.752404735812716
1952 1.761923663967441 0.6412877687333953 -2.618430139595493
1953 5.05084783671237 1.838358270371142 -3.917468245270268
1954 1.290595896047074 0.4697384906272529 -3.055094714830746
1955 1.408057473645195 0.5124910085429188 -2.838588363884945
1956 4.581001526319451 1.667348198708321 -3.05144284148705
1957 5.520694147105148 2.009368342033912 -1.752404735812782
1958 1.518264847212397 0.5526032121180359 -2.625786202575718
1959 5.638155724704161 2.052120859949902 -4.566987298107954
1960 5.638155724703358 2.05212085994961 -1.102885682973942
1961 1.026566836662214 0.3736397720298603 -4.334581230014056
1962 3.171462595144038 1.154317983721074 -4.783493649054105
1963 4.933386259113876 1.795605752455341 -2.401923788650543
1964 4.815924681515718 1.752853234539661 -2.185417437704412
1965 5.520694147104477 2.009368342033668 -3.484455543380863
1966 5.28577099190802 1.923863306202258 -3.484455543379855
1967 5.285770991908582 1.923863306202462 -1.752404735812863
1968 5.638155724702814 2.052120859949413 -3.700961894327134
1969 5.050847836712101 1.838358270371045 -1.752404735812693
1970 1.063968461864149 0.3872528503165453 -3.480268837246974
1971 1.174615775976927 0.4275251791550991 -3.267949192432787
1972 2.819077862349499 1.026060429974011 -3.700961894324054
1973 2.701616284751448 0.9833079120583716 -3.484455543378075
1974 2.936539439947393 1.068812947889595 -3.484455543378303
1975 4.81592468151573 1.752853234539666 -1.752404735812818
1976 4.698463103917662 1.710100716624019 -1.968911086758599
1977 1.055672740850886 0.3842334547959408 -3.055094714830729
1978 9.188186877904169 3.344226530432425 -1.872699500242597
1979 9.188186877904169 3.344226530432425 -1.622699500243319
1980 4.463539948721454 1.6245956807927 -2.401923788649993
1981 4.58100152631946 1.667348198708324 -2.618430139595715
1982 5.16830941430942 1.881110788286418 -0.4330127018922162
1983 4.581001526319499 1.667348198708338 -2.185417437704311
1984 4.698463103916993 1.710100716623776 -0.4330127018909161
1985 4.815924681515492 1.75285323453958 -2.618430139595946
1986 4.698463103917398 1.710100716623923 -2.834936490541537
1987 4.815924681515484 1.752853234539576 -3.051442841487281
1988 5.050847836711652 1.838358270370881 -3.051442841487843
1989 5.520694147104834 2.009368342033798 -4.350480947162442
1990 8.368113929690566 3.045744387355744 -3.892319381572178
1991 8.102325281508309 2.949005230811552 -3.909472790217834
1992 4.933386259113705 1.795605752455278 -3.267949192433355
1993 5.050847836712002 1.838358270371008 -3.484455543379156
1994 5.168309414310148 1.881110788286683 -3.700961894325093
1995 5.755617302300995 2.0948733778651 -3.917468245272693
1996 5.520694147104347 2.00936834203362 -3.917468245271352
1997 6.225463612695675 2.265883449528562 -4.350480947163048
1998 5.285770991908388 1.923863306202392 -3.917468245270967
1999 5.990540457497902 2.180378413696674 -3.917468245273033
2000 6.460386767892599 2.351388485360142 -4.350480947163209
2001 6.695309923089802 2.436893521191824 -4.350480947162977
2002 6.342925190293267 2.308635967444036 -4.133974596217751
2003 6.930183017150707 2.522380336259999 -4.350511704891705
2004 7.165106172347446 2.607885372091511 -4.350511704891908
2005 7.874523392110898 2.866092123761294 -4.346483574997597
2006 7.399945062880323 2.693359738093577 -4.350563477381462
2007 7.634868218077619 2.778864773925293 -4.35056347738122
2008 7.282433424144877 2.650588999414032 -4.134087884164924
2009 7.756927488711034 2.823290715252099 -4.130059754270856
2010 6.812721439551096 2.479627818343791 -4.134005353946641
2011 5.403232569506569 1.96661582411808 -4.133974596216527
2012 6.225463612694803 2.265883449528245 -3.917468245273895
2013 6.460386767891727 2.351388485359825 -3.917468245274056
2014 6.6953099230885 2.43689352119135 -3.917468245274139
2015 6.930183017149404 2.522380336259525 -3.917499003002868
2016 7.164805805528667 2.607776047510114 -3.917683549372753
2017 7.399644696061544 2.69325041351218 -3.917735321862307
2018 7.634412691227697 2.778698975711011 -3.917830652701079
2019 7.874067865260976 2.865926325547012 -3.913750750317457
2020 8.448106576317032 3.074859329687954 -0.4206456296224923
2021 8.80241134019786 3.203815717599291 -0.2053189521555575
2022 8.567488185000723 3.118310681767633 -0.2053189521555575
2023 0.8361070380901721 0.3043180745253005 -0.2346358599423274
2024 0.6011838828941403 0.2188130386940454 -0.2346358599423274
2025 0.5896354354271973 0.2146097475640912 -4.795970524959997
2026 0.824558590623229 0.3001147833953463 -4.795970524959997
2027 9.201376745643856 3.34902724968358 -4.37718920885788
2028 9.201376745643856 3.34902724968358 -4.127189208857502
2029 0.9439401993057914 0.3435661354746147 -4.580643847494086
2030 8.234052641194088 2.996950068775654 -1.697560848963656
2031 9.034884804653601 3.288429138917922 -1.997699500242771
2032 0.5688558081717102 0.2070465817639474 -2.121371395534735
2033 0.9630153380115449 0.3505089181780081 -0.4336165021832912
2034 7.734169721409101 2.815007565355839 -2.435490263306054
2035 7.851305828091457 2.857641621546046 -2.652196584664956
2036 7.389865015722185 2.689690900968015 -1.796897864503523
2037 8.108336230674389 2.951193037387692 -1.478925864018466
2038 6.682490355680094 2.432227580238521 -1.358576612715415
2039 9.242523541609771 3.364003458650598 -1.132488066148646
2040 9.242523541609771 3.364003458650598 -1.382488066147917
2041 7.514059009142487 2.734893817847659 -1.228537053768932
2042 7.395692982285825 2.691812107323479 -1.028492938382453
2043 6.806974507369465 2.47753610609133 -0.785865334469655
2044 6.695058422271 2.436801982379886 -0.5966273170748946
2045 0.9873924651773756 0.3593814668632923 -3.671654951401581
2046 8.410975180089176 3.06134460670427 -3.663884983539672
2047 9.243624134608519 3.364404041742183 -2.374999999996033
2048 9.243624134608519 3.364404041742183 -2.124999999995687
2049 0.5818556927028511 0.2117781527821802 -2.822904250074082
2050 0.1719756854783849 0.06259403053165855 -4.566987298106972
2051 0.1719756854783849 0.06259403053165855 -4.81698729810735
2052 0.4068988406743618 0.1480990663628937 -4.81698729810735
2053 0.171975685477901 0.06259403053148239 -0.183012701891979
2054 0.171975685477901 0.06259403053148239 -0.4330127018917764
2055 8.990027367183224 3.272102366893248 -4.816987298107298
2056 9.224950522380349 3.3576074027249 -4.816987298107298
2057 9.224950522380349 3.3576074027249 -4.566987298106922
2058 0.4068988406738779 0.1480990663627175 -0.183012701891979
2059 9.224950522381075 3.357607402725165 -0.4330127018915698
2060 9.224950522381075 3.357607402725165 -0.1830127018917724
2061 8.990027367183949 3.272102366893511 -0.1830127018917724
2062 0.9685183097598693 0.352511836094406 -2.876923642119386
2063 0.8078802418975239 0.2940443609024781 -2.686486161985655
2064 7.391251829595546 2.690195659938387 -1.413317707092109
2065 6.690638886352534 2.435193402856294 -0.9671614453097147
2066 7.265634732204557 2.644474775573148 -1.592660595004669
2067 6.571667066163442 2.391891201590994 -1.140172196476774
2068 8.402902138377197 3.05840625982112 -2.890463508232798
2069 6.223953370105853 2.265333766179346 -0.9405840341374256
2070 6.342925190294946 2.308635967444646 -0.7675732829703663
2071 6.458876525304172 2.350838802011434 -0.9402081246733547
2072 2.70161628475188 0.9833079120585291 -0.9354174377048189
2073 2.936539439947933 1.068812947889791 -0.9354174377047845
2074 5.285770991908036 1.923863306202264 -0.9354174377036254
2075 5.403232569506399 1.966615824118018 -0.7679491924333862
2076 5.520694147105152 2.009368342033913 -0.9354174377039248
2077 5.755617302302955 2.094873377865813 -0.6004809471634385
2078 5.520694147104797 2.009368342033784 -0.6004809471636007
2079 1.294349010217021 0.4711045124709161 -0.9377203026533991
2080 1.527000508772899 0.5557827329026821 -0.9354174377043576
2081 2.231769974360115 0.8122978403961276 -0.9354174377047462
2082 2.466693129556004 0.8978028762273305 -0.935417437704811
2083 1.761923663968384 0.6412877687337384 -0.9354174377046439
2084 1.996846819164277 0.7267928045649432 -0.9354174377047114
2085 3.171462595143788 1.154317983720982 -0.9354174377047773
2086 3.406385750339664 1.239823019552181 -0.9354174377047133
2087 2.11430839676265 0.7695453224807005 -0.7679491924333774
2088 2.584154707154364 0.9405553941430834 -0.7679491924334201
2089 3.641308905535475 1.325328055383356 -0.9354174377047126
2090 3.876232060731396 1.41083309121457 -0.9354174377046287
2091 3.054001017546097 1.111565465805473 -0.7679491924334207
2092 1.644462086371327 0.5985352508184598 -0.7679491924330565
2093 3.523847327937762 1.282575537467838 -0.767949192433413
2094 3.876232060731553 1.410833091214627 -0.600480947162203
2095 3.64130890553575 1.325328055383455 -0.6004809471621927
2096 2.936539439948304 1.068812947889927 -0.6004809471621967
2097 2.701616284752513 0.9833079120587593 -0.6004809471621719
2098 3.993693638329406 1.453585609130196 -0.767949192433387
2099 4.11115521592723 1.496338127045754 -0.9354174377046034
2100 3.40638575033994 1.239823019552281 -0.6004809471621932
2101 3.17146259514416 1.154317983721118 -0.6004809471621896
2102 4.346078371123232 1.581843162876998 -0.6004809471621386
2103 4.111155215927387 1.49633812704581 -0.6004809471621777
2104 2.466693129556636 0.8978028762275607 -0.6004809471621642
2105 2.231769974360851 0.8122978403963951 -0.600480947162167
2106 4.346078371123165 1.581843162876973 -0.9354174377045118
2107 1.996846819165012 0.7267928045652106 -0.6004809471621323
2108 1.761923663969223 0.6412877687340437 -0.6004809471621353
2109 4.581001526319024 1.667348198708165 -0.9354174377043412
2110 4.815924681515302 1.75285323453951 -0.9354174377038973
2111 1.527000508773738 0.5557827329029875 -0.600480947161849
2112 1.301524075901302 0.4737160228088995 -0.5829552384573489
2113 5.285770991907681 1.923863306202135 -0.6004809471633012
2114 4.58100152631909 1.66734819870819 -0.600480947161968
2115 4.463539948721099 1.624595680792571 -0.7679491924331912
2116 5.050847836711466 1.838358270370813 -0.9354174377039304
2117 4.81592468151486 1.752853234539349 -0.6004809471619686
2118 6.225463612696515 2.265883449528868 -0.6004809471638137
2119 5.990540457499511 2.180378413697259 -0.6004809471638142
2120 5.050847836711023 1.838358270370652 -0.6004809471620018
2121 5.873078879900071 2.137625895781113 -0.7679491924340613
2122 5.755617302301721 2.094873377865364 -0.9354174377037023
2123 4.933386259113121 1.795605752455066 -0.7679491924330537
2124 5.990540457498277 2.18037841369681 -0.935417437704078
2125 6.460386767894834 2.351388485360956 -0.6001050376997428
2126 1.124317625414307 0.4092181495116657 -0.5732480032081327
2127 8.865358809916977 3.226726722899421 -0.3883316540473299
2128 0.5382364131760644 0.1959020333942927 -0.4176485618343065
2129 9.029401060165121 3.286433219151793 -4.444176506965556
2130 0.5266879657096053 0.1916987422645147 -4.612957823067346
2131 0.3748750453619769 0.1364433580809521 -4.454199123811961
2132 8.871570333423458 3.228987532565226 -4.605294286842906
2133 0.3668438328873409 0.1335202357951171 -0.5594957811397311
2134 9.012181267359125 3.28016572713018 -0.5809691066560151
2135 1.117142559730025 0.4066066391736822 -0.928013067404183
2136 1.232332480688846 0.4485323416901698 -0.758241957183554
2137 4.463539948721251 -1.624595680792626 -4.566987298108661
2138 2.584154707154785 -0.9405553941432366 -0.433012701890916
2139 5.884682375763883 -2.141849222888972 -0.4258834754725944
2140 6.812771500688961 -2.479646039107867 -4.566987298107113
2141 3.054001017545658 -1.111565465805313 -4.566987298110626
2142 3.993693638329606 -1.453585609130269 -0.4330127018909729
2143 7.282617811084992 -2.650656110771821 -0.4330127018932531
2144 0.3983276268073947 -0.144979399643788 -2.734201453139031
2145 8.955369278150574 -3.259487854108814 -2.654549410133884
2146 1.644462086371827 -0.5985352508186417 -4.566987298110375
2147 5.403232569507058 -1.966615824118258 -4.566987298107077
2148 0.4068988406738286 -0.1480990663626996 -1.749999999996302
2149 8.979447547949238 -3.268251627608159 -1.745399000489671
2150 4.933386259113988 -1.795605752455381 -0.4330127018920438
2151 1.644462086371634 -0.5985352508185714 -0.4330127018909277
2152 7.75246412147868 -2.821666182434923 -4.566987298106915
2153 8.975804780527486 -3.266925768696287 -3.793362827351541
2154 0.4211214273294969 -0.1532756645596346 -3.793362827355701
2155 8.218470369703175 -2.991278585770706 -0.4306533549338685
2156 0.3897362948186008 -0.141852410527168 -0.7529661584955213
2157 8.971387697815183 -3.265318082066717 -0.7959128095284822
2158 0.7067603779104404 -0.2572397403181328 -4.576613977473275
2159 8.690165829945306 -3.162961692937339 -4.576613977470982
2160 4.933386259113449 -1.795605752455185 -4.566987298107913
2161 4.698463103916229 -1.710100716623497 -4.13397459621688
2162 4.228616793524453 -1.539090644961092 -4.133974596218425
2163 4.463539948719101 -1.624595680791843 -3.700961894326433
2164 4.933386259111 -1.795605752454294 -3.70096189432493
2165 4.698463103913797 -1.710100716622613 -3.267949192434376
2166 5.16830941430601 -1.881110788285177 -3.267949192432742
2167 4.228616793521875 -1.539090644960154 -3.267949192435964
2168 4.463539948716483 -1.624595680790891 -2.834936490543893
2169 3.993693638324634 -1.453585609128459 -2.834936490545533
2170 4.228616793519192 -1.539090644959177 -2.401923788653488
2171 3.75877048312739 -1.368080573296762 -2.401923788655211
2172 4.698463103911052 -1.710100716621613 -2.401923788651801
2173 3.523847327932866 -1.282575537466056 -2.834936490547153
2174 3.288924172735654 -1.197070501634371 -2.401923788656849
2175 3.054001017541139 -1.111565465803668 -2.834936490548794
2176 2.819077862343941 -1.026060429971989 -2.40192378865847
2177 2.584154707149422 -0.9405553941412844 -2.834936490550472
2178 2.349231551952192 -0.8550503583095935 -2.401923788660104
2179 2.114308396757656 -0.7695453224788826 -2.834936490552109
2180 1.879385241560397 -0.684040286647181 -2.401923788661712
2181 3.523847327930043 -1.282575537465029 -1.968911086764747
2182 2.114308396754992 -0.7695453224779132 -1.968911086769726
2183 4.463539948713767 -1.624595680789902 -1.968911086761225
2184 4.933386259105946 -1.795605752452454 -1.968911086759507
2185 2.349231551954851 -0.8550503583105611 -3.267949192442508
2186 1.879385241562985 -0.6840402866481229 -3.267949192444148
2187 1.653283040528732 -0.6017458155695817 -1.963491463216331
2188 3.288924172738356 -1.197070501635355 -3.26794919243913
2189 1.880855400585433 -0.6845753807719317 -1.534995114286868
2190 2.349476578454188 -0.8551395406629263 -1.535747839779059
2191 1.399092580959328 -0.5092280544518725 -1.523441881486996
2192 4.698463103908479 -1.710100716620677 -1.53589838486874
2193 5.168309414301021 -1.881110788283361 -1.535898384866921
2194 5.40323256949863 -1.96661582411519 -1.968911086757814
2195 5.638155724693968 -2.052120859946193 -1.552369723245661
2196 5.873078879891796 -2.137625895778102 -1.971656309819894
2197 6.10800203508716 -2.223130931609113 -1.545274721246201
2198 6.342925190285102 -2.308635967441063 -1.97093134666296
2199 6.108002035089481 -2.223130931609958 -2.402329016792056
2200 6.577848345482966 -2.394141003272986 -2.402328036655722
2201 6.812771500678511 -2.479646039104063 -1.969315171406558
2202 7.047694655876386 -2.56515107493599 -2.402058510755991
2203 7.282617811071981 -2.650656110767086 -1.985472226260798
2204 6.342925190287477 -2.308635967441928 -2.834936490540533
2205 7.506181327800078 -2.732026576323987 -2.411685831876012
2206 7.280724537995966 -2.649967015722078 -2.836585951428094
2207 7.738895664406698 -2.816727667935802 -2.843817807518544
2208 7.753218451037545 -2.821940735941177 -2.057263673901368
2209 7.514964011248964 -2.735223211676364 -3.269704322074733
2210 7.984696374651774 -2.906191810026502 -3.269721933532348
2211 7.055982867205946 -2.568167737155257 -1.579618209860229
2212 1.444162748922328 -0.5256322540437826 -2.373988665777668
2213 4.228616793516293 -1.539090644958122 -1.535898384870572
2214 7.047694655878561 -2.565151074936781 -3.267949192431292
2215 5.403232569503388 -1.966615824116922 -3.70096189432355
2216 7.282188318573904 -2.650499788281945 -3.701254415929381
2217 6.812699918598998 -2.479619985357814 -3.701010647923706
2218 2.114308396760941 -0.7695453224800783 -3.700961894334151
2219 2.584154707151892 -0.9405553941421837 -3.700961894332562
2220 1.644462086369423 -0.5985352508177669 -3.700961894334972
2221 1.409538931171057 -0.5130302149856623 -3.267949192445539
2222 2.114308396752482 -0.7695453224769994 -1.102885682987479
2223 4.463539948710809 -1.624595680788826 -1.102885682978064
2224 5.411520780827553 -1.969632486334226 -1.146546712045528
2225 5.638155724698456 -2.052120859947826 -3.267949192431252
2226 5.87307887989635 -2.137625895779759 -3.700961894322107
2227 5.403232569500781 -1.966615824115973 -2.83493649054063
2228 2.349231551958018 -0.8550503583117138 -4.133974596222976
2229 1.188244302947881 -0.4324855573094207 -3.692588482071937
2230 8.20044708310852 -2.984718645926603 -2.872218949878354
2231 0.9547014793870376 -0.3474829211067901 -3.266900717446386
2232 8.457233587059491 -3.078181289926037 -3.267949192426887
2233 8.208233421228087 -2.987552641236057 -3.692883938907968
2234 2.584154707144182 -0.9405553941393773 -1.102885682985952
2235 2.819118700092021 -1.026075293696724 -1.535873294026415
2236 3.054001017535835 -1.111565465801738 -1.102885682984401
2237 3.993693638318665 -1.453585609126286 -1.102885682979942
2238 5.873078879901448 -2.137625895781615 -4.566987298106953
2239 5.416769981344628 -1.971543039076136 -0.4083492358443682
2240 6.342925190295471 -2.308635967444838 -4.566987298107327
2241 6.108002035094943 -2.223130931611946 -4.13397459621426
2242 0.4747230798683621 -0.1727850705912609 -3.264342162506273
2243 7.751824111117423 -2.821433237713803 -0.4326194773999944
2244 7.986640597920895 -2.90689944942523 -0.865566641877523
2245 8.460013701470857 -3.079193168819628 -0.851510939639182
2246 8.234252833675818 -2.997022932880127 -1.289413341582359
2247 7.777537067041833 -2.830791988305287 -1.266878333099342
2248 8.695916715319637 -3.165054844034272 -1.283568851480847
2249 8.485685654715182 -3.088536995656036 -1.726683311472747
2250 8.710755676105705 -3.170455784067844 -2.173821291572578
2251 8.234620459340897 -2.997156737679568 -2.122912909551038
2252 7.533092171551669 -2.741821322428555 -0.8533942175354167
2253 7.061890019292371 -2.570317764683999 -0.840444944432254
2254 3.75877048312427 -1.368080573295627 -1.535898384872322
2255 4.463539948721796 -1.624595680792825 -0.433012701892068
2256 6.344859106273456 -2.309339855296396 -0.4318244974897794
2257 6.113052957535128 -2.224969317035761 -0.8510537448261337
2258 6.580369798087518 -2.395058736968156 -0.8377048388556773
2259 0.4054703050296665 -0.1475791219096363 -2.247366908852948
2260 0.7921991429175164 -0.2883369076331732 -2.034335111753278
2261 0.8811640195295435 -0.3207174746151165 -1.513865145952312
2262 8.221978613152496 -2.992555481960819 -4.568591744667688
2263 8.528183604959926 -3.104004984562449 -4.09166135035936
2264 6.813904319688418 -2.480058351504481 -0.4296666603063368
2265 3.523847327937928 -1.282575537467898 -0.433012701890973
2266 7.282617811083374 -2.650656110771232 -4.566987298106799
2267 7.517469384193443 -2.73613509285389 -4.134023349815003
2268 1.64446208636076 -0.5985352508146138 -1.102885682988996
2269 1.177977106855816 -0.4287486035425347 -1.105435705435844
2270 3.993693638327319 -1.453585609129436 -3.70096189432801
2271 3.758770483132662 -1.368080573298682 -4.133974596219218
2272 3.523847327935726 -1.282575537467097 -3.700961894329144
2273 2.114308396763213 -0.7695453224809052 -0.4330127018909218
2274 3.75877048313013 -1.368080573297759 -3.267949192437488
2275 3.054001017543698 -1.1115654658046 -3.700961894330617
2276 1.193509220627448 -0.434401830630645 -0.3979612844832656
2277 2.584202351189297 -0.9405727351536392 -1.968881814110039
2278 3.054001017546356 -1.111565465805567 -0.4330127018909732
2279 3.993693638321825 -1.453585609127436 -1.968911086762927
2280 3.054015764503946 -1.111570833259176 -1.968902026181836
2281 8.916931093973936 -3.245497499209276 -3.251667935056996
2282 2.81907786234656 -1.026060429972942 -3.26794919244068
2283 6.57855312535579 -2.394397522168404 -1.557299144101977
2284 4.934091038978462 -1.79586227134776 -1.123277983297557
2285 1.174947594700361 -0.4276459512936012 -4.568591744672003
2286 6.812455955167732 -2.479531189930583 -2.835301229040738
2287 6.57778382421813 -2.394117519453108 -3.268018107781044
2288 0.4064501015951545 -0.1479357386951103 -1.252805217406323
2289 0.7697786828358507 -0.2801765275248933 -2.504716516564818
2290 4.933386259108502 -1.795605752453385 -2.834936490542252
2291 3.288933436852226 -1.197073873497051 -1.535892692968643
2292 1.650232722657983 -0.6006355906595788 -2.830280636739399
2293 3.52384732792725 -1.282575537464012 -1.102885682982139
2294 3.993693638329082 -1.453585609130078 -4.566987298109328
2295 1.15378197303733 -0.4199422950185182 -2.774470694866035
2296 5.168309414303545 -1.88111078828428 -2.401923788650062
2297 5.168309414308645 -1.881110788286136 -4.133974596215694
2298 3.523847327937558 -1.282575537467764 -4.566987298109866
2299 5.638155724701972 -2.052120859949106 -4.133974596214939
2300 5.638155724696132 -2.05212085994698 -2.402448863849928
2301 5.873078879892989 -2.137625895778536 -2.834992995844641
2302 3.288924172740466 -1.197070501636123 -4.133974596220255
2303 6.108002035090106 -2.223130931610186 -3.267949192430486
2304 2.819077862349086 -1.026060429973862 -4.133974596221507
2305 7.996798877747135 -2.910596760913327 -4.125851596029253
2306 2.584154707154258 -0.9405553941430445 -4.56698729811133
2307 7.750725064607217 -2.821033217498014 -3.69890659271478
2308 2.114308396763275 -0.769545322480928 -4.566987298112369
2309 7.047599213104733 -2.565116336608032 -4.13403960101631
2310 6.577841099165738 -2.394138365829207 -4.133979531589713
2311 6.342908124851244 -2.308629756131105 -3.700976490074779
2312 1.879385241567478 -0.6840402866497584 -4.133974596223405
2313 1.411865655456856 -0.5138770733690372 -4.132846435272898
2314 0.869010922980377 -0.3162941092170565 -4.091457976394513
2315 8.677742782930888 -3.158440073605201 -0.4106379043111132
2316 0.7325214553965199 -0.2666160057256909 -0.469271719885603
2317 0.391128052314053 -0.1423589688288294 -4.25435281555021
2318 9.005830098410883 -3.277854090680223 -4.254377026735681
2319 0.7609014545489549 -0.2769454806656773 -0.9999999999984349
2320 1.227541500964707 -0.44678856767761 -1.936393345443058
2321 7.985019732743874 -2.906309502747035 -2.470138509558892
2322 5.644569064943118 -2.054455124899105 -0.8002493456470283
2323 7.29313576533935 -2.654484333045781 -1.229337335733774
2324 8.016628004346854 -2.917813972767121 -1.68477845981753
2325 8.459083003716108 -3.078854422539801 -2.526163129589551
2326 1.409538931175842 -0.5130302149874036 -0.7679491924356433
2327 1.879385241567427 -0.6840402866497396 -0.7679491924349382
2328 2.349231551959003 -0.8550503583120723 -0.7679491924342228
2329 2.819077862350535 -1.026060429974389 -0.7679491924335087
2330 3.288924172742142 -1.197070501636733 -0.7679491924323162
2331 9.088120875360445 -3.307805484044504 -1.264976132298874
2332 3.758770483128191 -1.368080573297054 -0.767949192436024
2333 4.228616793517547 -1.539090644958579 -0.7679491924371457
2334 4.698463103905806 -1.710100716619704 -0.7679491924394279
2335 5.173133371518926 -1.882866565122052 -0.7798975285276588
2336 6.343910565870265 -2.308994614823636 -1.199561500357846
2337 6.818973690191872 -2.481903451474205 -1.207327662223626
2338 5.87397858529082 -2.137953361762955 -1.196714644630916
2339 7.526335510129312 -2.739362098787802 -1.634129956550483
2340 8.613901762640293 -3.135203842494239 -3.6347947003738
2341 0.781560242502631 -0.2844646645568326 -3.621730433154962
2342 8.60582972540664 -3.132265861211301 -2.908962000940868
2343 9.09032206135792 -3.308606650227668 -2.24999999999586
2344 0.762370398146297 -0.2774801324109257 -2.905208718852498
2345 0.343951370955802 -0.1251880610629648 -0.3660254037839581
2346 9.052974836901612 -3.295013372193114 -4.633974596214597
2347 9.052974836903065 -3.295013372193642 -0.3660254037835448
2348 0.3439513709554226 -0.1251880610628267 -4.633974596216134
2349 1.054889633720916 -0.3839484271103902 -0.7481235804477582
2350 1.079834534994178 -0.3930276286705668 -2.309772166696677
2351 0.6450661751549369 -0.2347848868883455 -3.942410401875107
2352 0.630069487647215 -0.2293265390229429 -4.172905395972362
2353 0.406124739821775 -0.147817316694232 -4.023857821452956
2354 8.751994192743705 -3.185465376629368 -3.942512088855451
2355 8.990817439469184 -3.272389929688255 -4.023869927043611
2356 8.767006851685405 -3.190929537621336 -4.173019188547521
2357 0.6013408349160639 -0.2188701645582336 -3.707546630255331
2358 0.825285582741504 -0.3003793868869445 -3.856594204774737
2359 8.571042683800108 -3.119604413528344 -3.86322802536658
2360 8.794853271583889 -3.201064805595263 -3.714078763862671
2361 1.140128300244436 -0.4149727645334945 -1.518653513719654
2362 1.313317040962017 -0.4780083110647412 -1.729917613465027
2363 1.054352760247125 -0.3837530211463632 -1.725129245697685
2364 8.715700699643019 -3.172255625443173 -0.8237118745838321
2365 8.833652206567411 -3.215186463050494 -1.039740830504665
2366 8.577965208395247 -3.12212400642695 -1.067539895560015
2367 8.83306247712814 -3.214971819088329 -2.414185350853231
2368 8.70722614093334 -3.169171138324308 -2.590356269861718
2369 8.584919339910908 -3.124655103303823 -2.349992210581064
2370 1.02957056319268 -0.3747330390788256 -1.309650425694078
2371 1.288534843907572 -0.4689883289972036 -1.31443879346142
2372 8.900538868731813 -3.239531217147756 -2.211910645784219
2373 9.022845669754247 -3.284047252168241 -2.452274705064872
2374 9.029754286587814 -3.28656178305561 -1.030444470913678
2375 8.892018795340041 -3.236430164039388 -1.27427249188986
2376 0.83668158122353 -0.3045271911241448 -1.774100128852795
2377 1.009870321941112 -0.3675627376553916 -1.985364228598168
2378 8.837682131634438 -3.216653235821215 -1.514483925985259
2379 8.732566601332209 -3.178394311632097 -1.736041155981209
2380 8.590801185017408 -3.126795919845154 -1.505126081476797
2381 8.845101612027472 -3.219353705838001 -1.959610146031124
2382 8.598220665410444 -3.12949638986194 -1.950252301522662
2383 8.609174717452616 -3.133483338749894 -4.334137663915172
2384 8.847997964178095 -3.220407891808781 -4.415495502103331
2385 0.7878856504454087 -0.2867669247675946 -4.334035976933894
2386 0.5489442151122468 -0.1997993545734811 -4.415483396511743
2387 8.687082340516714 -3.161839394567656 -3.259808563741942
2388 8.765416428307114 -3.190350670851758 -3.443231317715398
2389 8.535567674849892 -3.106692566210138 -3.451371946400344
2390 0.7147122796276999 -0.2601339958490255 -3.265621439976329
2391 0.8681308609448344 -0.3159737928318114 -3.444315575300674
2392 0.6281416611854965 -0.2286248675740468 -3.443036297830617
2393 8.092733407926197 -2.945514074336819 -2.671178729718623
2394 8.222051368229991 -2.992581962643418 -2.498150819574222
2395 8.329765043412314 -3.031786534233202 -2.699191039733952
2396 8.568878242200872 -3.118816621212415 -0.6310744219751476
2397 8.824565240373037 -3.211879077835959 -0.6032753569197977
2398 8.109820096042386 -2.951733120213301 -2.296525709554965
2399 8.346851731528503 -3.038005580109685 -2.324538019570294
2400 0.5611288751075604 -0.2042342081264295 -0.6111189391905621
2401 0.7467114549727374 -0.2717807431956841 -0.734635859942019
2402 0.5753188746837778 -0.2093989455964226 -0.8764830792469781
2403 8.780599501778607 -3.195876857660057 -2.781755705537376
2404 8.532456364561373 -3.105560141875551 -2.71756256526521
2405 7.897082535694343 -2.874302980536204 -1.475828396458436
2406 7.771481757238083 -2.828588035777461 -1.659454208184006
2407 7.651936288585572 -2.785077043546544 -1.450504144824913
2408 7.17751289231586 -2.61240104886489 -1.034891140083014
2409 7.056054727765611 -2.568193892259993 -1.2183324989787
2410 6.940431854742122 -2.526110608079102 -1.02388630332794
2411 5.530669523143873 -2.01299908198762 -0.6042992907456983
2412 5.408851218231022 -1.968660845010579 -0.7900734370873436
2413 5.294951676431777 -1.927204802099094 -0.5941233821860135
2414 8.531531656233065 -3.105223575568669 -3.088455596683878
2415 8.761380409690288 -3.188881680210288 -3.080314967998932
2416 7.993919455189221 -2.909548736810373 -2.090088291726203
2417 7.8849232276922 -2.869877354354149 -1.871021066859449
2418 8.125624231843876 -2.957485355223344 -1.903845684684284
2419 8.472688067723301 -3.083806260873706 -2.148367100561808
2420 8.36015305702804 -3.042846866667802 -1.924798110511893
2421 0.6185467390073296 -0.2251326015010933 -3.084775440679385
2422 0.8585359387666673 -0.3124815267588579 -3.086054718149442
2423 0.8210327370392492 -0.2988314776403969 -1.256932572975374
2424 0.9694392807023855 -0.352847042104106 -1.052717852717139
2425 0.4479222535989295 -0.1630303675754478 -3.528852494930987
2426 8.946367937250711 -3.256211633952781 -3.522515381204268
2427 7.86911909189071 -2.864125119344106 -2.26370109173013
2428 0.8937055445587179 -0.3252822164180406 -0.6086976501666805
2429 0.9078955441349355 -0.3304469538880337 -0.8740617902230965
2430 0.9617803279365904 -0.3500594112717058 -2.639593605715427
2431 0.9248066089150144 -0.33660207809773 -2.407244341630748
2432 1.116808254015754 -0.4064849618445425 -2.542121430781356
2433 9.033784211654842 -3.288028555826331 -1.505187566394272
2434 1.298972360979829 -0.4727872745311504 -2.574229680321851
2435 1.261998641958253 -0.4593299413571746 -2.341880416237172
2436 7.174559316272648 -2.611326035100519 -1.404477772797001
2437 6.93747827869891 -2.525035594314731 -1.393472936041928
2438 5.528044922885336 -2.012043805616666 -0.9733980288462781
2439 5.292327076173239 -1.926249525728139 -0.9632221202865934
2440 7.639776980583428 -2.780651417364489 -1.845696815225925
2441 7.400043597638408 -2.693395601812561 -4.350505323960901
2442 7.165108512094053 -2.607886223689632 -4.350513449561555
2443 7.282534298649088 -2.650625714730961 -4.134031475415656
2444 5.990540457498195 -2.180378413696781 -4.350480947160607
2445 5.75561730230171 -2.094873377865361 -4.350480947160946
2446 5.873078879898458 -2.137625895780526 -4.1339745962146
2447 5.990540457495646 -2.180378413695853 -3.917468245268184
2448 5.755617302299161 -2.094873377864433 -3.917468245268523
2449 6.695270508882368 -2.436879175593511 -3.917495089756709
2450 6.460374612008491 -2.351384060980156 -3.917478010832246
2451 6.577804021725121 -2.394124870744459 -3.700993568999242
2452 7.399828851383673 -2.693317440567918 -3.917638882872192
2453 7.164893765839318 -2.607808062444988 -3.917647008472846
2454 8.368208513094007 -3.045778812899253 -3.892272644633664
2455 8.26249124135353 -3.007300872737888 -4.108756473194306
2456 8.102516149487611 -2.949074701074692 -3.909367767468611
2457 4.581001526319122 -1.667348198708201 -4.78349364905433
2458 4.69846310391735 -1.710100716623906 -4.566987298108288
2459 4.815924681515221 -1.75285323453948 -4.783493649053956
2460 5.050847836712215 -1.838358270371085 -4.783493649053956
2461 7.873761971177176 -2.865814989205671 -3.912379094372016
2462 7.979479242917652 -2.904292929367036 -3.695895265811374
2463 5.638155724704253 -2.052120859949937 -4.566987298107015
2464 5.520694147104515 -2.009368342033682 -4.350480947161008
2465 8.375081109056211 -3.048280233261634 -4.330126547513524
2466 8.109388745449815 -2.951576121437073 -4.347221670348471
2467 3.171462595142082 -1.154317983720361 -3.917468245275436
2468 3.054001017544776 -1.111565465804992 -4.133974596220881
2469 2.936539439946392 -1.068812947889231 -3.917468245276062
2470 5.28577099190902 -1.923863306202622 -4.783493649053538
2471 5.168309414310254 -1.881110788286722 -4.566987298107495
2472 5.050847836711047 -1.83835827037066 -4.350480947161803
2473 5.285770991907851 -1.923863306202197 -4.350480947161385
2474 4.58100152631874 -1.667348198708062 -4.350480947162771
2475 4.815924681514839 -1.752853234539341 -4.350480947162396
2476 5.520694147106225 -2.009368342034304 -4.783493649053538
2477 5.75561730230342 -2.094873377865983 -4.783493649053476
2478 5.761419050234637 -2.096985041419661 -0.2129417377362972
2479 5.650726178554256 -2.056696130982554 -0.4171163556584813
2480 5.52746285302501 -2.011831949513243 -0.2041746179221841
2481 5.050847836712484 -1.838358270371184 -0.2165063509460219
2482 4.81592468151549 -1.752853234539578 -0.2165063509460219
2483 3.641308905527157 -1.325328055380328 -1.752404735818534
2484 3.876232060723048 -1.410833091211531 -1.752404735817624
2485 3.758770483125934 -1.368080573296232 -1.968911086763837
2486 6.821129908689945 -2.482688250826078 -0.8390748916439656
2487 6.697137058887968 -2.437558544236318 -0.6336857495810071
2488 6.937897169490395 -2.52518805809424 -0.6350558023692954
2489 4.111155215927529 -1.496338127045862 -0.2165063509454865
2490 4.346078371123625 -1.581843162877141 -0.216506350946034
2491 4.228616793525701 -1.539090644961547 -0.4330127018915204
2492 5.990540457500424 -2.180378413697592 -4.783493649053476
2493 6.10800203509846 -2.223130931613226 -4.56698729810714
2494 6.225463612697435 -2.265883449529203 -4.783493649053664
2495 4.581001526319394 -1.667348198708301 -0.216506350946034
2496 3.993693638320281 -1.453585609126875 -1.535898384871447
2497 4.111155215919059 -1.496338127042779 -1.75240473581675
2498 6.225463612695207 -2.265883449528392 -4.350480947160793
2499 5.403232569505308 -1.966615824117621 -4.133974596215316
2500 6.46135372588363 -2.351740429286663 -0.2159122487448897
2501 6.69587633259111 -2.437099677390706 -0.2148333301531684
2502 6.579381712980937 -2.394699103400439 -0.4307455788980581
2503 7.869232354519159 -2.864166343569517 -0.6490930596387587
2504 7.759866384736283 -2.824360385926893 -0.8594804297064698
2505 7.642458141334545 -2.781627280071179 -0.6430068474677055
2506 8.102555483812035 -2.949089017597968 -0.6481099984056957
2507 8.339242035587016 -3.035235877295167 -0.6410821472865252
2508 8.223327149695876 -2.993046309122429 -0.8585387907583525
2509 8.347133267573337 -3.038108050849877 -1.070462140610771
2510 8.110446715798357 -2.951961191152678 -1.077489991729941
2511 4.698463103917891 -1.710100716624103 -0.4330127018920559
2512 0.2027351525148333 -0.07378956095481815 -2.12368345442423
2513 0.2027351525148333 -0.07378956095481815 -2.373683454424576
2514 6.460386767894637 -2.351388485360884 -4.783493649053664
2515 6.462614452180487 -2.352199296132276 -0.6347646681727284
2516 0.1991638134036973 -0.072489699821894 -2.867100726567998
2517 0.4365253533378784 -0.1588822351175244 -2.999271807822652
2518 0.237361539934181 -0.08639253529563044 -3.132171081251619
2519 7.40007938868343 -2.693408628687603 -0.2165063509466265
2520 7.634682538699645 -2.778797192158594 -0.2163097386999972
2521 7.517220961101208 -2.736044674242812 -0.4328160896466238
2522 7.407854991318331 -2.696238716600188 -0.6432034597143349
2523 8.465084774497727 -3.0810388884572 -1.286491096531603
2524 7.882088832481364 -2.868845718865258 -1.066222487488433
2525 7.655314619296751 -2.786306655366921 -1.060136275317379
2526 0.5995489917956724 -0.2182179869979364 -1.89216755587479
2527 0.6440314301016861 -0.2344082704889081 -1.631932572974307
2528 4.346078371122852 -1.581843162876859 -4.350480947163543
2529 4.46353994872034 -1.624595680792294 -4.133974596217652
2530 7.869605693896847 -2.864302227990275 -0.2163097386999972
2531 8.456072221548901 -3.077758587449079 -4.572602861069335
2532 6.226430570686428 -2.266235393454982 -0.2159122487448897
2533 6.695309923091382 -2.436893521192399 -4.783493649053557
2534 6.577848345492216 -2.394141003276352 -4.56698729810722
2535 7.985147240410299 -2.906355911742255 -0.4316364161669315
2536 3.876232060731421 -1.41083309121458 -4.783493649054664
2537 3.641308905535659 -1.325328055383423 -4.783493649054932
2538 3.75877048313332 -1.368080573298921 -4.566987298109597
2539 8.573699708507931 -3.120571491433702 -4.788306988735491
2540 8.339606100111528 -3.035368385945442 -4.784295872333844
2541 0.4061845728517476 -0.1478390941361679 -1.998683454424625
2542 0.5988347239735914 -0.2179580147714048 -2.140851010303113
2543 5.292539697827804 -1.926326913681561 -0.2041746179221841
2544 3.406385750337041 -1.239823019551226 -3.484455543384137
2545 3.523847327934243 -1.282575537466557 -3.267949192438309
2546 3.641308905532928 -1.325328055382428 -3.484455543383316
2547 7.757134130970289 -2.823365926883608 -4.129937472922128
2548 7.63409722440033 -2.778584155175952 -3.916464971264891
2549 0.2105607136647485 -0.0766378322798173 -3.646681413676714
2550 0.237361539934181 -0.08639253529563044 -3.382171081252
2551 4.11115521591748 -1.496338127042204 -1.319392033925257
2552 3.876232060721468 -1.410833091210956 -1.319392033926132
2553 4.346078371113551 -1.581843162873474 -1.319392033924318
2554 4.228616793514737 -1.539090644957556 -1.102885682979003
2555 8.102928823189723 -2.949224902018726 -0.2153266774669343
2556 8.359969244195501 -3.042779964268082 -1.508048326527553
2557 3.406390382391135 -1.23982470548104 -1.752401889866695
2558 3.523851959988248 -1.282577223396339 -1.535895538920482
2559 0.2105607136647485 -0.0766378322798173 -3.896681413677095
2560 8.337851978386865 -3.034729937850385 -0.2153266774669343
2561 3.288924172739712 -1.197070501635848 -3.700961894329881
2562 3.171462595141027 -1.154317983719978 -3.484455543384874
2563 6.930799487788127 -2.522604713222319 -0.2148333301531684
2564 7.635002543880274 -2.778913664519154 -4.783493649053458
2565 7.869925699077475 -2.864418700350835 -4.783493649053458
2566 0.2034494203369143 -0.0740495331813498 -1.874999999995907
2567 7.047694655886168 -2.565151074939549 -4.566987298106956
2568 6.930185356896847 -2.522381187857949 -4.350513449561712
2569 3.758770483131523 -1.368080573298267 -3.700961894328577
2570 3.876232060728724 -1.410833091213597 -3.484455543382749
2571 0.1991638134036973 -0.072489699821894 -2.617100726567618
2572 4.346078371115031 -1.581843162874012 -1.752404735815899
2573 4.228616793517796 -1.539090644958669 -1.968911086762076
2574 2.231769974357896 -0.8122978403953197 -3.48445554338833
2575 2.466693129553371 -0.8978028762263723 -3.484455543387535
2576 2.349231551956416 -0.8550503583111311 -3.700961894333357
2577 3.054001017539798 -1.11156546580318 -2.40192378865766
2578 2.936546813423944 -1.068815631615583 -2.185412907420153
2579 3.1714699686198 -1.154320667446774 -2.185412907419343
2580 7.29749109542202 -2.656069543556277 -0.8469195809838354
2581 7.172253915188682 -2.61048693772791 -0.6367288231627536
2582 4.581001526311123 -1.66734819870529 -1.752404735814983
2583 4.463539948712386 -1.6245956807894 -1.535898384869656
2584 0.1948681474093004 -0.07092620526358399 -0.626483079247558
2585 0.1948681474093004 -0.07092620526358399 -0.8764830792469673
2586 4.111155215924597 -1.496338127044795 -3.484455543381987
2587 3.993693638326002 -1.453585609128957 -3.267949192436726
2588 7.39439956943603 -2.691341343545536 -2.198579029068405
2589 7.517918131054763 -2.736298423354131 -2.021367950081083
2590 7.629699889418811 -2.776983656132582 -2.23447475288869
2591 3.288931546216995 -1.197073185362103 -1.968906556473291
2592 3.171474600678086 -1.154322353378114 -1.75239735957524
2593 2.701640106766619 -0.9833165825628141 -2.185402801384255
2594 2.819109057846622 -1.026071784206408 -1.968891920145937
2595 4.346078371120488 -1.581843162875999 -3.484455543381198
2596 4.22861679352321 -1.539090644960639 -3.700961894327222
2597 6.228956031904293 -2.267154586166078 -0.6414391211579565
2598 6.346711377811323 -2.310014027001959 -0.8443792918409054
2599 4.346078371119178 -1.581843162875523 -3.051442841489928
2600 4.111155215923255 -1.496338127044306 -3.051442841490748
2601 4.228616793520558 -1.539090644959675 -2.834936490544713
2602 2.584154707150705 -0.9405553941417515 -3.267949192441594
2603 2.701616284749226 -0.9833079120575627 -3.484455543386621
2604 6.930233078288399 -2.522398557024012 -4.783493649053557
2605 7.165156233485606 -2.607903592855695 -4.783493649053399
2606 0.4018989659185306 -0.1462792607767122 -2.490784180995989
2607 4.581001526316449 -1.667348198707228 -3.484455543380404
2608 4.463539948717836 -1.624595680791384 -3.26794919243517
2609 6.11477074101867 -2.225594539092684 -0.4288539864811869
2610 5.998867666649506 -2.183409269962366 -0.6384686101493641
2611 2.819077862347795 -1.026060429973392 -3.70096189433159
2612 2.936539439945129 -1.068812947888771 -3.484455543385649
2613 7.40007938868262 -2.693408628687308 -4.783493649053399
2614 7.517540966281027 -2.736161146603077 -4.566987298106858
2615 2.584154707148067 -0.9405553941407914 -2.401923788659287
2616 2.466716951570745 -0.8978115467316163 -2.185402801385071
2617 3.406385750332849 -1.2398230195497 -2.185417437710798
2618 3.406385750335611 -1.239823019550705 -3.051442841493142
2619 3.641308905531498 -1.325328055381907 -3.05144284149232
2620 2.466693129554955 -0.8978028762269488 -3.917468245277769
2621 2.231769974359479 -0.812297840395896 -3.917468245278564
2622 8.80862286370507 -3.20607652726536 -4.788306988735491
2623 4.111155215921913 -1.496338127043818 -2.618430139599511
2624 3.876232060726012 -1.410833091212611 -2.618430139600372
2625 3.993693638323291 -1.45358560912797 -2.401923788654349
2626 8.104682944914384 -2.949863350113783 -4.784295872333844
2627 2.231769974353592 -0.8122978403937533 -2.185417437714915
2628 2.349255373972144 -0.8550590288157762 -1.968896450439882
2629 1.997581898670212 -0.7270603516249224 -1.751953100528297
2630 2.11516598951981 -0.769857460717429 -1.535371477032963
2631 2.23189248760459 -0.8123424315704197 -1.752329463274392
2632 6.930075305523147 -2.522341132433682 -3.051625210736015
2633 6.812739240048346 -2.479634297194945 -3.267983650106168
2634 6.695119889692931 -2.436824354691845 -3.051659668410891
2635 4.111155215925886 -1.496338127045264 -3.917468245273217
2636 3.993693638328558 -1.453585609129887 -4.133974596218822
2637 3.876232060729991 -1.410833091214059 -3.917468245273614
2638 6.225463612688479 -2.265883449525943 -2.618632753666295
2639 6.108002035090233 -2.223130931610232 -2.834964743192587
2640 5.990540457491235 -2.180378413694247 -2.618661006318349
2641 6.577690572727604 -2.394083578686256 -2.835118859790636
2642 6.460354507252804 -2.351376743447518 -3.051477299160789
2643 3.876232060727382 -1.410833091213109 -3.05144284149151
2644 7.634966752836061 -2.778900637644407 -4.350505323960959
2645 3.75877048312875 -1.368080573297257 -2.834936490546343
2646 2.231892487603335 -0.8123424315699628 -1.319316761383269
2647 2.349231551948332 -0.8550503583081883 -1.102885682986715
2648 2.466815642799185 -0.8978474674011518 -1.319316761382505
2649 1.997581898668957 -0.7270603516244656 -1.318940398637173
2650 3.641308905530128 -1.325328055381409 -2.618430139601182
2651 2.466693129552136 -0.8978028762259227 -3.05144284149649
2652 2.701616284747991 -0.9833079120571131 -3.051442841495576
2653 3.876232060731683 -1.410833091214675 -0.2165063509454865
2654 4.581001526309644 -1.667348198704751 -1.319392033923402
2655 2.819077862345281 -1.026060429972476 -2.834936490549633
2656 2.93653943994385 -1.068812947888305 -3.051442841494737
2657 3.641308905534194 -1.32532805538289 -3.917468245274181
2658 2.114308396756295 -0.7695453224783873 -2.401923788660908
2659 1.996846819157694 -0.7267928045625471 -2.185417437715719
2660 4.346078371121777 -1.581843162876468 -3.917468245272429
2661 6.930233078277448 -2.522398557020026 -2.185686841081274
2662 7.047694655875246 -2.565151074935574 -1.977393698833678
2663 7.165156233474184 -2.607903592851538 -2.193765368508394
2664 7.987221367315588 -2.907110832197871 -4.567789521387302
2665 1.883795718641862 -0.6856455690237475 -1.966201274993028
2666 1.767069220557083 -0.6431605981707567 -1.749243288751599
2667 7.165156233486414 -2.607903592855989 -0.2165063509466265
2668 7.048261065386705 -2.565357231138151 -0.4313396810997949
2669 3.641308905535844 -1.32532805538349 -0.2165063509454865
2670 3.406385750340012 -1.239823019552307 -0.2165063509454865
2671 3.171462595139747 -1.154317983719511 -3.051442841493962
2672 3.054001017542458 -1.111565465804149 -3.267949192439905
2673 3.40638575033426 -1.239823019550213 -2.618430139602001
2674 3.523847327931522 -1.282575537465567 -2.40192378865603
2675 4.346078371117837 -1.581843162875034 -2.61843013959869
2676 6.108002035088449 -2.223130931609583 -1.971293828241427
2677 6.225463612687291 -2.265883449525511 -2.186630181727508
2678 5.990540457490638 -2.18037841369403 -2.186992663305975
2679 2.114308396758918 -0.769545322479342 -3.267949192443328
2680 1.996846819161963 -0.7267928045641006 -3.484455543389149
2681 0.3980931982068776 -0.1448940746111392 -1.002885687950922
2682 0.2032250507975772 -0.07396786934755516 -1.126402608702368
2683 1.301524075901653 -0.4737160228090271 -0.1989806422416328
2684 1.066600920705733 -0.3882109869778126 -0.1989806422416328
2685 1.521777333660044 -0.5538816526332431 -1.313163782237996
2686 1.411219596608288 -0.5136419271785743 -1.10416069421242
2687 2.70161628475267 -0.9833079120588168 -0.216506350945458
2688 2.936539439948456 -1.068812947889982 -0.2165063509454866
2689 2.819077862350571 -1.026060429974402 -0.4330127018909446
2690 3.171462595144226 -1.154317983721141 -0.2165063509454866
2691 3.288924172742142 -1.197070501636732 -0.4330127018909731
2692 6.460386767884033 -2.351388485357025 -2.186629691659341
2693 6.342925190286223 -2.308635967441472 -2.402328526723889
2694 3.641308905528716 -1.325328055380895 -2.185417437709979
2695 2.466839464821742 -0.8978561379082828 -1.752314826944549
2696 3.758770483133767 -1.368080573299084 -0.433012701890973
2697 2.584297639273104 -0.9406074171798251 -1.535810566902737
2698 2.701660525640659 -0.9833240144251816 -1.752377554068227
2699 2.701636703618101 -0.9833153439180506 -1.319379488506184
2700 2.819077862340008 -1.026060429970558 -1.102885682985177
2701 2.936559858813928 -1.068820379749231 -1.319379488505408
2702 5.996342205431642 -2.18249007725127 -0.2129417377362972
2703 2.231769974361114 -0.8122978403964911 -0.2165063509454609
2704 1.996846819165311 -0.7267928045653194 -0.2165063509454609
2705 2.936567232297984 -1.06882306347795 -1.752387660104125
2706 8.005894950358826 -2.913907460592707 -1.278145837340851
2707 4.58100152631514 -1.667348198706752 -3.051442841489135
2708 3.288924172737003 -1.197070501634862 -2.834936490547974
2709 4.581001526317666 -1.66734819870767 -3.917468245271656
2710 1.63997399077238 -0.596901717611902 -1.529218497886932
2711 1.762658743473096 -0.6415553157932727 -1.318940398637932
2712 7.276937991838232 -2.648588825629989 -2.406872171316001
2713 1.879385241556621 -0.6840402866458066 -1.102885682988237
2714 0.5876244939327586 -0.2138778247172648 -2.376041712708883
2715 0.5840531548216227 -0.2125779635843407 -2.619458984851924
2716 3.171462595138396 -1.154317983719019 -2.618430139602822
2717 9.176147743004829 -3.33984464368275 -2.827274705065425
2718 9.176147743004829 -3.33984464368275 -2.577274705065045
2719 1.52618781074403 -0.5554869350107271 -1.743466672351663
2720 2.466693129556901 -0.8978028762276569 -0.216506350945458
2721 2.349231551958999 -0.855050358312071 -0.4330127018909189
2722 4.346078371123352 -1.581843162877041 -4.78349364905433
2723 2.936539439948107 -1.068812947889855 -4.783493649055313
2724 3.171462595143877 -1.154317983721014 -4.783493649055313
2725 2.93653943994254 -1.068812947887829 -2.618430139603632
2726 7.861796019529236 -2.861459738981152 -3.056769870525446
2727 7.969671373757609 -2.900723156931202 -2.858018378698449
2728 8.092571728880147 -2.945455227976552 -3.070970441705351
2729 1.766334141044565 -0.6428930511083814 -2.182707625939021
2730 1.527000508773745 -0.5557827329029903 -0.2165063509454639
2731 1.418985653499541 -0.5164685407246082 -0.4154869931870967
2732 0.7809889128766836 -0.2842567175790333 -2.269525814159048
2733 4.698815493844636 -1.710228976068293 -1.113081833137811
2734 4.816277071443471 -1.752981493984219 -1.329588184083148
2735 7.164941487226232 -2.607825431609363 -3.484601804180337
2736 7.047444118586451 -2.56505988681988 -3.701132531926544
2737 6.93019728723878 -2.522385530147297 -3.484479920177499
2738 2.701616284746682 -0.9833079120566368 -2.618430139604471
2739 6.695309923080739 -2.436893521188525 -2.18582160403114
2740 6.812771500679676 -2.479646039104488 -2.402193273705857
2741 6.460386767885222 -2.351388485357457 -2.618632263598127
2742 8.328840335084006 -3.03144996792632 -3.07008407115262
2743 8.220964980855634 -2.992186549976269 -3.268835562979618
2744 3.876232060724607 -1.410833091212099 -2.185417437709069
2745 6.577848345481806 -2.394141003272563 -1.970123259034759
2746 6.460739157820446 -2.351516744804734 -1.764115245382468
2747 6.69566231301715 -2.437021780636234 -1.763307157754268
2748 2.466693129550807 -0.897802876225439 -2.618430139605288
2749 9.156928650916511 -3.332849466232982 -3.375833967527362
2750 9.156928650916511 -3.332849466232982 -3.125833967526981
2751 1.761923663969522 -0.6412877687341524 -0.2165063509454639
2752 1.879385241567423 -0.6840402866497384 -0.4330127018909248
2753 6.934377183942228 -2.52390688812966 -1.774466690633393
2754 7.169300339138964 -2.609411923961171 -1.782545218060513
2755 8.936150186062255 -3.252492676659045 -2.95310867259544
2756 2.349231551953539 -0.8550503583100835 -2.834936490551291
2757 2.231769974356253 -0.8122978403947219 -3.051442841497308
2758 4.111155215920508 -1.496338127043306 -2.185417437708208
2759 9.186365494193286 -3.343563600976487 -3.896681413675015
2760 9.186365494193286 -3.343563600976487 -3.646681413674635
2761 7.164209596937264 -2.607559045329429 -3.052267571929693
2762 7.046590246581849 -2.564749102826331 -2.835943590234416
2763 6.695241871408564 -2.436868752405461 -3.484514377852375
2764 7.397844274622465 -2.692595113699221 -3.053145136751414
2765 7.281329333563763 -2.650187143306573 -3.268826757253013
2766 6.817267996280869 -2.48128262966183 -1.568458676981103
2767 3.171467227194031 -1.154319669649394 -1.319389187976522
2768 3.288924172731543 -1.197070501632875 -1.10288568298327
2769 3.406390382389738 -1.239824705480531 -1.319389187975391
2770 0.2032250507975772 -0.07396786934755516 -1.376402608701639
2771 4.34607837111648 -1.58184316287454 -2.185417437707356
2772 6.225463612686131 -2.265883449525088 -1.758103033954581
2773 6.343277580221475 -2.308764226888758 -1.551286932674089
2774 4.228616793525166 -1.539090644961352 -4.566987298108995
2775 4.111155215926767 -1.496338127045585 -4.350480947163876
2776 7.626929837827831 -2.775975439806083 -3.056761064796639
2777 7.74983019295037 -2.820707510851433 -3.269713127803541
2778 0.5883033441511971 -0.2141249059903015 -4.788306988736638
2779 0.8232264993472288 -0.2996299418215566 -4.788306988736638
2780 8.332733504143789 -3.032866965581047 -3.480416565667428
2781 8.096464897939931 -2.94687222563128 -3.481302936220158
2782 7.393452932898022 -2.690996796023033 -2.624135891652053
2783 7.622538496103388 -2.774377122129895 -2.627751819697278
2784 7.509810101201332 -2.73334734182894 -2.840201879473319
2785 6.93007530552206 -2.522341132433287 -2.618679869898364
2786 6.695152150325349 -2.436836096601785 -2.61881463284823
2787 7.164209596936177 -2.607559045329034 -2.619322231092043
2788 7.398576164911434 -2.692861499979155 -3.485479369002057
2789 3.171462595143062 -1.154317983720718 -4.35048094716544
2790 2.936539439947372 -1.068812947889588 -4.350480947166067
2791 1.879385241565182 -0.6840402866489226 -3.700961894334561
2792 1.761923663966204 -0.6412877687329449 -3.48445554338956
2793 5.990540457489478 -2.180378413693608 -1.758465515533048
2794 6.342892929654118 -2.308624225531647 -3.267983650105765
2795 6.225463612688792 -2.265883449526057 -3.051442841485509
2796 2.231769974354924 -0.812297840394238 -2.618430139606106
2797 1.996846819159027 -0.7267928045630319 -2.618430139606911
2798 1.057320107742189 -0.3848330473092908 -4.784295872336001
2799 1.292243262938109 -0.4703380831405052 -4.784295872336001
2800 3.64130890552576 -1.325328055379819 -1.31939203392723
2801 1.996846819160321 -0.7267928045635028 -3.051442841498129
2802 4.463539948715121 -1.624595680790395 -2.401923788652645
2803 4.581001526312409 -1.667348198705757 -2.185417437706513
2804 3.054026068472123 -1.111574583596887 -1.535882993497529
2805 5.403232569497495 -1.966615824114777 -1.544134054056291
2806 5.289915097564287 -1.925371637308793 -1.341222548456225
2807 5.524838252760761 -2.010876673140209 -1.349458217645594
2808 1.527000508773842 -0.5557827329030254 -4.783493649055187
2809 1.761923663969618 -0.6412877687341876 -4.783493649055187
2810 5.403232569502233 -1.966615824116501 -3.267949192431997
2811 5.285770991903395 -1.923863306200575 -3.051442841486686
2812 5.520694147099618 -2.0093683420319 -3.051442841485941
2813 0.4066744711344915 -0.1480174025289049 -1.501402608701313
2814 0.6438070605623489 -0.2343266066551134 -1.383335181679318
2815 4.698463103909857 -1.710100716621178 -1.968911086760366
2816 4.815924681507212 -1.752853234536565 -1.752404735814123
2817 4.698463103915051 -1.710100716623069 -3.700961894325681
2818 4.815924681512398 -1.752853234538454 -3.484455543379653
2819 4.111155215927267 -1.496338127045767 -4.783493649054664
2820 4.581001526313767 -1.667348198706252 -2.618430139597847
2821 4.815924681513614 -1.752853234538895 -3.917468245270905
2822 3.876232060730872 -1.41083309121438 -4.350480947164273
2823 3.64130890553511 -1.325328055383223 -4.350480947164542
2824 1.661773995241363 -0.6048362703454817 -2.38795622721969
2825 1.54872289472553 -0.5636890348066821 -2.168740064496999
2826 6.460345974534687 -2.351373637792107 -3.484497298927911
2827 0.2034494203369143 -0.0740495331813498 -1.624999999996628
2828 9.184156952837135 -3.342759757661702 -0.8979564047634478
2829 9.184156952837135 -3.342759757661702 -0.6479564047640385
2830 5.175078120229308 -1.883574395765758 -0.4206809688682061
2831 1.52700050877024 -0.5557827329017146 -3.484455543390255
2832 1.644462086367021 -0.5985352508168926 -3.267949192444843
2833 6.34292156713034 -2.308634648720576 -4.133977063901987
2834 6.225455079973093 -2.265880343871526 -3.91747554314452
2835 5.755617302292882 -2.094873377862148 -1.762013016532777
2836 5.873078879890564 -2.137625895777653 -1.548822222245931
2837 3.758770483122958 -1.368080573295149 -1.102885682981041
2838 5.520694147100922 -2.009368342032374 -3.484455543377401
2839 5.755617302297403 -2.094873377863792 -3.484455543376679
2840 5.638155724699869 -2.05212085994834 -3.700961894322829
2841 5.050847836707256 -1.838358270369281 -3.051442841487497
2842 5.168309414304641 -1.881110788284679 -2.834936490541441
2843 5.990540457491548 -2.180378413694361 -3.051471094137564
2844 5.520694147096298 -2.009368342030692 -1.760640405001737
2845 5.638155724695213 -2.052120859946646 -1.970283698288854
2846 1.416353194658652 -0.5155104040635938 -3.696775188203454
2847 1.298891617059469 -0.4727578861475414 -3.480268837258738
2848 5.051200226639741 -1.838486529815561 -1.329588184082239
2849 5.172805909903007 -1.882747378840993 -1.134912347671543
2850 1.547197735790156 -0.5631339223516807 -2.602134651258534
2851 1.402007347847656 -0.5102889428390485 -2.802375665802717
2852 4.933386259104751 -1.795605752452019 -1.53589838486783
2853 1.409704840536094 -0.5130906010561215 -4.567789521391189
2854 5.285770991899826 -1.923863306199276 -1.752404735812367
2855 0.9408539863054006 -0.342442845805867 -4.572602861072639
2856 5.285770991904698 -1.92386330620105 -3.484455543378146
2857 5.050847836703483 -1.838358270367908 -1.752404735813214
2858 5.168309414302287 -1.881110788283822 -1.968911086758661
2859 1.071472891167459 -0.3899842392081054 -3.479744599759162
2860 1.182120205279047 -0.4302565680462261 -3.267424954945962
2861 5.050847836708504 -1.838358270369735 -3.484455543378836
2862 5.168309414307194 -1.881110788285608 -3.70096189432424
2863 4.698463103912493 -1.710100716622138 -2.834936490543073
2864 4.81592468151115 -1.752853234537999 -3.051442841488314
2865 1.76480898210919 -0.6423379386533798 -2.616102212700556
2866 4.815924681508498 -1.752853234537033 -2.185417437705654
2867 1.882270559707819 -0.6850904565692307 -2.832608563645754
2868 4.933386259109904 -1.795605752453895 -3.267949192433559
2869 1.52988582691452 -0.5568329028226205 -3.049114914592469
2870 1.281660452104194 -0.4664862550020902 -3.021209943655787
2871 1.764808982110484 -0.6423379386538508 -3.049114914591773
2872 4.933386259112437 -1.795605752454816 -4.133974596216287
2873 9.188186877904162 -3.344226530432423 -1.872699500242592
2874 9.188186877904162 -3.344226530432423 -1.622699500243313
2875 3.406385750339827 -1.23982301955224 -4.783493649054932
2876 4.815924681509777 -1.752853234537499 -2.618430139597026
2877 5.285770991901087 -1.923863306199735 -2.185417437703938
2878 5.52069414709738 -2.009368342031085 -2.185679975303871
2879 5.403232569499838 -1.96661582411563 -2.402186326249995
2880 5.873078879892806 -2.137625895778469 -2.402388940320992
2881 5.755617302293964 -2.094873377862541 -2.187052586834911
2882 1.054241726212184 -0.3837126080626542 -3.02068570615621
2883 2.701616284750489 -0.9833079120580228 -3.917468245277035
2884 5.050847836709822 -1.838358270370215 -3.917468245270312
2885 5.285770991902163 -1.923863306200126 -2.618430139595346
2886 5.520694147098457 -2.009368342031476 -2.618692677195279
2887 5.050847836704746 -1.838358270368367 -2.185417437704785
2888 7.516456691590561 -2.735766502889979 -3.700080504322081
2889 5.050847836706024 -1.838358270368833 -2.618430139596157
2890 4.933386259107298 -1.795605752452946 -2.401923788650931
2891 3.406385750338096 -1.23982301955161 -3.9174682452747
2892 3.288924172741608 -1.197070501636539 -4.566987298110246
2893 5.285770991906016 -1.923863306201529 -3.917468245269622
2894 5.520694147102679 -2.009368342033014 -3.917468245269244
2895 7.874631499612907 -2.866131471674125 -4.346419447068085
2896 2.701616284752407 -0.9833079120587207 -4.783493649055665
2897 2.819077862349958 -1.026060429974179 -4.566987298110979
2898 3.523847327936564 -1.282575537467403 -4.133974596219737
2899 6.460383144730605 -2.351387166637022 -4.350483414848521
2900 6.695306299927349 -2.436892202468537 -4.350483414848413
2901 5.75561730229456 -2.094873377862758 -2.618720929847285
2902 5.638155724696885 -2.052120859947255 -2.834964743192636
2903 5.755617302295723 -2.094873377863181 -3.051471094137947
2904 7.867710719629496 -2.863612513762258 -3.484314263123564
2905 7.632844537928091 -2.778128214587189 -3.484305457394757
2906 1.761923663968451 -0.6412877687337626 -3.917468245279188
2907 1.645625448512167 -0.5989586800093978 -4.133410515748151
2908 1.52816387091314 -0.556206162093402 -3.916904164803935
2909 5.873078879894281 -2.137625895779006 -3.267949192430869
2910 5.990540457493228 -2.180378413694973 -3.484455543376296
2911 2.584154707153552 -0.940555394142788 -4.133974596222242
2912 1.879385241567551 -0.6840402866497848 -4.566987298111371
2913 1.996846819165342 -0.7267928045653307 -4.783493649056185
2914 3.406385750339012 -1.239823019551944 -4.35048094716506
2915 1.996846819164209 -0.7267928045649183 -3.917468245278778
2916 2.701616284751672 -0.9833079120584532 -4.350480947166419
2917 6.107993502373796 -2.223127825955432 -3.700969192198443
2918 2.466693129556637 -0.8978028762275607 -4.783493649055665
2919 6.225455079970675 -2.265880343870646 -3.484462841252633
2920 2.231769974361145 -0.8122978403965024 -4.783493649056185
2921 2.349231551958766 -0.8550503583119862 -4.566987298111849
2922 6.812720156135235 -2.479627351218619 -4.134009566303011
2923 2.466693129556138 -0.8978028762273791 -4.350480947167153
2924 2.231769974360646 -0.8122978403963209 -4.350480947167672
2925 6.930149565851865 -2.522368160982923 -3.917525124470008
2926 1.761923663969652 -0.6412877687342 -4.35048094716689
2927 1.528163870914341 -0.5562061620938394 -4.349916866691636
2928 1.996846819165377 -0.7267928045653431 -4.350480947167886
2929 2.114308396762748 -0.769545322480736 -4.13397459622319
2930 1.300054979202369 -0.4731813153392289 -3.912717458672418
2931 1.140438289218616 -0.4150855912930468 -4.112152205833706
2932 1.028627612964129 -0.3743898332632386 -3.892023229233225
2933 1.293406625078608 -0.4707615123313192 -4.350719089972451
2934 1.021979258840369 -0.3719700302553288 -4.330024860533258
2935 8.448106576317031 -3.074859329687953 -0.4206456296224909
2936 8.80241134019786 -3.203815717599291 -0.2053189521555566
2937 8.567488185000723 -3.118310681767633 -0.2053189521555566
2938 0.8361070380902685 -0.3043180745253356 -0.2346358599428015
2939 0.6011838828942369 -0.2188130386940805 -0.2346358599428015
2940 0.1955640261570265 -0.0711794844144147 -4.12717640777435
2941 0.1955640261570265 -0.0711794844144147 -4.377176407774728
2942 9.201378153134984 -3.349027761968455 -4.377188513367463
2943 9.201378153134984 -3.349027761968455 -4.127188513367085
2944 8.251156829531018 -3.003175484211578 -1.705730885645139
2945 0.5836757780720547 -0.2124406096803938 -1.126402608702379
2946 9.034884804653579 -3.288429138917913 -1.997699500242766
2947 1.335852124943518 -0.4862104108606963 -2.155191005610363
2948 1.44041227074672 -0.5242671916235959 -1.949942404329694
2949 0.9630153380119839 -0.350508918178168 -0.4336165021844343
2950 7.745600530271976 -2.819168039535511 -2.440912170717452
2951 7.861957698575286 -2.861518585341418 -2.656978158538718
2952 5.7646257203535 -2.098152173894039 -0.6130664105598114
2953 7.41311396844551 -2.698152827737168 -1.041365776634595
2954 8.125440419011337 -2.957418452823624 -1.487095900699944
2955 9.242523541609765 -3.364003458650596 -1.132488066148644
2956 9.242523541609765 -3.364003458650596 -1.382488066147915
2957 5.642749683059186 -2.053792924048591 -1.171630678338222
2958 5.756067154992394 -2.095037110854574 -1.374542183938289
2959 7.291159188667629 -2.65376491797153 -1.606874083205356
2960 7.404476660600647 -2.695009104777444 -1.809801091405641
2961 8.41106759193419 -3.061378241865148 -3.663839319640884
2962 0.9849022727252561 -0.3584751109331267 -3.657159457613449
2963 9.243624134608503 -3.364404041742177 -2.374999999996033
2964 9.243624134608503 -3.364404041742177 -2.124999999995687
2965 0.5803490124768459 -0.2112297660273568 -2.819705085995764
2966 0.171975685477901 -0.06259403053148239 -0.183012701891979
2967 0.171975685477901 -0.06259403053148239 -0.4330127018917764
2968 8.990027367183224 -3.272102366893248 -4.816987298107298
2969 9.224950522380349 -3.3576074027249 -4.816987298107298
2970 9.224950522380349 -3.3576074027249 -4.566987298106922
2971 0.4068988406738779 -0.1480990663627175 -0.183012701891979
2972 9.224950522381075 -3.357607402725165 -0.4330127018915698
2973 9.224950522381075 -3.357607402725165 -0.1830127018917724
2974 0.1719756854777113 -0.06259403053141335 -4.566987298107689
2975 0.1719756854777113 -0.06259403053141335 -4.816987298108067
2976 0.4068988406736882 -0.1480990663626485 -4.816987298108067
2977 8.990027367183949 -3.272102366893511 -0.1830127018917724
2978 0.9580761855918135 -0.3487112137147219 -2.839839706859267
2979 0.7660745404910738 -0.2788283299679095 -2.704962617708658
2980 5.759273825116969 -2.09620424333103 -0.9984819951389722
2981 7.409735637734331 -2.696923215916791 -1.431733646142129
2982 5.878811011239123 -2.139712220967433 -0.825651545236581
2983 7.535336416190591 -2.742638160675534 -1.248107834416558
2984 8.403138404257579 -3.058492253568952 -2.890590475409611
2985 6.228481761702696 -2.266981965929698 -1.02530762259199
2986 6.108944575580542 -2.223473988293295 -1.198138072494381
2987 5.993515771412975 -2.181461339399358 -1.023884194728525
2988 1.293758019015829 -0.4708894092649691 -0.9366924489357435
2989 1.527000508768301 -0.5557827329010088 -0.9354174377123197
2990 1.644462086371635 -0.5985352508185716 -0.7679491924352908
2991 1.761923663964093 -0.6412877687321767 -0.9354174377119671
2992 1.996846819159954 -0.7267928045633695 -0.9354174377112086
2993 2.114308396763215 -0.7695453224809059 -0.7679491924345805
2994 2.231769974355743 -0.8122978403945358 -0.9354174377108508
2995 2.466693129551593 -0.8978028762257249 -0.9354174377100873
2996 2.584154707154769 -0.9405553941432306 -0.7679491924338657
2997 2.701616284747359 -0.9833079120568831 -0.9354174377097303
2998 2.936539439943185 -1.068812947888063 -0.9354174377089548
2999 3.054001017546339 -1.111565465805561 -0.7679491924329125
3000 3.171462595138989 -1.154317983719235 -0.9354174377083586
3001 3.406385750334696 -1.239823019550372 -0.9354174377072275
3002 3.523847327935167 -1.282575537466893 -0.7679491924341701
3003 3.641308905527721 -1.325328055380533 -0.9354174377090815
3004 3.876232060723428 -1.41083309121167 -0.935417437707983
3005 4.346078371119672 -1.581843162875702 -0.6004809471646069
3006 4.111155215923577 -1.496338127044424 -0.6004809471640593
3007 4.581001526313801 -1.667348198706264 -0.600480947165748
3008 4.463539948711677 -1.624595680789142 -0.7679491924382869
3009 4.815924681509896 -1.752853234537542 -0.6004809471657359
3010 5.053259815316457 -1.839236158788716 -0.6064551152098513
3011 4.935798237712365 -1.796483640870878 -0.7739233604835434
3012 1.527000508773738 -0.5557827329029875 -0.6004809471632855
3013 1.301524075901645 -0.4737160228090244 -0.5829552384594545
3014 1.76192366396953 -0.6412877687341555 -0.600480947162933
3015 1.99684681916532 -0.7267928045653225 -0.60048094716293
3016 2.231769974361108 -0.8122978403964888 -0.6004809471625723
3017 2.466693129556894 -0.8978028762276544 -0.6004809471625694
3018 6.699671744139695 -2.438481094221181 -1.022516250539652
3019 2.70161628475266 -0.9833079120588128 -0.6004809471622123
3020 2.936539439948445 -1.068812947889978 -0.600480947162241
3021 6.462140181978891 -2.352026675895896 -1.018633169606762
3022 3.171462595144249 -1.15431798372115 -0.6004809471616447
3023 6.581442128031068 -2.395449033148921 -1.203444581290736
3024 3.406385750340035 -1.239823019552315 -0.6004809471616446
3025 3.64130890553306 -1.325328055382476 -0.6004809471634985
3026 3.876232060728898 -1.410833091213662 -0.6004809471634984
3027 4.111155215918107 -1.496338127042433 -0.9354174377085438
3028 4.346078371114178 -1.581843162873703 -0.9354174377076048
3029 4.581001526308308 -1.667348198704265 -0.935417437708746
3030 4.816277071442133 -1.752981493983732 -0.9456135878684925
3031 5.053612205248694 -1.839364418234906 -0.9515877559126079
3032 6.225956300478712 -2.266062773216374 -1.372418110802023
3033 6.461231845613027 -2.35169606849602 -1.378430322229911
3034 6.698763407773831 -2.438150486821304 -1.382313403162801
3035 3.993693638322869 -1.453585609127817 -0.7679491924365849
3036 5.99099031018899 -2.180542146686034 -1.370994682938559
3037 1.124199427174182 -0.4091751288705176 -0.5730424324655119
3038 8.865358809916977 -3.226726722899421 -0.388331654047329
3039 0.3675397116347378 -0.1337735149458281 -4.444163705883172
3040 0.538236413176161 -0.1959020333943278 -0.4176485618347806
3041 9.029402467656247 -3.286433731436668 -4.444175811475139
3042 8.87157033342346 -3.228987532565227 -4.60529428684279
3043 0.3668438328872014 -0.1335202357950664 -0.5594957811397396
3044 0.5253558744329315 -0.1912139006904797 -4.605294286844704
3045 9.012181267359125 -3.280165727130179 -0.5809691066560135
3046 0.9360168389558472 -0.34068226815187 -2.172053639224978
3047 1.153688017979443 -0.4199080981740884 -2.123082756069867
3048 1.116433370288366 -0.4063485153264624 -0.926779642941801
3049 1.232214282448379 -0.4484893210488969 -0.7580363864417008
$EndNodes
$Elements
6144
1 15 2 0 1 1
2 15 2 0 2 2
3 15 2 0 3 3
4 15 2 0 4 4
5 15 2 0 5 5
6 15 2 0 6 6
7 15 2 0 7 7
8 15 2 0 8 8
9 1 2 0 1 1 19
10 1 2 0 1 19 39
11 1 2 0 1 39 10
12 1 2 0 1 10 30
13 1 2 0 1 30 11
14 1 2 0 1 11 31
15 1 2 0 1 31 12
16 1 2 0 1 12 32
17 1 2 0 1 32 13
18 1 2 0 1 13 33
19 1 2 0 1 33 14
20 1 2 0 1 14 34
21 1 2 0 1 34 15
22 1 2 0 1 15 35
23 1 2 0 1 35 16
24 1 2 0 1 16 36
25 1 2 0 1 36 17
26 1 2 0 1 17 37
27 1 2 0 1 37 18
28 1 2 0 1 18 38
29 1 2 0 1 38 9
30 1 2 0 1 9 29
31 1 2 0 1 29 20
32 1 2 0 1 20 40
33 1 2 0 1 40 21
34 1 2 0 1 21 41
35 1 2 0 1 41 22
36 1 2 0 1 22 42
37 1 2 0 1 42 23
38 1 2 0 1 23 43
39 1 2 0 1 43 24
40 1 2 0 1 24 44
41 1 2 0 1 44 25
42 1 2 0 1 25 45
43 1 2 0 1 45 26
44 1 2 0 1 26 46
45 1 2 0 1 46 27
46 1 2 0 1 27 47
47 1 2 0 1 47 28
48 1 2 0 1 28 2
49 1 2 0 2 2 58
50 1 2 0 2 58 78
51 1 2 0 2 78 49
52 1 2 0 2 49 69
53 1 2 0 2 69 50
54 1 2 0 2 50 70
55 1 2 0 2 70 51
56 1 2 0 2 51 71
57 1 2 0 2 71 52
58 1 2 0 2 52 72
59 1 2 0 2 72 53
60 1 2 0 2 53 73
61 1 2 0 2 73 54
62 1 2 0 2 54 74
63 1 2 0 2 74 55
64 1 2 0 2 55 75
65 1 2 0 2 75 56
66 1 2 0 2 56 76
67 1 2 0 2 76 57
68 1 2 0 2 57 77
69 1 2 0 2 77 48
70 1 2 0 2 48 68
71 1 2 0 2 68 59
72 1 2 0 2 59 79
73 1 2 0 2 79 60
74 1 2 0 2 60 80
75 1 2 0 2 80 61
76 1 2 0 2 61 81
77 1 2 0 2 81 62
78 1 2 0 2 62 82
79 1 2 0 2 82 63
80 1 2 0 2 63 83
81 1 2 0 2 83 64
82 1 2 0 2 64 84
83 1 2 0 2 84 65
84 1 2 0 2 65 85
85 1 2 0 2 85 66
86 1 2 0 2 66 86
87 1 2 0 2 86 67
88 1 2 0 2 67 3
89 1 2 0 3 2 97
90 1 2 0 3 97 117
91 1 2 0 3 117 88
92 1 2 0 3 88 108
93 1 2 0 3 108 89
94 1 2 0 3 89 109
95 1 2 0 3 109 90
96 1 2 0 3 90 110
97 1 2 0 3 110 91
98 1 2 0 3 91 111
99 1 2 0 3 111 92
100 1 2 0 3 92 112
101 1 2 0 3 112 93
102 1 2 0 3 93 113
103 1 2 0 3 113 94
104 1 2 0 3 94 114
105 1 2 0 3 114 95
106 1 2 0 3 95 115
107 1 2 0 3 115 96
108 1 2 0 3 96 116
109 1 2 0 3 116 87
110 1 2 0 3 87 107
111 1 2 0 3 107 98
112 1 2 0 3 98 118
113 1 2 0 3 118 99
114 1 2 0 3 99 119
115 1 2 0 3 119 100
116 1 2 0 3 100 120
117 1 2 0 3 120 101
118 1 2 0 3 101 121
119 1 2 0 3 121 102
120 1 2 0 3 102 122
121 1 2 0 3 122 103
122 1 2 0 3 103 123
123 1 2 0 3 123 104
124 1 2 0 3 104 124
125 1 2 0 3 124 105
126 1 2 0 3 105 125
127 1 2 0 3 125 106
128 1 2 0 3 106 4
129 1 2 0 4 5 136
130 1 2 0 4 136 156
131 1 2 0 4 156 127
132 1 2 0 4 127 147
133 1 2 0 4 147 128
134 1 2 0 4 128 148
135 1 2 0 4 148 129
136 1 2 0 4 129 149
137 1 2 0 4 149 130
138 1 2 0 4 130 150
139 1 2 0 4 150 131
140 1 2 0 4 131 151
141 1 2 0 4 151 132
142 1 2 0 4 132 152
143 1 2 0 4 152 133
144 1 2 0 4 133 153
145 1 2 0 4 153 134
146 1 2 0 4 134 154
147 1 2 0 4 154 135
148 1 2 0 4 135 155
149 1 2 0 4 155 126
150 1 2 0 4 126 146
151 1 2 0 4 146 137
152 1 2 0 4 137 157
153 1 2 0 4 157 138
154 1 2 0 4 138 158
155 1 2 0 4 158 139
156 1 2 0 4 139 159
157 1 2 0 4 159 140
158 1 2 0 4 140 160
159 1 2 0 4 160 141
160 1 2 0 4 141 161
161 1 2 0 4 161 142
162 1 2 0 4 142 162
163 1 2 0 4 162 143
164 1 2 0 4 143 163
165 1 2 0 4 163 144
166 1 2 0 4 144 164
167 1 2 0 4 164 145
168 1 2 0 4 145 6
169 1 2 0 5 6 175
170 1 2 0 5 175 195
171 1 2 0 5 195 166
172 1 2 0 5 166 186
173 1 2 0 5 186 167
174 1 2 0 5 167 187
175 1 2 0 5 187 168
176 1 2 0 5 168 188
177 1 2 0 5 188 169
178 1 2 0 5 169 189
179 1 2 0 5 189 170
180 1 2 0 5 170 190
181 1 2 0 5 190 171
182 1 2 0 5 171 191
183 1 2 0 5 191 172
184 1 2 0 5 172 192
185 1 2 0 5 192 173
186 1 2 0 5 173 193
187 1 2 0 5 193 174
188 1 2 0 5 174 194
189 1 2 0 5 194 165
190 1 2 0 5 165 185
191 1 2 0 5 185 176
192 1 2 0 5 176 196
193 1 2 0 5 196 177
194 1 2 0 5 177 197
195 1 2 0 5 197 178
196 1 2 0 5 178 198
197 1 2 0 5 198 179
198 1 2 0 5 179 199
199 1 2 0 5 199 180
200 1 2 0 5 180 200
201 1 2 0 5 200 181
202 1 2 0 5 181 201
203 1 2 0 5 201 182
204 1 2 0 5 182 202
205 1 2 0 5 202 183
206 1 2 0 5 183 203
207 1 2 0 5 203 184
208 1 2 0 5 184 7
209 1 2 0 6 6 214
210 1 2 0 6 214 234
211 1 2 0 6 234 205
212 1 2 0 6 205 225
213 1 2 0 6 225 206
214 1 2 0 6 206 226
215 1 2 0 6 226 207
216 1 2 0 6 207 227
217 1 2 0 6 227 208
218 1 2 0 6 208 228
219 1 2 0 6 228 209
220 1 2 0 6 209 229
221 1 2 0 6 229 210
222 1 2 0 6 210 230
223 1 2 0 6 230 211
224 1 2 0 6 211 231
225 1 2 0 6 231 212
226 1 2 0 6 212 232
227 1 2 0 6 232 213
228 1 2 0 6 213 233
229 1 2 0 6 233 204
230 1 2 0 6 204 224
231 1 2 0 6 224 215
232 1 2 0 6 215 235
233 1 2 0 6 235 216
234 1 2 0 6 216 236
235 1 2 0 6 236 217
236 1 2 0 6 217 237
237 1 2 0 6 237 218
238 1 2 0 6 218 238
239 1 2 0 6 238 219
240 1 2 0 6 219 239
241 1 2 0 6 239 220
242 1 2 0 6 220 240
243 1 2 0 6 240 221
244 1 2 0 6 221 241
245 1 2 0 6 241 222
246 1 2 0 6 222 242
247 1 2 0 6 242 223
248 1 2 0 6 223 8
249 1 2 0 7 1 243
250 1 2 0 7 243 253
251 1 2 0 7 253 252
252 1 2 0 7 252 261
253 1 2 0 7 261 251
254 1 2 0 7 251 260
255 1 2 0 7 260 250
256 1 2 0 7 250 259
257 1 2 0 7 259 249
258 1 2 0 7 249 258
259 1 2 0 7 258 248
260 1 2 0 7 248 257
261 1 2 0 7 257 247
262 1 2 0 7 247 256
263 1 2 0 7 256 246
264 1 2 0 7 246 255
265 1 2 0 7 255 245
266 1 2 0 7 245 254
267 1 2 0 7 254 244
268 1 2 0 7 244 5
269 1 2 0 8 3 262
270 1 2 0 8 262 272
271 1 2 0 8 272 271
272 1 2 0 8 271 280
273 1 2 0 8 280 270
274 1 2 0 8 270 279
275 1 2 0 8 279 269
276 1 2 0 8 269 278
277 1 2 0 8 278 268
278 1 2 0 8 268 277
279 1 2 0 8 277 267
280 1 2 0 8 267 276
281 1 2 0 8 276 266
282 1 2 0 8 266 275
283 1 2 0 8 275 265
284 1 2 0 8 265 274
285 1 2 0 8 274 264
286 1 2 0 8 264 273
287 1 2 0 8 273 263
288 1 2 0 8 263 7
289 1 2 0 9 4 281
290 1 2 0 9 281 291
291 1 2 0 9 291 290
292 1 2 0 9 290 299
293 1 2 0 9 299 289
294 1 2 0 9 289 298
295 1 2 0 9 298 288
296 1 2 0 9 288 297
297 1 2 0 9 297 287
298 1 2 0 9 287 296
299 1 2 0 9 296 286
300 1 2 0 9 286 295
301 1 2 0 9 295 285
302 1 2 0 9 285 294
303 1 2 0 9 294 284
304 1 2 0 9 284 293
305 1 2 0 9 293 283
306 1 2 0 9 283 292
307 1 2 0 9 292 282
308 1 2 0 9 282 8
309 1 2 0 10 2 300
310 1 2 0 10 300 310
311 1 2 0 10 310 309
312 1 2 0 10 309 318
313 1 2 0 10 318 308
314 1 2 0 10 308 317
315 1 2 0 10 317 307
316 1 2 0 10 307 316
317 1 2 0 10 316 306
318 1 2 0 10 306 315
319 1 2 0 10 315 305
320 1 2 0 10 305 314
321 1 2 0 10 314 304
322 1 2 0 10 304 313
323 1 2 0 10 313 303
324 1 2 0 10 303 312
325 1 2 0 10 312 302
326 1 2 0 10 302 311
327 1 2 0 10 311 301
328 1 2 0 10 301 6
329 2 2 0 1 326 532 534
330 2 2 0 1 532 533 534
331 2 2 0 1 532 474 533
332 2 2 0 1 534 533 478
333 2 2 0 1 335 535 537
334 2 2 0 1 535 536 537
335 2 2 0 1 535 410 536
336 2 2 0 1 537 536 423
337 2 2 0 1 400 538 540
338 2 2 0 1 538 539 540
339 2 2 0 1 538 394 539
340 2 2 0 1 540 539 425
341 2 2 0 1 440 541 543
342 2 2 0 1 541 542 543
343 2 2 0 1 541 327 542
344 2 2 0 1 543 542 441
345 2 2 0 1 474 532 545
346 2 2 0 1 532 544 545
347 2 2 0 1 532 326 544
348 2 2 0 1 545 544 509
349 2 2 0 1 394 546 539
350 2 2 0 1 546 547 539
351 2 2 0 1 546 409 547
352 2 2 0 1 539 547 425
353 2 2 0 1 410 535 549
354 2 2 0 1 535 548 549
355 2 2 0 1 535 335 548
356 2 2 0 1 549 548 501
357 2 2 0 1 327 541 551
358 2 2 0 1 541 550 551
359 2 2 0 1 541 440 550
360 2 2 0 1 551 550 525
361 2 2 0 1 310 309 553
362 2 2 0 1 309 552 553
363 2 2 0 1 309 318 552
364 2 2 0 1 553 552 415
365 2 2 0 1 261 252 555
366 2 2 0 1 252 554 555
367 2 2 0 1 252 253 554
368 2 2 0 1 555 554 492
369 2 2 0 1 330 556 558
370 2 2 0 1 556 557 558
371 2 2 0 1 556 472 557
372 2 2 0 1 558 557 473
373 2 2 0 1 414 559 561
374 2 2 0 1 559 560 561
375 2 2 0 1 559 329 560
376 2 2 0 1 561 560 439
377 2 2 0 1 310 553 563
378 2 2 0 1 553 562 563
379 2 2 0 1 553 415 562
380 2 2 0 1 563 562 527
381 2 2 0 1 492 554 565
382 2 2 0 1 554 564 565
383 2 2 0 1 554 253 564
384 2 2 0 1 565 564 526
385 2 2 0 1 439 560 567
386 2 2 0 1 560 566 567
387 2 2 0 1 560 329 566
388 2 2 0 1 567 566 440
389 2 2 0 1 400 540 569
390 2 2 0 1 540 568 569
391 2 2 0 1 540 425 568
392 2 2 0 1 569 568 503
393 2 2 0 1 423 536 571
394 2 2 0 1 536 570 571
395 2 2 0 1 536 410 570
396 2 2 0 1 571 570 504
397 2 2 0 1 330 558 573
398 2 2 0 1 558 572 573
399 2 2 0 1 558 473 572
400 2 2 0 1 573 572 474
401 2 2 0 1 411 574 575
402 2 2 0 1 574 549 575
403 2 2 0 1 574 410 549
404 2 2 0 1 575 549 501
405 2 2 0 1 435 576 578
406 2 2 0 1 576 577 578
407 2 2 0 1 576 508 577
408 2 2 0 1 578 577 515
409 2 2 0 1 408 579 581
410 2 2 0 1 579 580 581
411 2 2 0 1 579 507 580
412 2 2 0 1 581 580 512
413 2 2 0 1 506 582 584
414 2 2 0 1 582 583 584
415 2 2 0 1 582 146 583
416 2 2 0 1 584 583 522
417 2 2 0 1 505 585 587
418 2 2 0 1 585 586 587
419 2 2 0 1 585 150 586
420 2 2 0 1 587 586 521
421 2 2 0 1 326 534 589
422 2 2 0 1 534 588 589
423 2 2 0 1 534 478 588
424 2 2 0 1 589 588 503
425 2 2 0 1 395 590 591
426 2 2 0 1 590 567 591
427 2 2 0 1 590 439 567
428 2 2 0 1 591 567 440
429 2 2 0 1 441 542 593
430 2 2 0 1 542 592 593
431 2 2 0 1 542 327 592
432 2 2 0 1 593 592 504
433 2 2 0 1 499 594 596
434 2 2 0 1 594 595 596
435 2 2 0 1 594 339 595
436 2 2 0 1 596 595 501
437 2 2 0 1 340 597 599
438 2 2 0 1 597 598 599
439 2 2 0 1 597 500 598
440 2 2 0 1 599 598 502
441 2 2 0 1 395 591 600
442 2 2 0 1 591 543 600
443 2 2 0 1 591 440 543
444 2 2 0 1 600 543 441
445 2 2 0 1 425 547 602
446 2 2 0 1 547 601 602
447 2 2 0 1 547 409 601
448 2 2 0 1 602 601 502
449 2 2 0 1 472 556 604
450 2 2 0 1 556 603 604
451 2 2 0 1 556 330 603
452 2 2 0 1 604 603 510
453 2 2 0 1 329 559 606
454 2 2 0 1 559 605 606
455 2 2 0 1 559 414 605
456 2 2 0 1 606 605 514
457 2 2 0 1 395 600 608
458 2 2 0 1 600 607 608
459 2 2 0 1 600 441 607
460 2 2 0 1 608 607 479
461 2 2 0 1 441 609 607
462 2 2 0 1 609 610 607
463 2 2 0 1 609 399 610
464 2 2 0 1 607 610 479
465 2 2 0 1 436 611 612
466 2 2 0 1 611 584 612
467 2 2 0 1 611 506 584
468 2 2 0 1 612 584 522
469 2 2 0 1 464 613 614
470 2 2 0 1 613 587 614
471 2 2 0 1 613 505 587
472 2 2 0 1 614 587 521
473 2 2 0 1 508 615 577
474 2 2 0 1 615 616 577
475 2 2 0 1 615 324 616
476 2 2 0 1 577 616 515
477 2 2 0 1 507 617 580
478 2 2 0 1 617 618 580
479 2 2 0 1 617 328 618
480 2 2 0 1 580 618 512
481 2 2 0 1 413 619 621
482 2 2 0 1 619 620 621
483 2 2 0 1 619 338 620
484 2 2 0 1 621 620 415
485 2 2 0 1 338 619 623
486 2 2 0 1 619 622 623
487 2 2 0 1 619 413 622
488 2 2 0 1 623 622 416
489 2 2 0 1 325 624 626
490 2 2 0 1 624 625 626
491 2 2 0 1 624 418 625
492 2 2 0 1 626 625 420
493 2 2 0 1 413 627 622
494 2 2 0 1 627 628 622
495 2 2 0 1 627 412 628
496 2 2 0 1 622 628 416
497 2 2 0 1 325 626 630
498 2 2 0 1 626 629 630
499 2 2 0 1 626 420 629
500 2 2 0 1 630 629 421
501 2 2 0 1 412 631 628
502 2 2 0 1 631 632 628
503 2 2 0 1 631 331 632
504 2 2 0 1 628 632 416
505 2 2 0 1 497 633 635
506 2 2 0 1 633 634 635
507 2 2 0 1 633 457 634
508 2 2 0 1 635 634 498
509 2 2 0 1 41 22 637
510 2 2 0 1 22 636 637
511 2 2 0 1 22 42 636
512 2 2 0 1 637 636 421
513 2 2 0 1 418 624 639
514 2 2 0 1 624 638 639
515 2 2 0 1 624 325 638
516 2 2 0 1 639 638 459
517 2 2 0 1 331 631 641
518 2 2 0 1 631 640 641
519 2 2 0 1 631 412 640
520 2 2 0 1 641 640 417
521 2 2 0 1 401 642 644
522 2 2 0 1 642 643 644
523 2 2 0 1 642 403 643
524 2 2 0 1 644 643 417
525 2 2 0 1 42 645 636
526 2 2 0 1 645 630 636
527 2 2 0 1 645 325 630
528 2 2 0 1 636 630 421
529 2 2 0 1 453 646 648
530 2 2 0 1 646 647 648
531 2 2 0 1 646 488 647
532 2 2 0 1 648 647 489
533 2 2 0 1 412 649 640
534 2 2 0 1 649 644 640
535 2 2 0 1 649 401 644
536 2 2 0 1 640 644 417
537 2 2 0 1 417 650 651
538 2 2 0 1 650 639 651
539 2 2 0 1 650 418 639
540 2 2 0 1 651 639 459
541 2 2 0 1 421 652 654
542 2 2 0 1 652 653 654
543 2 2 0 1 652 422 653
544 2 2 0 1 654 653 495
545 2 2 0 1 417 643 650
546 2 2 0 1 643 655 650
547 2 2 0 1 643 403 655
548 2 2 0 1 650 655 418
549 2 2 0 1 379 656 658
550 2 2 0 1 656 657 658
551 2 2 0 1 656 455 657
552 2 2 0 1 658 657 456
553 2 2 0 1 449 659 661
554 2 2 0 1 659 660 661
555 2 2 0 1 659 454 660
556 2 2 0 1 661 660 482
557 2 2 0 1 379 662 656
558 2 2 0 1 662 663 656
559 2 2 0 1 662 454 663
560 2 2 0 1 656 663 455
561 2 2 0 1 41 637 664
562 2 2 0 1 637 654 664
563 2 2 0 1 637 421 654
564 2 2 0 1 664 654 495
565 2 2 0 1 488 665 647
566 2 2 0 1 665 666 647
567 2 2 0 1 665 320 666
568 2 2 0 1 647 666 489
569 2 2 0 1 421 629 652
570 2 2 0 1 629 667 652
571 2 2 0 1 629 420 667
572 2 2 0 1 652 667 422
573 2 2 0 1 451 668 670
574 2 2 0 1 668 669 670
575 2 2 0 1 668 321 669
576 2 2 0 1 670 669 452
577 2 2 0 1 422 671 672
578 2 2 0 1 671 635 672
579 2 2 0 1 671 497 635
580 2 2 0 1 672 635 498
581 2 2 0 1 450 673 675
582 2 2 0 1 673 674 675
583 2 2 0 1 673 445 674
584 2 2 0 1 675 674 483
585 2 2 0 1 450 676 677
586 2 2 0 1 676 668 677
587 2 2 0 1 676 321 668
588 2 2 0 1 677 668 451
589 2 2 0 1 454 662 660
590 2 2 0 1 662 678 660
591 2 2 0 1 662 379 678
592 2 2 0 1 660 678 482
593 2 2 0 1 455 679 680
594 2 2 0 1 679 648 680
595 2 2 0 1 679 453 648
596 2 2 0 1 680 648 489
597 2 2 0 1 362 681 683
598 2 2 0 1 681 682 683
599 2 2 0 1 681 360 682
600 2 2 0 1 683 682 456
601 2 2 0 1 360 684 682
602 2 2 0 1 684 658 682
603 2 2 0 1 684 379 658
604 2 2 0 1 682 658 456
605 2 2 0 1 321 676 685
606 2 2 0 1 676 675 685
607 2 2 0 1 676 450 675
608 2 2 0 1 685 675 483
609 2 2 0 1 37 18 687
610 2 2 0 1 18 686 687
611 2 2 0 1 18 38 686
612 2 2 0 1 687 686 452
613 2 2 0 1 331 641 688
614 2 2 0 1 641 651 688
615 2 2 0 1 641 417 651
616 2 2 0 1 688 651 459
617 2 2 0 1 321 689 669
618 2 2 0 1 689 687 669
619 2 2 0 1 689 37 687
620 2 2 0 1 669 687 452
621 2 2 0 1 380 690 692
622 2 2 0 1 690 691 692
623 2 2 0 1 690 447 691
624 2 2 0 1 692 691 448
625 2 2 0 1 380 693 690
626 2 2 0 1 693 694 690
627 2 2 0 1 693 446 694
628 2 2 0 1 690 694 447
629 2 2 0 1 356 695 697
630 2 2 0 1 695 696 697
631 2 2 0 1 695 354 696
632 2 2 0 1 697 696 448
633 2 2 0 1 449 698 659
634 2 2 0 1 698 699 659
635 2 2 0 1 698 451 699
636 2 2 0 1 659 699 454
637 2 2 0 1 430 700 702
638 2 2 0 1 700 701 702
639 2 2 0 1 700 374 701
640 2 2 0 1 702 701 475
641 2 2 0 1 428 703 704
642 2 2 0 1 703 702 704
643 2 2 0 1 703 430 702
644 2 2 0 1 704 702 475
645 2 2 0 1 374 700 706
646 2 2 0 1 700 705 706
647 2 2 0 1 700 430 705
648 2 2 0 1 706 705 432
649 2 2 0 1 375 707 708
650 2 2 0 1 707 704 708
651 2 2 0 1 707 428 704
652 2 2 0 1 708 704 475
653 2 2 0 1 375 709 707
654 2 2 0 1 709 710 707
655 2 2 0 1 709 426 710
656 2 2 0 1 707 710 428
657 2 2 0 1 364 711 713
658 2 2 0 1 711 712 713
659 2 2 0 1 711 362 712
660 2 2 0 1 713 712 490
661 2 2 0 1 374 706 715
662 2 2 0 1 706 714 715
663 2 2 0 1 706 432 714
664 2 2 0 1 715 714 437
665 2 2 0 1 362 683 712
666 2 2 0 1 683 716 712
667 2 2 0 1 683 456 716
668 2 2 0 1 712 716 490
669 2 2 0 1 456 657 718
670 2 2 0 1 657 717 718
671 2 2 0 1 657 455 717
672 2 2 0 1 718 717 457
673 2 2 0 1 357 719 721
674 2 2 0 1 719 720 721
675 2 2 0 1 719 359 720
676 2 2 0 1 721 720 481
677 2 2 0 1 418 655 723
678 2 2 0 1 655 722 723
679 2 2 0 1 655 403 722
680 2 2 0 1 723 722 419
681 2 2 0 1 442 724 726
682 2 2 0 1 724 725 726
683 2 2 0 1 724 319 725
684 2 2 0 1 726 725 443
685 2 2 0 1 336 727 729
686 2 2 0 1 727 728 729
687 2 2 0 1 727 424 728
688 2 2 0 1 729 728 425
689 2 2 0 1 34 15 731
690 2 2 0 1 15 730 731
691 2 2 0 1 15 35 730
692 2 2 0 1 731 730 444
693 2 2 0 1 414 732 733
694 2 2 0 1 732 621 733
695 2 2 0 1 732 413 621
696 2 2 0 1 733 621 415
697 2 2 0 1 443 725 735
698 2 2 0 1 725 734 735
699 2 2 0 1 725 319 734
700 2 2 0 1 735 734 444
701 2 2 0 1 354 736 696
702 2 2 0 1 736 692 696
703 2 2 0 1 736 380 692
704 2 2 0 1 696 692 448
705 2 2 0 1 46 737 738
706 2 2 0 1 737 623 738
707 2 2 0 1 737 338 623
708 2 2 0 1 738 623 416
709 2 2 0 1 392 739 741
710 2 2 0 1 739 740 741
711 2 2 0 1 739 426 740
712 2 2 0 1 741 740 484
713 2 2 0 1 426 709 740
714 2 2 0 1 709 742 740
715 2 2 0 1 709 375 742
716 2 2 0 1 740 742 484
717 2 2 0 1 457 743 634
718 2 2 0 1 743 744 634
719 2 2 0 1 743 489 744
720 2 2 0 1 634 744 498
721 2 2 0 1 43 24 746
722 2 2 0 1 24 745 746
723 2 2 0 1 24 44 745
724 2 2 0 1 746 745 459
725 2 2 0 1 446 693 748
726 2 2 0 1 693 747 748
727 2 2 0 1 693 380 747
728 2 2 0 1 748 747 465
729 2 2 0 1 319 724 750
730 2 2 0 1 724 749 750
731 2 2 0 1 724 442 749
732 2 2 0 1 750 749 460
733 2 2 0 1 319 751 734
734 2 2 0 1 751 731 734
735 2 2 0 1 751 34 731
736 2 2 0 1 734 731 444
737 2 2 0 1 336 752 727
738 2 2 0 1 752 753 727
739 2 2 0 1 752 256 753
740 2 2 0 1 727 753 424
741 2 2 0 1 327 754 756
742 2 2 0 1 754 755 756
743 2 2 0 1 754 314 755
744 2 2 0 1 756 755 423
745 2 2 0 1 359 757 720
746 2 2 0 1 757 758 720
747 2 2 0 1 757 437 758
748 2 2 0 1 720 758 481
749 2 2 0 1 442 759 749
750 2 2 0 1 759 760 749
751 2 2 0 1 759 343 760
752 2 2 0 1 749 760 460
753 2 2 0 1 31 761 763
754 2 2 0 1 761 762 763
755 2 2 0 1 761 334 762
756 2 2 0 1 763 762 341
757 2 2 0 1 391 764 765
758 2 2 0 1 764 748 765
759 2 2 0 1 764 446 748
760 2 2 0 1 765 748 465
761 2 2 0 1 359 766 757
762 2 2 0 1 766 767 757
763 2 2 0 1 766 361 767
764 2 2 0 1 757 767 437
765 2 2 0 1 451 670 769
766 2 2 0 1 670 768 769
767 2 2 0 1 670 452 768
768 2 2 0 1 769 768 453
769 2 2 0 1 448 770 771
770 2 2 0 1 770 661 771
771 2 2 0 1 770 449 661
772 2 2 0 1 771 661 482
773 2 2 0 1 361 772 767
774 2 2 0 1 772 715 767
775 2 2 0 1 772 374 715
776 2 2 0 1 767 715 437
777 2 2 0 1 447 773 774
778 2 2 0 1 773 673 774
779 2 2 0 1 773 445 673
780 2 2 0 1 774 673 450
781 2 2 0 1 39 10 776
782 2 2 0 1 10 775 776
783 2 2 0 1 10 30 775
784 2 2 0 1 776 775 337
785 2 2 0 1 46 27 737
786 2 2 0 1 27 777 737
787 2 2 0 1 27 47 777
788 2 2 0 1 737 777 338
789 2 2 0 1 422 667 779
790 2 2 0 1 667 778 779
791 2 2 0 1 667 420 778
792 2 2 0 1 779 778 496
793 2 2 0 1 44 780 745
794 2 2 0 1 780 688 745
795 2 2 0 1 780 331 688
796 2 2 0 1 745 688 459
797 2 2 0 1 445 781 674
798 2 2 0 1 781 782 674
799 2 2 0 1 781 444 782
800 2 2 0 1 674 782 483
801 2 2 0 1 373 783 785
802 2 2 0 1 783 784 785
803 2 2 0 1 783 438 784
804 2 2 0 1 785 784 485
805 2 2 0 1 493 786 788
806 2 2 0 1 786 787 788
807 2 2 0 1 786 368 787
808 2 2 0 1 788 787 494
809 2 2 0 1 337 775 790
810 2 2 0 1 775 789 790
811 2 2 0 1 775 30 789
812 2 2 0 1 790 789 341
813 2 2 0 1 478 791 793
814 2 2 0 1 791 792 793
815 2 2 0 1 791 467 792
816 2 2 0 1 793 792 491
817 2 2 0 1 432 794 714
818 2 2 0 1 794 795 714
819 2 2 0 1 794 434 795
820 2 2 0 1 714 795 437
821 2 2 0 1 325 796 638
822 2 2 0 1 796 746 638
823 2 2 0 1 796 43 746
824 2 2 0 1 638 746 459
825 2 2 0 1 356 697 797
826 2 2 0 1 697 771 797
827 2 2 0 1 697 448 771
828 2 2 0 1 797 771 482
829 2 2 0 1 313 798 799
830 2 2 0 1 798 537 799
831 2 2 0 1 798 335 537
832 2 2 0 1 799 537 423
833 2 2 0 1 373 800 801
834 2 2 0 1 800 721 801
835 2 2 0 1 800 357 721
836 2 2 0 1 801 721 481
837 2 2 0 1 384 802 804
838 2 2 0 1 802 803 804
839 2 2 0 1 802 370 803
840 2 2 0 1 804 803 385
841 2 2 0 1 315 305 805
842 2 2 0 1 305 754 805
843 2 2 0 1 305 314 754
844 2 2 0 1 805 754 327
845 2 2 0 1 352 806 808
846 2 2 0 1 806 807 808
847 2 2 0 1 806 349 807
848 2 2 0 1 808 807 465
849 2 2 0 1 331 809 632
850 2 2 0 1 809 810 632
851 2 2 0 1 809 45 810
852 2 2 0 1 632 810 416
853 2 2 0 1 448 691 770
854 2 2 0 1 691 811 770
855 2 2 0 1 691 447 811
856 2 2 0 1 770 811 449
857 2 2 0 1 438 783 812
858 2 2 0 1 783 801 812
859 2 2 0 1 783 373 801
860 2 2 0 1 812 801 481
861 2 2 0 1 462 813 814
862 2 2 0 1 813 785 814
863 2 2 0 1 813 373 785
864 2 2 0 1 814 785 485
865 2 2 0 1 473 815 572
866 2 2 0 1 815 816 572
867 2 2 0 1 815 467 816
868 2 2 0 1 572 816 474
869 2 2 0 1 257 248 818
870 2 2 0 1 248 817 818
871 2 2 0 1 248 258 817
872 2 2 0 1 818 817 326
873 2 2 0 1 402 819 820
874 2 2 0 1 819 732 820
875 2 2 0 1 819 413 732
876 2 2 0 1 820 732 414
877 2 2 0 1 313 303 798
878 2 2 0 1 303 821 798
879 2 2 0 1 303 312 821
880 2 2 0 1 798 821 335
881 2 2 0 1 341 762 823
882 2 2 0 1 762 822 823
883 2 2 0 1 762 334 822
884 2 2 0 1 823 822 342
885 2 2 0 1 257 818 825
886 2 2 0 1 818 824 825
887 2 2 0 1 818 326 824
888 2 2 0 1 825 824 424
889 2 2 0 1 255 246 826
890 2 2 0 1 246 752 826
891 2 2 0 1 246 256 752
892 2 2 0 1 826 752 336
893 2 2 0 1 391 827 764
894 2 2 0 1 827 828 764
895 2 2 0 1 827 443 828
896 2 2 0 1 764 828 446
897 2 2 0 1 45 26 810
898 2 2 0 1 26 738 810
899 2 2 0 1 26 46 738
900 2 2 0 1 810 738 416
901 2 2 0 1 384 804 830
902 2 2 0 1 804 829 830
903 2 2 0 1 804 385 829
904 2 2 0 1 830 829 389
905 2 2 0 1 453 768 646
906 2 2 0 1 768 831 646
907 2 2 0 1 768 452 831
908 2 2 0 1 646 831 488
909 2 2 0 1 452 686 831
910 2 2 0 1 686 832 831
911 2 2 0 1 686 38 832
912 2 2 0 1 831 832 488
913 2 2 0 1 444 730 782
914 2 2 0 1 730 833 782
915 2 2 0 1 730 35 833
916 2 2 0 1 782 833 483
917 2 2 0 1 377 834 836
918 2 2 0 1 834 835 836
919 2 2 0 1 834 388 835
920 2 2 0 1 836 835 392
921 2 2 0 1 337 790 838
922 2 2 0 1 790 837 838
923 2 2 0 1 790 341 837
924 2 2 0 1 838 837 471
925 2 2 0 1 343 839 760
926 2 2 0 1 839 840 760
927 2 2 0 1 839 334 840
928 2 2 0 1 760 840 460
929 2 2 0 1 389 841 843
930 2 2 0 1 841 842 843
931 2 2 0 1 841 401 842
932 2 2 0 1 843 842 402
933 2 2 0 1 402 844 819
934 2 2 0 1 844 627 819
935 2 2 0 1 844 412 627
936 2 2 0 1 819 627 413
937 2 2 0 1 380 845 747
938 2 2 0 1 845 808 747
939 2 2 0 1 845 352 808
940 2 2 0 1 747 808 465
941 2 2 0 1 422 779 671
942 2 2 0 1 779 846 671
943 2 2 0 1 779 496 846
944 2 2 0 1 671 846 497
945 2 2 0 1 392 847 849
946 2 2 0 1 847 848 849
947 2 2 0 1 847 398 848
948 2 2 0 1 849 848 407
949 2 2 0 1 390 850 852
950 2 2 0 1 850 851 852
951 2 2 0 1 850 411 851
952 2 2 0 1 852 851 458
953 2 2 0 1 443 735 853
954 2 2 0 1 735 781 853
955 2 2 0 1 735 444 781
956 2 2 0 1 853 781 445
957 2 2 0 1 314 304 755
958 2 2 0 1 304 799 755
959 2 2 0 1 304 313 799
960 2 2 0 1 755 799 423
961 2 2 0 1 466 854 855
962 2 2 0 1 854 815 855
963 2 2 0 1 854 467 815
964 2 2 0 1 855 815 473
965 2 2 0 1 349 856 807
966 2 2 0 1 856 857 807
967 2 2 0 1 856 347 857
968 2 2 0 1 807 857 465
969 2 2 0 1 353 858 860
970 2 2 0 1 858 859 860
971 2 2 0 1 858 355 859
972 2 2 0 1 860 859 462
973 2 2 0 1 471 861 863
974 2 2 0 1 861 862 863
975 2 2 0 1 861 396 862
976 2 2 0 1 863 862 472
977 2 2 0 1 392 849 739
978 2 2 0 1 849 864 739
979 2 2 0 1 849 407 864
980 2 2 0 1 739 864 426
981 2 2 0 1 402 820 865
982 2 2 0 1 820 561 865
983 2 2 0 1 820 414 561
984 2 2 0 1 865 561 439
985 2 2 0 1 351 866 868
986 2 2 0 1 866 867 868
987 2 2 0 1 866 353 867
988 2 2 0 1 868 867 461
989 2 2 0 1 355 869 859
990 2 2 0 1 869 813 859
991 2 2 0 1 869 373 813
992 2 2 0 1 859 813 462
993 2 2 0 1 418 723 625
994 2 2 0 1 723 870 625
995 2 2 0 1 723 419 870
996 2 2 0 1 625 870 420
997 2 2 0 1 256 247 753
998 2 2 0 1 247 825 753
999 2 2 0 1 247 257 825
1000 2 2 0 1 753 825 424
1001 2 2 0 1 345 871 872
1002 2 2 0 1 871 759 872
1003 2 2 0 1 871 343 759
1004 2 2 0 1 872 759 442
1005 2 2 0 1 376 873 874
1006 2 2 0 1 873 802 874
1007 2 2 0 1 873 370 802
1008 2 2 0 1 874 802 384
1009 2 2 0 1 392 835 847
1010 2 2 0 1 835 875 847
1011 2 2 0 1 835 388 875
1012 2 2 0 1 847 875 398
1013 2 2 0 1 461 867 876
1014 2 2 0 1 867 860 876
1015 2 2 0 1 867 353 860
1016 2 2 0 1 876 860 462
1017 2 2 0 1 451 769 699
1018 2 2 0 1 769 877 699
1019 2 2 0 1 769 453 877
1020 2 2 0 1 699 877 454
1021 2 2 0 1 377 836 878
1022 2 2 0 1 836 741 878
1023 2 2 0 1 836 392 741
1024 2 2 0 1 878 741 484
1025 2 2 0 1 347 879 881
1026 2 2 0 1 879 880 881
1027 2 2 0 1 879 345 880
1028 2 2 0 1 881 880 391
1029 2 2 0 1 426 864 883
1030 2 2 0 1 864 882 883
1031 2 2 0 1 864 407 882
1032 2 2 0 1 883 882 427
1033 2 2 0 1 391 880 884
1034 2 2 0 1 880 872 884
1035 2 2 0 1 880 345 872
1036 2 2 0 1 884 872 442
1037 2 2 0 1 400 885 886
1038 2 2 0 1 885 793 886
1039 2 2 0 1 885 478 793
1040 2 2 0 1 886 793 491
1041 2 2 0 1 391 884 827
1042 2 2 0 1 884 726 827
1043 2 2 0 1 884 442 726
1044 2 2 0 1 827 726 443
1045 2 2 0 1 30 11 789
1046 2 2 0 1 11 763 789
1047 2 2 0 1 11 31 763
1048 2 2 0 1 789 763 341
1049 2 2 0 1 389 829 841
1050 2 2 0 1 829 887 841
1051 2 2 0 1 829 385 887
1052 2 2 0 1 841 887 401
1053 2 2 0 1 449 811 888
1054 2 2 0 1 811 774 888
1055 2 2 0 1 811 447 774
1056 2 2 0 1 888 774 450
1057 2 2 0 1 463 889 891
1058 2 2 0 1 889 890 891
1059 2 2 0 1 889 397 890
1060 2 2 0 1 891 890 464
1061 2 2 0 1 348 892 893
1062 2 2 0 1 892 856 893
1063 2 2 0 1 892 347 856
1064 2 2 0 1 893 856 349
1065 2 2 0 1 31 12 761
1066 2 2 0 1 12 894 761
1067 2 2 0 1 12 32 894
1068 2 2 0 1 761 894 334
1069 2 2 0 1 33 895 896
1070 2 2 0 1 895 750 896
1071 2 2 0 1 895 319 750
1072 2 2 0 1 896 750 460
1073 2 2 0 1 44 25 780
1074 2 2 0 1 25 809 780
1075 2 2 0 1 25 45 809
1076 2 2 0 1 780 809 331
1077 2 2 0 1 342 897 899
1078 2 2 0 1 897 898 899
1079 2 2 0 1 897 344 898
1080 2 2 0 1 899 898 396
1081 2 2 0 1 437 795 758
1082 2 2 0 1 795 900 758
1083 2 2 0 1 795 434 900
1084 2 2 0 1 758 900 481
1085 2 2 0 1 371 901 902
1086 2 2 0 1 901 868 902
1087 2 2 0 1 901 351 868
1088 2 2 0 1 902 868 461
1089 2 2 0 1 382 903 905
1090 2 2 0 1 903 904 905
1091 2 2 0 1 903 371 904
1092 2 2 0 1 905 904 387
1093 2 2 0 1 334 894 840
1094 2 2 0 1 894 906 840
1095 2 2 0 1 894 32 906
1096 2 2 0 1 840 906 460
1097 2 2 0 1 397 907 909
1098 2 2 0 1 907 908 909
1099 2 2 0 1 907 387 908
1100 2 2 0 1 909 908 404
1101 2 2 0 1 351 910 911
1102 2 2 0 1 910 806 911
1103 2 2 0 1 910 349 806
1104 2 2 0 1 911 806 352
1105 2 2 0 1 350 912 913
1106 2 2 0 1 912 910 913
1107 2 2 0 1 912 349 910
1108 2 2 0 1 913 910 351
1109 2 2 0 1 426 883 710
1110 2 2 0 1 883 914 710
1111 2 2 0 1 883 427 914
1112 2 2 0 1 710 914 428
1113 2 2 0 1 369 915 917
1114 2 2 0 1 915 916 917
1115 2 2 0 1 915 368 916
1116 2 2 0 1 917 916 370
1117 2 2 0 1 351 911 866
1118 2 2 0 1 911 918 866
1119 2 2 0 1 911 352 918
1120 2 2 0 1 866 918 353
1121 2 2 0 1 347 881 857
1122 2 2 0 1 881 765 857
1123 2 2 0 1 881 391 765
1124 2 2 0 1 857 765 465
1125 2 2 0 1 382 919 920
1126 2 2 0 1 919 889 920
1127 2 2 0 1 919 397 889
1128 2 2 0 1 920 889 463
1129 2 2 0 1 382 905 919
1130 2 2 0 1 905 907 919
1131 2 2 0 1 905 387 907
1132 2 2 0 1 919 907 397
1133 2 2 0 1 353 918 922
1134 2 2 0 1 918 921 922
1135 2 2 0 1 918 352 921
1136 2 2 0 1 922 921 354
1137 2 2 0 1 402 842 844
1138 2 2 0 1 842 649 844
1139 2 2 0 1 842 401 649
1140 2 2 0 1 844 649 412
1141 2 2 0 1 353 922 858
1142 2 2 0 1 922 923 858
1143 2 2 0 1 922 354 923
1144 2 2 0 1 858 923 355
1145 2 2 0 1 348 893 924
1146 2 2 0 1 893 912 924
1147 2 2 0 1 893 349 912
1148 2 2 0 1 924 912 350
1149 2 2 0 1 404 908 926
1150 2 2 0 1 908 925 926
1151 2 2 0 1 908 387 925
1152 2 2 0 1 926 925 405
1153 2 2 0 1 449 888 698
1154 2 2 0 1 888 677 698
1155 2 2 0 1 888 450 677
1156 2 2 0 1 698 677 451
1157 2 2 0 1 443 853 828
1158 2 2 0 1 853 927 828
1159 2 2 0 1 853 445 927
1160 2 2 0 1 828 927 446
1161 2 2 0 1 428 914 929
1162 2 2 0 1 914 928 929
1163 2 2 0 1 914 427 928
1164 2 2 0 1 929 928 429
1165 2 2 0 1 404 926 931
1166 2 2 0 1 926 930 931
1167 2 2 0 1 926 405 930
1168 2 2 0 1 931 930 406
1169 2 2 0 1 389 843 932
1170 2 2 0 1 843 865 932
1171 2 2 0 1 843 402 865
1172 2 2 0 1 932 865 439
1173 2 2 0 1 350 913 933
1174 2 2 0 1 913 901 933
1175 2 2 0 1 913 351 901
1176 2 2 0 1 933 901 371
1177 2 2 0 1 454 877 663
1178 2 2 0 1 877 679 663
1179 2 2 0 1 877 453 679
1180 2 2 0 1 663 679 455
1181 2 2 0 1 346 934 935
1182 2 2 0 1 934 892 935
1183 2 2 0 1 934 347 892
1184 2 2 0 1 935 892 348
1185 2 2 0 1 355 923 936
1186 2 2 0 1 923 695 936
1187 2 2 0 1 923 354 695
1188 2 2 0 1 936 695 356
1189 2 2 0 1 387 904 937
1190 2 2 0 1 904 902 937
1191 2 2 0 1 904 371 902
1192 2 2 0 1 937 902 461
1193 2 2 0 1 32 13 906
1194 2 2 0 1 13 896 906
1195 2 2 0 1 13 33 896
1196 2 2 0 1 906 896 460
1197 2 2 0 1 354 921 736
1198 2 2 0 1 921 845 736
1199 2 2 0 1 921 352 845
1200 2 2 0 1 736 845 380
1201 2 2 0 1 428 929 703
1202 2 2 0 1 929 938 703
1203 2 2 0 1 929 429 938
1204 2 2 0 1 703 938 430
1205 2 2 0 1 355 936 940
1206 2 2 0 1 936 939 940
1207 2 2 0 1 936 356 939
1208 2 2 0 1 940 939 357
1209 2 2 0 1 346 941 934
1210 2 2 0 1 941 879 934
1211 2 2 0 1 941 345 879
1212 2 2 0 1 934 879 347
1213 2 2 0 1 359 942 944
1214 2 2 0 1 942 943 944
1215 2 2 0 1 942 358 943
1216 2 2 0 1 944 943 360
1217 2 2 0 1 355 940 869
1218 2 2 0 1 940 800 869
1219 2 2 0 1 940 357 800
1220 2 2 0 1 869 800 373
1221 2 2 0 1 357 939 946
1222 2 2 0 1 939 945 946
1223 2 2 0 1 939 356 945
1224 2 2 0 1 946 945 358
1225 2 2 0 1 357 946 719
1226 2 2 0 1 946 942 719
1227 2 2 0 1 946 358 942
1228 2 2 0 1 719 942 359
1229 2 2 0 1 359 944 766
1230 2 2 0 1 944 947 766
1231 2 2 0 1 944 360 947
1232 2 2 0 1 766 947 361
1233 2 2 0 1 430 938 949
1234 2 2 0 1 938 948 949
1235 2 2 0 1 938 429 948
1236 2 2 0 1 949 948 431
1237 2 2 0 1 378 950 951
1238 2 2 0 1 950 713 951
1239 2 2 0 1 950 364 713
1240 2 2 0 1 951 713 490
1241 2 2 0 1 396 898 953
1242 2 2 0 1 898 952 953
1243 2 2 0 1 898 344 952
1244 2 2 0 1 953 952 466
1245 2 2 0 1 367 954 956
1246 2 2 0 1 954 955 956
1247 2 2 0 1 954 366 955
1248 2 2 0 1 956 955 368
1249 2 2 0 1 446 927 694
1250 2 2 0 1 927 773 694
1251 2 2 0 1 927 445 773
1252 2 2 0 1 694 773 447
1253 2 2 0 1 366 957 958
1254 2 2 0 1 957 950 958
1255 2 2 0 1 957 364 950
1256 2 2 0 1 958 950 378
1257 2 2 0 1 365 959 960
1258 2 2 0 1 959 957 960
1259 2 2 0 1 959 364 957
1260 2 2 0 1 960 957 366
1261 2 2 0 1 361 947 961
1262 2 2 0 1 947 681 961
1263 2 2 0 1 947 360 681
1264 2 2 0 1 961 681 362
1265 2 2 0 1 360 943 684
1266 2 2 0 1 943 962 684
1267 2 2 0 1 943 358 962
1268 2 2 0 1 684 962 379
1269 2 2 0 1 363 963 964
1270 2 2 0 1 963 711 964
1271 2 2 0 1 963 362 711
1272 2 2 0 1 964 711 364
1273 2 2 0 1 405 965 966
1274 2 2 0 1 965 876 966
1275 2 2 0 1 965 461 876
1276 2 2 0 1 966 876 462
1277 2 2 0 1 361 961 967
1278 2 2 0 1 961 963 967
1279 2 2 0 1 961 362 963
1280 2 2 0 1 967 963 363
1281 2 2 0 1 434 968 900
1282 2 2 0 1 968 812 900
1283 2 2 0 1 968 438 812
1284 2 2 0 1 900 812 481
1285 2 2 0 1 29 20 970
1286 2 2 0 1 20 969 970
1287 2 2 0 1 20 40 969
1288 2 2 0 1 970 969 320
1289 2 2 0 1 361 967 772
1290 2 2 0 1 967 971 772
1291 2 2 0 1 967 363 971
1292 2 2 0 1 772 971 374
1293 2 2 0 1 430 949 705
1294 2 2 0 1 949 972 705
1295 2 2 0 1 949 431 972
1296 2 2 0 1 705 972 432
1297 2 2 0 1 322 973 975
1298 2 2 0 1 973 974 975
1299 2 2 0 1 973 159 974
1300 2 2 0 1 975 974 470
1301 2 2 0 1 433 976 978
1302 2 2 0 1 976 977 978
1303 2 2 0 1 976 431 977
1304 2 2 0 1 978 977 436
1305 2 2 0 1 363 964 979
1306 2 2 0 1 964 959 979
1307 2 2 0 1 964 364 959
1308 2 2 0 1 979 959 365
1309 2 2 0 1 342 899 980
1310 2 2 0 1 899 861 980
1311 2 2 0 1 899 396 861
1312 2 2 0 1 980 861 471
1313 2 2 0 1 42 23 645
1314 2 2 0 1 23 796 645
1315 2 2 0 1 23 43 796
1316 2 2 0 1 645 796 325
1317 2 2 0 1 432 972 981
1318 2 2 0 1 972 976 981
1319 2 2 0 1 972 431 976
1320 2 2 0 1 981 976 433
1321 2 2 0 1 158 138 983
1322 2 2 0 1 138 982 983
1323 2 2 0 1 138 157 982
1324 2 2 0 1 983 982 333
1325 2 2 0 1 160 140 984
1326 2 2 0 1 140 973 984
1327 2 2 0 1 140 159 973
1328 2 2 0 1 984 973 322
1329 2 2 0 1 154 134 986
1330 2 2 0 1 134 985 986
1331 2 2 0 1 134 153 985
1332 2 2 0 1 986 985 469
1333 2 2 0 1 159 139 974
1334 2 2 0 1 139 987 974
1335 2 2 0 1 139 158 987
1336 2 2 0 1 974 987 470
1337 2 2 0 1 390 988 850
1338 2 2 0 1 988 574 850
1339 2 2 0 1 988 410 574
1340 2 2 0 1 850 574 411
1341 2 2 0 1 434 989 991
1342 2 2 0 1 989 990 991
1343 2 2 0 1 989 433 990
1344 2 2 0 1 991 990 435
1345 2 2 0 1 158 983 987
1346 2 2 0 1 983 992 987
1347 2 2 0 1 983 333 992
1348 2 2 0 1 987 992 470
1349 2 2 0 1 33 14 895
1350 2 2 0 1 14 751 895
1351 2 2 0 1 14 34 751
1352 2 2 0 1 895 751 319
1353 2 2 0 1 36 17 993
1354 2 2 0 1 17 689 993
1355 2 2 0 1 17 37 689
1356 2 2 0 1 993 689 321
1357 2 2 0 1 152 132 995
1358 2 2 0 1 132 994 995
1359 2 2 0 1 132 151 994
1360 2 2 0 1 995 994 323
1361 2 2 0 1 155 135 997
1362 2 2 0 1 135 996 997
1363 2 2 0 1 135 154 996
1364 2 2 0 1 997 996 324
1365 2 2 0 1 324 996 998
1366 2 2 0 1 996 986 998
1367 2 2 0 1 996 154 986
1368 2 2 0 1 998 986 469
1369 2 2 0 1 432 981 794
1370 2 2 0 1 981 989 794
1371 2 2 0 1 981 433 989
1372 2 2 0 1 794 989 434
1373 2 2 0 1 363 979 1000
1374 2 2 0 1 979 999 1000
1375 2 2 0 1 979 365 999
1376 2 2 0 1 1000 999 475
1377 2 2 0 1 365 1001 999
1378 2 2 0 1 1001 708 999
1379 2 2 0 1 1001 375 708
1380 2 2 0 1 999 708 475
1381 2 2 0 1 374 971 701
1382 2 2 0 1 971 1000 701
1383 2 2 0 1 971 363 1000
1384 2 2 0 1 701 1000 475
1385 2 2 0 1 377 1002 834
1386 2 2 0 1 1002 1003 834
1387 2 2 0 1 1002 381 1003
1388 2 2 0 1 834 1003 388
1389 2 2 0 1 153 133 1005
1390 2 2 0 1 133 1004 1005
1391 2 2 0 1 133 152 1004
1392 2 2 0 1 1005 1004 468
1393 2 2 0 1 485 784 1007
1394 2 2 0 1 784 1006 1007
1395 2 2 0 1 784 438 1006
1396 2 2 0 1 1007 1006 487
1397 2 2 0 1 152 995 1004
1398 2 2 0 1 995 1008 1004
1399 2 2 0 1 995 323 1008
1400 2 2 0 1 1004 1008 468
1401 2 2 0 1 434 991 968
1402 2 2 0 1 991 1009 968
1403 2 2 0 1 991 435 1009
1404 2 2 0 1 968 1009 438
1405 2 2 0 1 406 1010 1011
1406 2 2 0 1 1010 1007 1011
1407 2 2 0 1 1010 485 1007
1408 2 2 0 1 1011 1007 487
1409 2 2 0 1 365 1012 1001
1410 2 2 0 1 1012 1013 1001
1411 2 2 0 1 1012 367 1013
1412 2 2 0 1 1001 1013 375
1413 2 2 0 1 365 960 1012
1414 2 2 0 1 960 954 1012
1415 2 2 0 1 960 366 954
1416 2 2 0 1 1012 954 367
1417 2 2 0 1 405 925 965
1418 2 2 0 1 925 937 965
1419 2 2 0 1 925 387 937
1420 2 2 0 1 965 937 461
1421 2 2 0 1 372 1014 1015
1422 2 2 0 1 1014 903 1015
1423 2 2 0 1 1014 371 903
1424 2 2 0 1 1015 903 382
1425 2 2 0 1 153 1005 985
1426 2 2 0 1 1005 1016 985
1427 2 2 0 1 1005 468 1016
1428 2 2 0 1 985 1016 469
1429 2 2 0 1 408 1017 1019
1430 2 2 0 1 1017 1018 1019
1431 2 2 0 1 1017 386 1018
1432 2 2 0 1 1019 1018 463
1433 2 2 0 1 394 1020 1021
1434 2 2 0 1 1020 1017 1021
1435 2 2 0 1 1020 386 1017
1436 2 2 0 1 1021 1017 408
1437 2 2 0 1 161 141 1023
1438 2 2 0 1 141 1022 1023
1439 2 2 0 1 141 160 1022
1440 2 2 0 1 1023 1022 476
1441 2 2 0 1 160 984 1022
1442 2 2 0 1 984 1024 1022
1443 2 2 0 1 984 322 1024
1444 2 2 0 1 1022 1024 476
1445 2 2 0 1 350 933 1025
1446 2 2 0 1 933 1014 1025
1447 2 2 0 1 933 371 1014
1448 2 2 0 1 1025 1014 372
1449 2 2 0 1 358 945 1026
1450 2 2 0 1 945 797 1026
1451 2 2 0 1 945 356 797
1452 2 2 0 1 1026 797 482
1453 2 2 0 1 386 1027 1018
1454 2 2 0 1 1027 920 1018
1455 2 2 0 1 1027 382 920
1456 2 2 0 1 1018 920 463
1457 2 2 0 1 405 966 1028
1458 2 2 0 1 966 814 1028
1459 2 2 0 1 966 462 814
1460 2 2 0 1 1028 814 485
1461 2 2 0 1 495 653 1029
1462 2 2 0 1 653 672 1029
1463 2 2 0 1 653 422 672
1464 2 2 0 1 1029 672 498
1465 2 2 0 1 35 16 833
1466 2 2 0 1 16 1030 833
1467 2 2 0 1 16 36 1030
1468 2 2 0 1 833 1030 483
1469 2 2 0 1 398 875 1032
1470 2 2 0 1 875 1031 1032
1471 2 2 0 1 875 388 1031
1472 2 2 0 1 1032 1031 458
1473 2 2 0 1 394 1021 546
1474 2 2 0 1 1021 1033 546
1475 2 2 0 1 1021 408 1033
1476 2 2 0 1 546 1033 409
1477 2 2 0 1 396 953 1034
1478 2 2 0 1 953 855 1034
1479 2 2 0 1 953 466 855
1480 2 2 0 1 1034 855 473
1481 2 2 0 1 372 1015 1035
1482 2 2 0 1 1015 1027 1035
1483 2 2 0 1 1015 382 1027
1484 2 2 0 1 1035 1027 386
1485 2 2 0 1 401 887 642
1486 2 2 0 1 887 1036 642
1487 2 2 0 1 887 385 1036
1488 2 2 0 1 642 1036 403
1489 2 2 0 1 341 823 837
1490 2 2 0 1 823 980 837
1491 2 2 0 1 823 342 980
1492 2 2 0 1 837 980 471
1493 2 2 0 1 162 142 1038
1494 2 2 0 1 142 1037 1038
1495 2 2 0 1 142 161 1037
1496 2 2 0 1 1038 1037 332
1497 2 2 0 1 388 1039 1031
1498 2 2 0 1 1039 852 1031
1499 2 2 0 1 1039 390 852
1500 2 2 0 1 1031 852 458
1501 2 2 0 1 375 1013 742
1502 2 2 0 1 1013 1040 742
1503 2 2 0 1 1013 367 1040
1504 2 2 0 1 742 1040 484
1505 2 2 0 1 379 962 678
1506 2 2 0 1 962 1026 678
1507 2 2 0 1 962 358 1026
1508 2 2 0 1 678 1026 482
1509 2 2 0 1 474 816 533
1510 2 2 0 1 816 791 533
1511 2 2 0 1 816 467 791
1512 2 2 0 1 533 791 478
1513 2 2 0 1 344 1041 1042
1514 2 2 0 1 1041 871 1042
1515 2 2 0 1 1041 343 871
1516 2 2 0 1 1042 871 345
1517 2 2 0 1 36 993 1030
1518 2 2 0 1 993 685 1030
1519 2 2 0 1 993 321 685
1520 2 2 0 1 1030 685 483
1521 2 2 0 1 346 1043 1045
1522 2 2 0 1 1043 1044 1045
1523 2 2 0 1 1043 383 1044
1524 2 2 0 1 1045 1044 466
1525 2 2 0 1 406 930 1010
1526 2 2 0 1 930 1028 1010
1527 2 2 0 1 930 405 1028
1528 2 2 0 1 1010 1028 485
1529 2 2 0 1 348 924 1047
1530 2 2 0 1 924 1046 1047
1531 2 2 0 1 924 350 1046
1532 2 2 0 1 1047 1046 486
1533 2 2 0 1 388 1003 1039
1534 2 2 0 1 1003 1048 1039
1535 2 2 0 1 1003 381 1048
1536 2 2 0 1 1039 1048 390
1537 2 2 0 1 149 129 1050
1538 2 2 0 1 129 1049 1050
1539 2 2 0 1 129 148 1049
1540 2 2 0 1 1050 1049 328
1541 2 2 0 1 344 1042 1051
1542 2 2 0 1 1042 941 1051
1543 2 2 0 1 1042 345 941
1544 2 2 0 1 1051 941 346
1545 2 2 0 1 384 830 1053
1546 2 2 0 1 830 1052 1053
1547 2 2 0 1 830 389 1052
1548 2 2 0 1 1053 1052 395
1549 2 2 0 1 367 956 1054
1550 2 2 0 1 956 915 1054
1551 2 2 0 1 956 368 915
1552 2 2 0 1 1054 915 369
1553 2 2 0 1 38 9 832
1554 2 2 0 1 9 1055 832
1555 2 2 0 1 9 29 1055
1556 2 2 0 1 832 1055 488
1557 2 2 0 1 332 1037 1056
1558 2 2 0 1 1037 1023 1056
1559 2 2 0 1 1037 161 1023
1560 2 2 0 1 1056 1023 476
1561 2 2 0 1 472 862 557
1562 2 2 0 1 862 1034 557
1563 2 2 0 1 862 396 1034
1564 2 2 0 1 557 1034 473
1565 2 2 0 1 471 863 1058
1566 2 2 0 1 863 1057 1058
1567 2 2 0 1 863 472 1057
1568 2 2 0 1 1058 1057 492
1569 2 2 0 1 466 1044 854
1570 2 2 0 1 1044 1059 854
1571 2 2 0 1 1044 383 1059
1572 2 2 0 1 854 1059 467
1573 2 2 0 1 346 935 1043
1574 2 2 0 1 935 1060 1043
1575 2 2 0 1 935 348 1060
1576 2 2 0 1 1043 1060 383
1577 2 2 0 1 438 1009 1006
1578 2 2 0 1 1009 1061 1006
1579 2 2 0 1 1009 435 1061
1580 2 2 0 1 1006 1061 487
1581 2 2 0 1 342 822 1062
1582 2 2 0 1 822 839 1062
1583 2 2 0 1 822 334 839
1584 2 2 0 1 1062 839 343
1585 2 2 0 1 350 1025 1046
1586 2 2 0 1 1025 1063 1046
1587 2 2 0 1 1025 372 1063
1588 2 2 0 1 1046 1063 486
1589 2 2 0 1 163 143 1065
1590 2 2 0 1 143 1064 1065
1591 2 2 0 1 143 162 1064
1592 2 2 0 1 1065 1064 477
1593 2 2 0 1 457 717 743
1594 2 2 0 1 717 680 743
1595 2 2 0 1 717 455 680
1596 2 2 0 1 743 680 489
1597 2 2 0 1 344 1051 952
1598 2 2 0 1 1051 1045 952
1599 2 2 0 1 1051 346 1045
1600 2 2 0 1 952 1045 466
1601 2 2 0 1 372 1035 1067
1602 2 2 0 1 1035 1066 1067
1603 2 2 0 1 1035 386 1066
1604 2 2 0 1 1067 1066 393
1605 2 2 0 1 369 917 1068
1606 2 2 0 1 917 873 1068
1607 2 2 0 1 917 370 873
1608 2 2 0 1 1068 873 376
1609 2 2 0 1 377 1069 1002
1610 2 2 0 1 1069 1070 1002
1611 2 2 0 1 1069 376 1070
1612 2 2 0 1 1002 1070 381
1613 2 2 0 1 399 1071 610
1614 2 2 0 1 1071 1072 610
1615 2 2 0 1 1071 381 1072
1616 2 2 0 1 610 1072 479
1617 2 2 0 1 148 128 1074
1618 2 2 0 1 128 1073 1074
1619 2 2 0 1 128 147 1073
1620 2 2 0 1 1074 1073 480
1621 2 2 0 1 395 1052 590
1622 2 2 0 1 1052 932 590
1623 2 2 0 1 1052 389 932
1624 2 2 0 1 590 932 439
1625 2 2 0 1 376 874 1076
1626 2 2 0 1 874 1075 1076
1627 2 2 0 1 874 384 1075
1628 2 2 0 1 1076 1075 479
1629 2 2 0 1 342 1062 897
1630 2 2 0 1 1062 1041 897
1631 2 2 0 1 1062 343 1041
1632 2 2 0 1 897 1041 344
1633 2 2 0 1 337 838 1077
1634 2 2 0 1 838 1058 1077
1635 2 2 0 1 838 471 1058
1636 2 2 0 1 1077 1058 492
1637 2 2 0 1 383 1060 1078
1638 2 2 0 1 1060 1047 1078
1639 2 2 0 1 1060 348 1047
1640 2 2 0 1 1078 1047 486
1641 2 2 0 1 369 1068 1079
1642 2 2 0 1 1068 1069 1079
1643 2 2 0 1 1068 376 1069
1644 2 2 0 1 1079 1069 377
1645 2 2 0 1 367 1054 1040
1646 2 2 0 1 1054 1080 1040
1647 2 2 0 1 1054 369 1080
1648 2 2 0 1 1040 1080 484
1649 2 2 0 1 164 144 1082
1650 2 2 0 1 144 1081 1082
1651 2 2 0 1 144 163 1081
1652 2 2 0 1 1082 1081 339
1653 2 2 0 1 393 1066 1083
1654 2 2 0 1 1066 1020 1083
1655 2 2 0 1 1066 386 1020
1656 2 2 0 1 1083 1020 394
1657 2 2 0 1 147 127 1085
1658 2 2 0 1 127 1084 1085
1659 2 2 0 1 127 156 1084
1660 2 2 0 1 1085 1084 340
1661 2 2 0 1 369 1079 1080
1662 2 2 0 1 1079 878 1080
1663 2 2 0 1 1079 377 878
1664 2 2 0 1 1080 878 484
1665 2 2 0 1 390 1086 988
1666 2 2 0 1 1086 1087 988
1667 2 2 0 1 1086 399 1087
1668 2 2 0 1 988 1087 410
1669 2 2 0 1 390 1048 1086
1670 2 2 0 1 1048 1071 1086
1671 2 2 0 1 1048 381 1071
1672 2 2 0 1 1086 1071 399
1673 2 2 0 1 162 1038 1064
1674 2 2 0 1 1038 1088 1064
1675 2 2 0 1 1038 332 1088
1676 2 2 0 1 1064 1088 477
1677 2 2 0 1 29 970 1055
1678 2 2 0 1 970 665 1055
1679 2 2 0 1 970 320 665
1680 2 2 0 1 1055 665 488
1681 2 2 0 1 370 916 1089
1682 2 2 0 1 916 786 1089
1683 2 2 0 1 916 368 786
1684 2 2 0 1 1089 786 493
1685 2 2 0 1 372 1067 1063
1686 2 2 0 1 1067 1090 1063
1687 2 2 0 1 1067 393 1090
1688 2 2 0 1 1063 1090 486
1689 2 2 0 1 393 1083 1091
1690 2 2 0 1 1083 538 1091
1691 2 2 0 1 1083 394 538
1692 2 2 0 1 1091 538 400
1693 2 2 0 1 381 1070 1072
1694 2 2 0 1 1070 1076 1072
1695 2 2 0 1 1070 376 1076
1696 2 2 0 1 1072 1076 479
1697 2 2 0 1 419 1092 1093
1698 2 2 0 1 1092 788 1093
1699 2 2 0 1 1092 493 788
1700 2 2 0 1 1093 788 494
1701 2 2 0 1 456 718 716
1702 2 2 0 1 718 1094 716
1703 2 2 0 1 718 457 1094
1704 2 2 0 1 716 1094 490
1705 2 2 0 1 328 1049 1095
1706 2 2 0 1 1049 1074 1095
1707 2 2 0 1 1049 148 1074
1708 2 2 0 1 1095 1074 480
1709 2 2 0 1 384 1053 1075
1710 2 2 0 1 1053 608 1075
1711 2 2 0 1 1053 395 608
1712 2 2 0 1 1075 608 479
1713 2 2 0 1 339 1081 1096
1714 2 2 0 1 1081 1065 1096
1715 2 2 0 1 1081 163 1065
1716 2 2 0 1 1096 1065 477
1717 2 2 0 1 467 1059 792
1718 2 2 0 1 1059 1097 792
1719 2 2 0 1 1059 383 1097
1720 2 2 0 1 792 1097 491
1721 2 2 0 1 147 1085 1073
1722 2 2 0 1 1085 1098 1073
1723 2 2 0 1 1085 340 1098
1724 2 2 0 1 1073 1098 480
1725 2 2 0 1 366 958 1100
1726 2 2 0 1 958 1099 1100
1727 2 2 0 1 958 378 1099
1728 2 2 0 1 1100 1099 494
1729 2 2 0 1 419 722 1092
1730 2 2 0 1 722 1101 1092
1731 2 2 0 1 722 403 1101
1732 2 2 0 1 1092 1101 493
1733 2 2 0 1 40 21 1102
1734 2 2 0 1 21 664 1102
1735 2 2 0 1 21 41 664
1736 2 2 0 1 1102 664 495
1737 2 2 0 1 393 1091 1103
1738 2 2 0 1 1091 886 1103
1739 2 2 0 1 1091 400 886
1740 2 2 0 1 1103 886 491
1741 2 2 0 1 403 1036 1101
1742 2 2 0 1 1036 1104 1101
1743 2 2 0 1 1036 385 1104
1744 2 2 0 1 1101 1104 493
1745 2 2 0 1 383 1078 1097
1746 2 2 0 1 1078 1105 1097
1747 2 2 0 1 1078 486 1105
1748 2 2 0 1 1097 1105 491
1749 2 2 0 1 486 1090 1105
1750 2 2 0 1 1090 1103 1105
1751 2 2 0 1 1090 393 1103
1752 2 2 0 1 1105 1103 491
1753 2 2 0 1 385 803 1104
1754 2 2 0 1 803 1089 1104
1755 2 2 0 1 803 370 1089
1756 2 2 0 1 1104 1089 493
1757 2 2 0 1 368 955 787
1758 2 2 0 1 955 1100 787
1759 2 2 0 1 955 366 1100
1760 2 2 0 1 787 1100 494
1761 2 2 0 1 320 969 1106
1762 2 2 0 1 969 1102 1106
1763 2 2 0 1 969 40 1102
1764 2 2 0 1 1106 1102 495
1765 2 2 0 1 317 307 1108
1766 2 2 0 1 307 1107 1108
1767 2 2 0 1 307 316 1107
1768 2 2 0 1 1108 1107 329
1769 2 2 0 1 259 250 1110
1770 2 2 0 1 250 1109 1110
1771 2 2 0 1 250 260 1109
1772 2 2 0 1 1110 1109 330
1773 2 2 0 1 420 870 778
1774 2 2 0 1 870 1111 778
1775 2 2 0 1 870 419 1111
1776 2 2 0 1 778 1111 496
1777 2 2 0 1 490 1094 1112
1778 2 2 0 1 1094 633 1112
1779 2 2 0 1 1094 457 633
1780 2 2 0 1 1112 633 497
1781 2 2 0 1 419 1093 1111
1782 2 2 0 1 1093 1113 1111
1783 2 2 0 1 1093 494 1113
1784 2 2 0 1 1111 1113 496
1785 2 2 0 1 496 1114 846
1786 2 2 0 1 1114 1115 846
1787 2 2 0 1 1114 378 1115
1788 2 2 0 1 846 1115 497
1789 2 2 0 1 494 1099 1113
1790 2 2 0 1 1099 1114 1113
1791 2 2 0 1 1099 378 1114
1792 2 2 0 1 1113 1114 496
1793 2 2 0 1 378 951 1115
1794 2 2 0 1 951 1112 1115
1795 2 2 0 1 951 490 1112
1796 2 2 0 1 1115 1112 497
1797 2 2 0 1 489 666 744
1798 2 2 0 1 666 1116 744
1799 2 2 0 1 666 320 1116
1800 2 2 0 1 744 1116 498
1801 2 2 0 1 320 1106 1116
1802 2 2 0 1 1106 1029 1116
1803 2 2 0 1 1106 495 1029
1804 2 2 0 1 1116 1029 498
1805 2 2 0 1 340 599 1118
1806 2 2 0 1 599 1117 1118
1807 2 2 0 1 599 502 1117
1808 2 2 0 1 1118 1117 530
1809 2 2 0 1 501 595 1120
1810 2 2 0 1 595 1119 1120
1811 2 2 0 1 595 339 1119
1812 2 2 0 1 1120 1119 531
1813 2 2 0 1 254 245 1122
1814 2 2 0 1 245 1121 1122
1815 2 2 0 1 245 255 1121
1816 2 2 0 1 1122 1121 500
1817 2 2 0 1 312 302 1124
1818 2 2 0 1 302 1123 1124
1819 2 2 0 1 302 311 1123
1820 2 2 0 1 1124 1123 499
1821 2 2 0 1 330 573 1125
1822 2 2 0 1 573 545 1125
1823 2 2 0 1 573 474 545
1824 2 2 0 1 1125 545 509
1825 2 2 0 1 336 729 1126
1826 2 2 0 1 729 602 1126
1827 2 2 0 1 729 425 602
1828 2 2 0 1 1126 602 502
1829 2 2 0 1 440 566 550
1830 2 2 0 1 566 1127 550
1831 2 2 0 1 566 329 1127
1832 2 2 0 1 550 1127 525
1833 2 2 0 1 425 728 568
1834 2 2 0 1 728 1128 568
1835 2 2 0 1 728 424 1128
1836 2 2 0 1 568 1128 503
1837 2 2 0 1 410 1087 570
1838 2 2 0 1 1087 1129 570
1839 2 2 0 1 1087 399 1129
1840 2 2 0 1 570 1129 504
1841 2 2 0 1 335 821 1130
1842 2 2 0 1 821 1124 1130
1843 2 2 0 1 821 312 1124
1844 2 2 0 1 1130 1124 499
1845 2 2 0 1 255 826 1121
1846 2 2 0 1 826 1131 1121
1847 2 2 0 1 826 336 1131
1848 2 2 0 1 1121 1131 500
1849 2 2 0 1 151 131 1132
1850 2 2 0 1 131 585 1132
1851 2 2 0 1 131 150 585
1852 2 2 0 1 1132 585 505
1853 2 2 0 1 157 137 1133
1854 2 2 0 1 137 582 1133
1855 2 2 0 1 137 146 582
1856 2 2 0 1 1133 582 506
1857 2 2 0 1 435 990 576
1858 2 2 0 1 990 1134 576
1859 2 2 0 1 990 433 1134
1860 2 2 0 1 576 1134 508
1861 2 2 0 1 408 1019 579
1862 2 2 0 1 1019 1135 579
1863 2 2 0 1 1019 463 1135
1864 2 2 0 1 579 1135 507
1865 2 2 0 1 326 817 544
1866 2 2 0 1 817 1136 544
1867 2 2 0 1 817 258 1136
1868 2 2 0 1 544 1136 509
1869 2 2 0 1 259 1110 1137
1870 2 2 0 1 1110 1125 1137
1871 2 2 0 1 1110 330 1125
1872 2 2 0 1 1137 1125 509
1873 2 2 0 1 330 1109 603
1874 2 2 0 1 1109 1138 603
1875 2 2 0 1 1109 260 1138
1876 2 2 0 1 603 1138 510
1877 2 2 0 1 317 1108 1139
1878 2 2 0 1 1108 606 1139
1879 2 2 0 1 1108 329 606
1880 2 2 0 1 1139 606 514
1881 2 2 0 1 149 1050 1141
1882 2 2 0 1 1050 1140 1141
1883 2 2 0 1 1050 328 1140
1884 2 2 0 1 1141 1140 521
1885 2 2 0 1 464 890 1143
1886 2 2 0 1 890 1142 1143
1887 2 2 0 1 890 397 1142
1888 2 2 0 1 1143 1142 523
1889 2 2 0 1 155 997 1145
1890 2 2 0 1 997 1144 1145
1891 2 2 0 1 997 324 1144
1892 2 2 0 1 1145 1144 522
1893 2 2 0 1 436 977 1147
1894 2 2 0 1 977 1146 1147
1895 2 2 0 1 977 431 1146
1896 2 2 0 1 1147 1146 524
1897 2 2 0 1 315 805 1148
1898 2 2 0 1 805 551 1148
1899 2 2 0 1 805 327 551
1900 2 2 0 1 1148 551 525
1901 2 2 0 1 329 1107 1127
1902 2 2 0 1 1107 1149 1127
1903 2 2 0 1 1107 316 1149
1904 2 2 0 1 1127 1149 525
1905 2 2 0 1 415 620 562
1906 2 2 0 1 620 1150 562
1907 2 2 0 1 620 338 1150
1908 2 2 0 1 562 1150 527
1909 2 2 0 1 253 243 564
1910 2 2 0 1 243 1151 564
1911 2 2 0 1 243 1 1151
1912 2 2 0 1 564 1151 526
1913 2 2 0 1 2 300 1152
1914 2 2 0 1 300 563 1152
1915 2 2 0 1 300 310 563
1916 2 2 0 1 1152 563 527
1917 2 2 0 1 47 28 1153
1918 2 2 0 1 28 1152 1153
1919 2 2 0 1 28 2 1152
1920 2 2 0 1 1153 1152 527
1921 2 2 0 1 1 19 1151
1922 2 2 0 1 19 1154 1151
1923 2 2 0 1 19 39 1154
1924 2 2 0 1 1151 1154 526
1925 2 2 0 1 337 1077 1155
1926 2 2 0 1 1077 565 1155
1927 2 2 0 1 1077 492 565
1928 2 2 0 1 1155 565 526
1929 2 2 0 1 311 301 1157
1930 2 2 0 1 301 1156 1157
1931 2 2 0 1 301 6 1156
1932 2 2 0 1 1157 1156 528
1933 2 2 0 1 5 244 1159
1934 2 2 0 1 244 1158 1159
1935 2 2 0 1 244 254 1158
1936 2 2 0 1 1159 1158 529
1937 2 2 0 1 6 145 1156
1938 2 2 0 1 145 1160 1156
1939 2 2 0 1 145 164 1160
1940 2 2 0 1 1156 1160 528
1941 2 2 0 1 156 136 1161
1942 2 2 0 1 136 1159 1161
1943 2 2 0 1 136 5 1159
1944 2 2 0 1 1161 1159 529
1945 2 2 0 1 399 609 1129
1946 2 2 0 1 609 593 1129
1947 2 2 0 1 609 441 593
1948 2 2 0 1 1129 593 504
1949 2 2 0 1 327 756 592
1950 2 2 0 1 756 571 592
1951 2 2 0 1 756 423 571
1952 2 2 0 1 592 571 504
1953 2 2 0 1 424 824 1128
1954 2 2 0 1 824 589 1128
1955 2 2 0 1 824 326 589
1956 2 2 0 1 1128 589 503
1957 2 2 0 1 478 885 588
1958 2 2 0 1 885 569 588
1959 2 2 0 1 885 400 569
1960 2 2 0 1 588 569 503
1961 2 2 0 1 261 555 1163
1962 2 2 0 1 555 1162 1163
1963 2 2 0 1 555 492 1162
1964 2 2 0 1 1163 1162 510
1965 2 2 0 1 415 552 1165
1966 2 2 0 1 552 1164 1165
1967 2 2 0 1 552 318 1164
1968 2 2 0 1 1165 1164 514
1969 2 2 0 1 335 1130 548
1970 2 2 0 1 1130 596 548
1971 2 2 0 1 1130 499 596
1972 2 2 0 1 548 596 501
1973 2 2 0 1 500 1131 598
1974 2 2 0 1 1131 1126 598
1975 2 2 0 1 1131 336 1126
1976 2 2 0 1 598 1126 502
1977 2 2 0 1 480 1098 1166
1978 2 2 0 1 1098 1118 1166
1979 2 2 0 1 1098 340 1118
1980 2 2 0 1 1166 1118 530
1981 2 2 0 1 339 1096 1119
1982 2 2 0 1 1096 1167 1119
1983 2 2 0 1 1096 477 1167
1984 2 2 0 1 1119 1167 531
1985 2 2 0 1 505 613 1168
1986 2 2 0 1 613 1143 1168
1987 2 2 0 1 613 464 1143
1988 2 2 0 1 1168 1143 523
1989 2 2 0 1 506 611 1169
1990 2 2 0 1 611 1147 1169
1991 2 2 0 1 611 436 1147
1992 2 2 0 1 1169 1147 524
1993 2 2 0 1 328 617 1140
1994 2 2 0 1 617 1170 1140
1995 2 2 0 1 617 507 1170
1996 2 2 0 1 1140 1170 521
1997 2 2 0 1 324 615 1144
1998 2 2 0 1 615 1171 1144
1999 2 2 0 1 615 508 1171
2000 2 2 0 1 1144 1171 522
2001 2 2 0 1 323 994 1172
2002 2 2 0 1 994 1132 1172
2003 2 2 0 1 994 151 1132
2004 2 2 0 1 1172 1132 505
2005 2 2 0 1 333 982 1173
2006 2 2 0 1 982 1133 1173
2007 2 2 0 1 982 157 1133
2008 2 2 0 1 1173 1133 506
2009 2 2 0 1 463 891 1135
2010 2 2 0 1 891 1174 1135
2011 2 2 0 1 891 464 1174
2012 2 2 0 1 1135 1174 507
2013 2 2 0 1 433 978 1134
2014 2 2 0 1 978 1175 1134
2015 2 2 0 1 978 436 1175
2016 2 2 0 1 1134 1175 508
2017 2 2 0 1 258 249 1136
2018 2 2 0 1 249 1137 1136
2019 2 2 0 1 249 259 1137
2020 2 2 0 1 1136 1137 509
2021 2 2 0 1 511 1176 1178
2022 2 2 0 1 1176 1177 1178
2023 2 2 0 1 1176 323 1177
2024 2 2 0 1 1178 1177 523
2025 2 2 0 1 516 1179 1181
2026 2 2 0 1 1179 1180 1181
2027 2 2 0 1 1179 333 1180
2028 2 2 0 1 1181 1180 524
2029 2 2 0 1 318 308 1164
2030 2 2 0 1 308 1139 1164
2031 2 2 0 1 308 317 1139
2032 2 2 0 1 1164 1139 514
2033 2 2 0 1 260 251 1138
2034 2 2 0 1 251 1163 1138
2035 2 2 0 1 251 261 1163
2036 2 2 0 1 1138 1163 510
2037 2 2 0 1 476 1182 1184
2038 2 2 0 1 1182 1183 1184
2039 2 2 0 1 1182 518 1183
2040 2 2 0 1 1184 1183 519
2041 2 2 0 1 409 1033 1185
2042 2 2 0 1 1033 581 1185
2043 2 2 0 1 1033 408 581
2044 2 2 0 1 1185 581 512
2045 2 2 0 1 518 1186 1183
2046 2 2 0 1 1186 1187 1183
2047 2 2 0 1 1186 398 1187
2048 2 2 0 1 1183 1187 519
2049 2 2 0 1 404 931 1189
2050 2 2 0 1 931 1188 1189
2051 2 2 0 1 931 406 1188
2052 2 2 0 1 1189 1188 511
2053 2 2 0 1 511 1188 1191
2054 2 2 0 1 1188 1190 1191
2055 2 2 0 1 1188 406 1190
2056 2 2 0 1 1191 1190 513
2057 2 2 0 1 492 1057 1162
2058 2 2 0 1 1057 604 1162
2059 2 2 0 1 1057 472 604
2060 2 2 0 1 1162 604 510
2061 2 2 0 1 406 1011 1190
2062 2 2 0 1 1011 1192 1190
2063 2 2 0 1 1011 487 1192
2064 2 2 0 1 1190 1192 513
2065 2 2 0 1 513 1192 1194
2066 2 2 0 1 1192 1193 1194
2067 2 2 0 1 1192 487 1193
2068 2 2 0 1 1194 1193 515
2069 2 2 0 1 487 1061 1193
2070 2 2 0 1 1061 578 1193
2071 2 2 0 1 1061 435 578
2072 2 2 0 1 1193 578 515
2073 2 2 0 1 429 928 1196
2074 2 2 0 1 928 1195 1196
2075 2 2 0 1 928 427 1195
2076 2 2 0 1 1196 1195 516
2077 2 2 0 1 414 733 605
2078 2 2 0 1 733 1165 605
2079 2 2 0 1 733 415 1165
2080 2 2 0 1 605 1165 514
2081 2 2 0 1 516 1195 1198
2082 2 2 0 1 1195 1197 1198
2083 2 2 0 1 1195 427 1197
2084 2 2 0 1 1198 1197 517
2085 2 2 0 1 427 882 1197
2086 2 2 0 1 882 1199 1197
2087 2 2 0 1 882 407 1199
2088 2 2 0 1 1197 1199 517
2089 2 2 0 1 468 1008 1200
2090 2 2 0 1 1008 1176 1200
2091 2 2 0 1 1008 323 1176
2092 2 2 0 1 1200 1176 511
2093 2 2 0 1 476 1024 1182
2094 2 2 0 1 1024 1201 1182
2095 2 2 0 1 1024 322 1201
2096 2 2 0 1 1182 1201 518
2097 2 2 0 1 468 1200 1202
2098 2 2 0 1 1200 1191 1202
2099 2 2 0 1 1200 511 1191
2100 2 2 0 1 1202 1191 513
2101 2 2 0 1 469 1016 1203
2102 2 2 0 1 1016 1202 1203
2103 2 2 0 1 1016 468 1202
2104 2 2 0 1 1203 1202 513
2105 2 2 0 1 328 1095 618
2106 2 2 0 1 1095 1204 618
2107 2 2 0 1 1095 480 1204
2108 2 2 0 1 618 1204 512
2109 2 2 0 1 469 1203 1205
2110 2 2 0 1 1203 1194 1205
2111 2 2 0 1 1203 513 1194
2112 2 2 0 1 1205 1194 515
2113 2 2 0 1 324 998 616
2114 2 2 0 1 998 1205 616
2115 2 2 0 1 998 469 1205
2116 2 2 0 1 616 1205 515
2117 2 2 0 1 398 1032 1187
2118 2 2 0 1 1032 1206 1187
2119 2 2 0 1 1032 458 1206
2120 2 2 0 1 1187 1206 519
2121 2 2 0 1 458 851 1208
2122 2 2 0 1 851 1207 1208
2123 2 2 0 1 851 411 1207
2124 2 2 0 1 1208 1207 520
2125 2 2 0 1 470 992 1209
2126 2 2 0 1 992 1179 1209
2127 2 2 0 1 992 333 1179
2128 2 2 0 1 1209 1179 516
2129 2 2 0 1 519 1206 1210
2130 2 2 0 1 1206 1208 1210
2131 2 2 0 1 1206 458 1208
2132 2 2 0 1 1210 1208 520
2133 2 2 0 1 470 1209 1211
2134 2 2 0 1 1209 1198 1211
2135 2 2 0 1 1209 516 1198
2136 2 2 0 1 1211 1198 517
2137 2 2 0 1 322 975 1212
2138 2 2 0 1 975 1211 1212
2139 2 2 0 1 975 470 1211
2140 2 2 0 1 1212 1211 517
2141 2 2 0 1 407 848 1213
2142 2 2 0 1 848 1186 1213
2143 2 2 0 1 848 398 1186
2144 2 2 0 1 1213 1186 518
2145 2 2 0 1 332 1056 1214
2146 2 2 0 1 1056 1184 1214
2147 2 2 0 1 1056 476 1184
2148 2 2 0 1 1214 1184 519
2149 2 2 0 1 332 1214 1215
2150 2 2 0 1 1214 1210 1215
2151 2 2 0 1 1214 519 1210
2152 2 2 0 1 1215 1210 520
2153 2 2 0 1 477 1088 1216
2154 2 2 0 1 1088 1215 1216
2155 2 2 0 1 1088 332 1215
2156 2 2 0 1 1216 1215 520
2157 2 2 0 1 322 1212 1201
2158 2 2 0 1 1212 1217 1201
2159 2 2 0 1 1212 517 1217
2160 2 2 0 1 1201 1217 518
2161 2 2 0 1 517 1199 1217
2162 2 2 0 1 1199 1213 1217
2163 2 2 0 1 1199 407 1213
2164 2 2 0 1 1217 1213 518
2165 2 2 0 1 404 1189 1218
2166 2 2 0 1 1189 1178 1218
2167 2 2 0 1 1189 511 1178
2168 2 2 0 1 1218 1178 523
2169 2 2 0 1 429 1196 1219
2170 2 2 0 1 1196 1181 1219
2171 2 2 0 1 1196 516 1181
2172 2 2 0 1 1219 1181 524
2173 2 2 0 1 150 130 586
2174 2 2 0 1 130 1141 586
2175 2 2 0 1 130 149 1141
2176 2 2 0 1 586 1141 521
2177 2 2 0 1 146 126 583
2178 2 2 0 1 126 1145 583
2179 2 2 0 1 126 155 1145
2180 2 2 0 1 583 1145 522
2181 2 2 0 1 397 909 1142
2182 2 2 0 1 909 1218 1142
2183 2 2 0 1 909 404 1218
2184 2 2 0 1 1142 1218 523
2185 2 2 0 1 431 948 1146
2186 2 2 0 1 948 1219 1146
2187 2 2 0 1 948 429 1219
2188 2 2 0 1 1146 1219 524
2189 2 2 0 1 316 306 1149
2190 2 2 0 1 306 1148 1149
2191 2 2 0 1 306 315 1148
2192 2 2 0 1 1149 1148 525
2193 2 2 0 1 254 1122 1158
2194 2 2 0 1 1122 1220 1158
2195 2 2 0 1 1122 500 1220
2196 2 2 0 1 1158 1220 529
2197 2 2 0 1 499 1123 1221
2198 2 2 0 1 1123 1157 1221
2199 2 2 0 1 1123 311 1157
2200 2 2 0 1 1221 1157 528
2201 2 2 0 1 338 777 1150
2202 2 2 0 1 777 1153 1150
2203 2 2 0 1 777 47 1153
2204 2 2 0 1 1150 1153 527
2205 2 2 0 1 39 776 1154
2206 2 2 0 1 776 1155 1154
2207 2 2 0 1 776 337 1155
2208 2 2 0 1 1154 1155 526
2209 2 2 0 1 164 1082 1160
2210 2 2 0 1 1082 1222 1160
2211 2 2 0 1 1082 339 1222
2212 2 2 0 1 1160 1222 528
2213 2 2 0 1 340 1084 1223
2214 2 2 0 1 1084 1161 1223
2215 2 2 0 1 1084 156 1161
2216 2 2 0 1 1223 1161 529
2217 2 2 0 1 339 594 1222
2218 2 2 0 1 594 1221 1222
2219 2 2 0 1 594 499 1221
2220 2 2 0 1 1222 1221 528
2221 2 2 0 1 500 597 1220
2222 2 2 0 1 597 1223 1220
2223 2 2 0 1 597 340 1223
2224 2 2 0 1 1220 1223 529
2225 2 2 0 1 323 1172 1177
2226 2 2 0 1 1172 1168 1177
2227 2 2 0 1 1172 505 1168
2228 2 2 0 1 1177 1168 523
2229 2 2 0 1 333 1173 1180
2230 2 2 0 1 1173 1169 1180
2231 2 2 0 1 1173 506 1169
2232 2 2 0 1 1180 1169 524
2233 2 2 0 1 507 1174 1170
2234 2 2 0 1 1174 614 1170
2235 2 2 0 1 1174 464 614
2236 2 2 0 1 1170 614 521
2237 2 2 0 1 508 1175 1171
2238 2 2 0 1 1175 612 1171
2239 2 2 0 1 1175 436 612
2240 2 2 0 1 1171 612 522
2241 2 2 0 1 411 575 1224
2242 2 2 0 1 575 1120 1224
2243 2 2 0 1 575 501 1120
2244 2 2 0 1 1224 1120 531
2245 2 2 0 1 502 601 1117
2246 2 2 0 1 601 1225 1117
2247 2 2 0 1 601 409 1225
2248 2 2 0 1 1117 1225 530
2249 2 2 0 1 409 1185 1225
2250 2 2 0 1 1185 1226 1225
2251 2 2 0 1 1185 512 1226
2252 2 2 0 1 1225 1226 530
2253 2 2 0 1 512 1204 1226
2254 2 2 0 1 1204 1166 1226
2255 2 2 0 1 1204 480 1166
2256 2 2 0 1 1226 1166 530
2257 2 2 0 1 477 1216 1167
2258 2 2 0 1 1216 1227 1167
2259 2 2 0 1 1216 520 1227
2260 2 2 0 1 1167 1227 531
2261 2 2 0 1 520 1207 1227
2262 2 2 0 1 1207 1224 1227
2263 2 2 0 1 1207 411 1224
2264 2 2 0 1 1227 1224 531
2265 2 2 0 2 1353 1441 1443
2266 2 2 0 2 1441 1442 1443
2267 2 2 0 2 1441 1316 1442
2268 2 2 0 2 1443 1442 1385
2269 2 2 0 2 1357 1444 1446
2270 2 2 0 2 1444 1445 1446
2271 2 2 0 2 1444 1244 1445
2272 2 2 0 2 1446 1445 1383
2273 2 2 0 2 1399 1447 1449
2274 2 2 0 2 1447 1448 1449
2275 2 2 0 2 1447 1245 1448
2276 2 2 0 2 1449 1448 1409
2277 2 2 0 2 1245 1447 1451
2278 2 2 0 2 1447 1450 1451
2279 2 2 0 2 1447 1399 1450
2280 2 2 0 2 1451 1450 1431
2281 2 2 0 2 1383 1445 1453
2282 2 2 0 2 1445 1452 1453
2283 2 2 0 2 1445 1244 1452
2284 2 2 0 2 1453 1452 1432
2285 2 2 0 2 1329 1454 1456
2286 2 2 0 2 1454 1455 1456
2287 2 2 0 2 1454 1238 1455
2288 2 2 0 2 1456 1455 1386
2289 2 2 0 2 1342 1457 1459
2290 2 2 0 2 1457 1458 1459
2291 2 2 0 2 1457 1249 1458
2292 2 2 0 2 1459 1458 1345
2293 2 2 0 2 1347 1460 1462
2294 2 2 0 2 1460 1461 1462
2295 2 2 0 2 1460 1236 1461
2296 2 2 0 2 1462 1461 1416
2297 2 2 0 2 1413 1463 1465
2298 2 2 0 2 1463 1464 1465
2299 2 2 0 2 1463 1297 1464
2300 2 2 0 2 1465 1464 1414
2301 2 2 0 2 1344 1466 1467
2302 2 2 0 2 1466 1465 1467
2303 2 2 0 2 1466 1413 1465
2304 2 2 0 2 1467 1465 1414
2305 2 2 0 2 1316 1441 1469
2306 2 2 0 2 1441 1468 1469
2307 2 2 0 2 1441 1353 1468
2308 2 2 0 2 1469 1468 1411
2309 2 2 0 2 1329 1456 1471
2310 2 2 0 2 1456 1470 1471
2311 2 2 0 2 1456 1386 1470
2312 2 2 0 2 1471 1470 1410
2313 2 2 0 2 1324 1472 1473
2314 2 2 0 2 1472 1443 1473
2315 2 2 0 2 1472 1353 1443
2316 2 2 0 2 1473 1443 1385
2317 2 2 0 2 1236 1460 1475
2318 2 2 0 2 1460 1474 1475
2319 2 2 0 2 1460 1347 1474
2320 2 2 0 2 1475 1474 1434
2321 2 2 0 2 1345 1458 1477
2322 2 2 0 2 1458 1476 1477
2323 2 2 0 2 1458 1249 1476
2324 2 2 0 2 1477 1476 1425
2325 2 2 0 2 1345 1478 1480
2326 2 2 0 2 1478 1479 1480
2327 2 2 0 2 1478 1239 1479
2328 2 2 0 2 1480 1479 1346
2329 2 2 0 2 1346 1479 1482
2330 2 2 0 2 1479 1481 1482
2331 2 2 0 2 1479 1239 1481
2332 2 2 0 2 1482 1481 1347
2333 2 2 0 2 1238 1454 1484
2334 2 2 0 2 1454 1483 1484
2335 2 2 0 2 1454 1329 1483
2336 2 2 0 2 1484 1483 1411
2337 2 2 0 2 1250 1485 1486
2338 2 2 0 2 1485 1449 1486
2339 2 2 0 2 1485 1399 1449
2340 2 2 0 2 1486 1449 1409
2341 2 2 0 2 1374 1487 1489
2342 2 2 0 2 1487 1488 1489
2343 2 2 0 2 1487 1375 1488
2344 2 2 0 2 1489 1488 1431
2345 2 2 0 2 1339 1490 1492
2346 2 2 0 2 1490 1491 1492
2347 2 2 0 2 1490 1390 1491
2348 2 2 0 2 1492 1491 1432
2349 2 2 0 2 1323 1493 1495
2350 2 2 0 2 1493 1494 1495
2351 2 2 0 2 1493 1412 1494
2352 2 2 0 2 1495 1494 1416
2353 2 2 0 2 1249 1457 1497
2354 2 2 0 2 1457 1496 1497
2355 2 2 0 2 1457 1342 1496
2356 2 2 0 2 1497 1496 1406
2357 2 2 0 2 1357 1446 1499
2358 2 2 0 2 1446 1498 1499
2359 2 2 0 2 1446 1383 1498
2360 2 2 0 2 1499 1498 1408
2361 2 2 0 2 1412 1500 1494
2362 2 2 0 2 1500 1501 1494
2363 2 2 0 2 1500 1348 1501
2364 2 2 0 2 1494 1501 1416
2365 2 2 0 2 1248 1502 1504
2366 2 2 0 2 1502 1503 1504
2367 2 2 0 2 1502 1407 1503
2368 2 2 0 2 1504 1503 1410
2369 2 2 0 2 1416 1461 1506
2370 2 2 0 2 1461 1505 1506
2371 2 2 0 2 1461 1236 1505
2372 2 2 0 2 1506 1505 1433
2373 2 2 0 2 1330 1507 1508
2374 2 2 0 2 1507 1471 1508
2375 2 2 0 2 1507 1329 1471
2376 2 2 0 2 1508 1471 1410
2377 2 2 0 2 1304 1509 1511
2378 2 2 0 2 1509 1510 1511
2379 2 2 0 2 1509 1415 1510
2380 2 2 0 2 1511 1510 1430
2381 2 2 0 2 1375 1487 1513
2382 2 2 0 2 1487 1512 1513
2383 2 2 0 2 1487 1374 1512
2384 2 2 0 2 1513 1512 1433
2385 2 2 0 2 1348 1514 1515
2386 2 2 0 2 1514 1463 1515
2387 2 2 0 2 1514 1297 1463
2388 2 2 0 2 1515 1463 1413
2389 2 2 0 2 1346 1482 1517
2390 2 2 0 2 1482 1516 1517
2391 2 2 0 2 1482 1347 1516
2392 2 2 0 2 1517 1516 1348
2393 2 2 0 2 1390 1490 1519
2394 2 2 0 2 1490 1518 1519
2395 2 2 0 2 1490 1339 1518
2396 2 2 0 2 1519 1518 1435
2397 2 2 0 2 1375 1520 1488
2398 2 2 0 2 1520 1451 1488
2399 2 2 0 2 1520 1245 1451
2400 2 2 0 2 1488 1451 1431
2401 2 2 0 2 1244 1521 1452
2402 2 2 0 2 1521 1492 1452
2403 2 2 0 2 1521 1339 1492
2404 2 2 0 2 1452 1492 1432
2405 2 2 0 2 1297 1514 1522
2406 2 2 0 2 1514 1500 1522
2407 2 2 0 2 1514 1348 1500
2408 2 2 0 2 1522 1500 1412
2409 2 2 0 2 1410 1503 1524
2410 2 2 0 2 1503 1523 1524
2411 2 2 0 2 1503 1407 1523
2412 2 2 0 2 1524 1523 1440
2413 2 2 0 2 1239 1478 1525
2414 2 2 0 2 1478 1477 1525
2415 2 2 0 2 1478 1345 1477
2416 2 2 0 2 1525 1477 1425
2417 2 2 0 2 1415 1526 1510
2418 2 2 0 2 1526 1527 1510
2419 2 2 0 2 1526 1350 1527
2420 2 2 0 2 1510 1527 1430
2421 2 2 0 2 1309 1528 1530
2422 2 2 0 2 1528 1529 1530
2423 2 2 0 2 1528 1373 1529
2424 2 2 0 2 1530 1529 1394
2425 2 2 0 2 190 170 1532
2426 2 2 0 2 170 1531 1532
2427 2 2 0 2 170 189 1531
2428 2 2 0 2 1532 1531 1333
2429 2 2 0 2 79 1533 1535
2430 2 2 0 2 1533 1534 1535
2431 2 2 0 2 1533 1230 1534
2432 2 2 0 2 1535 1534 1337
2433 2 2 0 2 1334 1536 1538
2434 2 2 0 2 1536 1537 1538
2435 2 2 0 2 1536 1373 1537
2436 2 2 0 2 1538 1537 1395
2437 2 2 0 2 1333 1539 1540
2438 2 2 0 2 1539 1538 1540
2439 2 2 0 2 1539 1334 1538
2440 2 2 0 2 1540 1538 1395
2441 2 2 0 2 1363 1541 1543
2442 2 2 0 2 1541 1542 1543
2443 2 2 0 2 1541 1231 1542
2444 2 2 0 2 1543 1542 1371
2445 2 2 0 2 1237 1544 1546
2446 2 2 0 2 1544 1545 1546
2447 2 2 0 2 1544 1331 1545
2448 2 2 0 2 1546 1545 1332
2449 2 2 0 2 1253 1547 1548
2450 2 2 0 2 1547 1543 1548
2451 2 2 0 2 1547 1363 1543
2452 2 2 0 2 1548 1543 1371
2453 2 2 0 2 1373 1536 1529
2454 2 2 0 2 1536 1549 1529
2455 2 2 0 2 1536 1334 1549
2456 2 2 0 2 1529 1549 1394
2457 2 2 0 2 1331 1550 1552
2458 2 2 0 2 1550 1551 1552
2459 2 2 0 2 1550 1381 1551
2460 2 2 0 2 1552 1551 1382
2461 2 2 0 2 189 1553 1531
2462 2 2 0 2 1553 1554 1531
2463 2 2 0 2 1553 1237 1554
2464 2 2 0 2 1531 1554 1333
2465 2 2 0 2 1331 1544 1550
2466 2 2 0 2 1544 1555 1550
2467 2 2 0 2 1544 1237 1555
2468 2 2 0 2 1550 1555 1381
2469 2 2 0 2 1309 1556 1528
2470 2 2 0 2 1556 1557 1528
2471 2 2 0 2 1556 1371 1557
2472 2 2 0 2 1528 1557 1373
2473 2 2 0 2 185 1558 1560
2474 2 2 0 2 1558 1559 1560
2475 2 2 0 2 1558 1233 1559
2476 2 2 0 2 1560 1559 1391
2477 2 2 0 2 1381 1561 1551
2478 2 2 0 2 1561 1562 1551
2479 2 2 0 2 1561 1247 1562
2480 2 2 0 2 1551 1562 1382
2481 2 2 0 2 1233 1563 1559
2482 2 2 0 2 1563 1564 1559
2483 2 2 0 2 1563 1313 1564
2484 2 2 0 2 1559 1564 1391
2485 2 2 0 2 185 165 1558
2486 2 2 0 2 165 1565 1558
2487 2 2 0 2 165 194 1565
2488 2 2 0 2 1558 1565 1233
2489 2 2 0 2 1399 1566 1568
2490 2 2 0 2 1566 1567 1568
2491 2 2 0 2 1566 1356 1567
2492 2 2 0 2 1568 1567 1405
2493 2 2 0 2 68 59 1569
2494 2 2 0 2 59 1535 1569
2495 2 2 0 2 59 79 1535
2496 2 2 0 2 1569 1535 1337
2497 2 2 0 2 1335 1570 1572
2498 2 2 0 2 1570 1571 1572
2499 2 2 0 2 1570 1312 1571
2500 2 2 0 2 1572 1571 1366
2501 2 2 0 2 1371 1542 1557
2502 2 2 0 2 1542 1573 1557
2503 2 2 0 2 1542 1231 1573
2504 2 2 0 2 1557 1573 1373
2505 2 2 0 2 1322 1574 1576
2506 2 2 0 2 1574 1575 1576
2507 2 2 0 2 1574 1382 1575
2508 2 2 0 2 1576 1575 1383
2509 2 2 0 2 1237 1546 1554
2510 2 2 0 2 1546 1577 1554
2511 2 2 0 2 1546 1332 1577
2512 2 2 0 2 1554 1577 1333
2513 2 2 0 2 1234 1578 1580
2514 2 2 0 2 1578 1579 1580
2515 2 2 0 2 1578 1352 1579
2516 2 2 0 2 1580 1579 1353
2517 2 2 0 2 194 174 1582
2518 2 2 0 2 174 1581 1582
2519 2 2 0 2 174 193 1581
2520 2 2 0 2 1582 1581 1251
2521 2 2 0 2 1253 1583 1547
2522 2 2 0 2 1583 1584 1547
2523 2 2 0 2 1583 1251 1584
2524 2 2 0 2 1547 1584 1363
2525 2 2 0 2 197 1585 1587
2526 2 2 0 2 1585 1586 1587
2527 2 2 0 2 1585 1240 1586
2528 2 2 0 2 1587 1586 1338
2529 2 2 0 2 1233 1565 1588
2530 2 2 0 2 1565 1582 1588
2531 2 2 0 2 1565 194 1582
2532 2 2 0 2 1588 1582 1251
2533 2 2 0 2 1354 1589 1591
2534 2 2 0 2 1589 1590 1591
2535 2 2 0 2 1589 1272 1590
2536 2 2 0 2 1591 1590 1361
2537 2 2 0 2 314 1592 1594
2538 2 2 0 2 1592 1593 1594
2539 2 2 0 2 1592 1234 1593
2540 2 2 0 2 1594 1593 1339
2541 2 2 0 2 1341 1595 1597
2542 2 2 0 2 1595 1596 1597
2543 2 2 0 2 1595 1246 1596
2544 2 2 0 2 1597 1596 1342
2545 2 2 0 2 315 306 1599
2546 2 2 0 2 306 1598 1599
2547 2 2 0 2 306 316 1598
2548 2 2 0 2 1599 1598 1352
2549 2 2 0 2 1340 1600 1602
2550 2 2 0 2 1600 1601 1602
2551 2 2 0 2 1600 1341 1601
2552 2 2 0 2 1602 1601 1349
2553 2 2 0 2 1341 1597 1604
2554 2 2 0 2 1597 1603 1604
2555 2 2 0 2 1597 1342 1603
2556 2 2 0 2 1604 1603 1343
2557 2 2 0 2 312 1605 1606
2558 2 2 0 2 1605 1444 1606
2559 2 2 0 2 1605 1244 1444
2560 2 2 0 2 1606 1444 1357
2561 2 2 0 2 82 1607 1609
2562 2 2 0 2 1607 1608 1609
2563 2 2 0 2 1607 1235 1608
2564 2 2 0 2 1609 1608 1358
2565 2 2 0 2 1235 1610 1612
2566 2 2 0 2 1610 1611 1612
2567 2 2 0 2 1610 83 1611
2568 2 2 0 2 1612 1611 1340
2569 2 2 0 2 1343 1603 1613
2570 2 2 0 2 1603 1459 1613
2571 2 2 0 2 1603 1342 1459
2572 2 2 0 2 1613 1459 1345
2573 2 2 0 2 198 178 1614
2574 2 2 0 2 178 1587 1614
2575 2 2 0 2 178 197 1587
2576 2 2 0 2 1614 1587 1338
2577 2 2 0 2 1235 1612 1615
2578 2 2 0 2 1612 1602 1615
2579 2 2 0 2 1612 1340 1602
2580 2 2 0 2 1615 1602 1349
2581 2 2 0 2 1355 1616 1617
2582 2 2 0 2 1616 1591 1617
2583 2 2 0 2 1616 1354 1591
2584 2 2 0 2 1617 1591 1361
2585 2 2 0 2 1341 1618 1601
2586 2 2 0 2 1618 1619 1601
2587 2 2 0 2 1618 1344 1619
2588 2 2 0 2 1601 1619 1349
2589 2 2 0 2 1326 1620 1621
2590 2 2 0 2 1620 1617 1621
2591 2 2 0 2 1620 1355 1617
2592 2 2 0 2 1621 1617 1361
2593 2 2 0 2 1235 1622 1608
2594 2 2 0 2 1622 1623 1608
2595 2 2 0 2 1622 1350 1623
2596 2 2 0 2 1608 1623 1358
2597 2 2 0 2 83 64 1611
2598 2 2 0 2 64 1624 1611
2599 2 2 0 2 64 84 1624
2600 2 2 0 2 1611 1624 1340
2601 2 2 0 2 80 61 1626
2602 2 2 0 2 61 1625 1626
2603 2 2 0 2 61 81 1625
2604 2 2 0 2 1626 1625 1351
2605 2 2 0 2 1332 1627 1629
2606 2 2 0 2 1627 1628 1629
2607 2 2 0 2 1627 1311 1628
2608 2 2 0 2 1629 1628 1393
2609 2 2 0 2 1232 1630 1631
2610 2 2 0 2 1630 1614 1631
2611 2 2 0 2 1630 198 1614
2612 2 2 0 2 1631 1614 1338
2613 2 2 0 2 197 177 1585
2614 2 2 0 2 177 1632 1585
2615 2 2 0 2 177 196 1632
2616 2 2 0 2 1585 1632 1240
2617 2 2 0 2 1340 1633 1600
2618 2 2 0 2 1633 1595 1600
2619 2 2 0 2 1633 1246 1595
2620 2 2 0 2 1600 1595 1341
2621 2 2 0 2 1250 1634 1636
2622 2 2 0 2 1634 1635 1636
2623 2 2 0 2 1634 202 1635
2624 2 2 0 2 1636 1635 1356
2625 2 2 0 2 190 1532 1637
2626 2 2 0 2 1532 1540 1637
2627 2 2 0 2 1532 1333 1540
2628 2 2 0 2 1637 1540 1395
2629 2 2 0 2 1334 1638 1639
2630 2 2 0 2 1638 1629 1639
2631 2 2 0 2 1638 1332 1629
2632 2 2 0 2 1639 1629 1393
2633 2 2 0 2 1306 1640 1642
2634 2 2 0 2 1640 1641 1642
2635 2 2 0 2 1640 1270 1641
2636 2 2 0 2 1642 1641 1362
2637 2 2 0 2 1272 1589 1644
2638 2 2 0 2 1589 1643 1644
2639 2 2 0 2 1589 1354 1643
2640 2 2 0 2 1644 1643 1362
2641 2 2 0 2 1244 1645 1521
2642 2 2 0 2 1645 1646 1521
2643 2 2 0 2 1645 313 1646
2644 2 2 0 2 1521 1646 1339
2645 2 2 0 2 1312 1647 1571
2646 2 2 0 2 1647 1648 1571
2647 2 2 0 2 1647 1283 1648
2648 2 2 0 2 1571 1648 1366
2649 2 2 0 2 1283 1649 1648
2650 2 2 0 2 1649 1650 1648
2651 2 2 0 2 1649 1285 1650
2652 2 2 0 2 1648 1650 1366
2653 2 2 0 2 311 302 1651
2654 2 2 0 2 302 1606 1651
2655 2 2 0 2 302 312 1606
2656 2 2 0 2 1651 1606 1357
2657 2 2 0 2 1298 1652 1653
2658 2 2 0 2 1652 1572 1653
2659 2 2 0 2 1652 1335 1572
2660 2 2 0 2 1653 1572 1366
2661 2 2 0 2 1252 1654 1655
2662 2 2 0 2 1654 1583 1655
2663 2 2 0 2 1654 1251 1583
2664 2 2 0 2 1655 1583 1253
2665 2 2 0 2 81 62 1656
2666 2 2 0 2 62 1609 1656
2667 2 2 0 2 62 82 1609
2668 2 2 0 2 1656 1609 1358
2669 2 2 0 2 316 1657 1598
2670 2 2 0 2 1657 1658 1598
2671 2 2 0 2 1657 1238 1658
2672 2 2 0 2 1598 1658 1352
2673 2 2 0 2 84 1659 1624
2674 2 2 0 2 1659 1633 1624
2675 2 2 0 2 1659 1246 1633
2676 2 2 0 2 1624 1633 1340
2677 2 2 0 2 1310 1660 1662
2678 2 2 0 2 1660 1661 1662
2679 2 2 0 2 1660 1277 1661
2680 2 2 0 2 1662 1661 1311
2681 2 2 0 2 1343 1613 1663
2682 2 2 0 2 1613 1480 1663
2683 2 2 0 2 1613 1345 1480
2684 2 2 0 2 1663 1480 1346
2685 2 2 0 2 314 305 1592
2686 2 2 0 2 305 1664 1592
2687 2 2 0 2 305 315 1664
2688 2 2 0 2 1592 1664 1234
2689 2 2 0 2 84 65 1659
2690 2 2 0 2 65 1665 1659
2691 2 2 0 2 65 85 1665
2692 2 2 0 2 1659 1665 1246
2693 2 2 0 2 312 303 1605
2694 2 2 0 2 303 1645 1605
2695 2 2 0 2 303 313 1645
2696 2 2 0 2 1605 1645 1244
2697 2 2 0 2 201 181 1667
2698 2 2 0 2 181 1666 1667
2699 2 2 0 2 181 200 1666
2700 2 2 0 2 1667 1666 1242
2701 2 2 0 2 1298 1668 1652
2702 2 2 0 2 1668 1669 1652
2703 2 2 0 2 1668 1305 1669
2704 2 2 0 2 1652 1669 1335
2705 2 2 0 2 1354 1670 1643
2706 2 2 0 2 1670 1642 1643
2707 2 2 0 2 1670 1306 1642
2708 2 2 0 2 1643 1642 1362
2709 2 2 0 2 1279 1671 1672
2710 2 2 0 2 1671 1640 1672
2711 2 2 0 2 1671 1270 1640
2712 2 2 0 2 1672 1640 1306
2713 2 2 0 2 1257 1673 1675
2714 2 2 0 2 1673 1674 1675
2715 2 2 0 2 1673 1309 1674
2716 2 2 0 2 1675 1674 1370
2717 2 2 0 2 1351 1625 1676
2718 2 2 0 2 1625 1656 1676
2719 2 2 0 2 1625 81 1656
2720 2 2 0 2 1676 1656 1358
2721 2 2 0 2 1312 1570 1678
2722 2 2 0 2 1570 1677 1678
2723 2 2 0 2 1570 1335 1677
2724 2 2 0 2 1678 1677 1396
2725 2 2 0 2 1311 1661 1680
2726 2 2 0 2 1661 1679 1680
2727 2 2 0 2 1661 1277 1679
2728 2 2 0 2 1680 1679 1387
2729 2 2 0 2 1234 1664 1578
2730 2 2 0 2 1664 1599 1578
2731 2 2 0 2 1664 315 1599
2732 2 2 0 2 1578 1599 1352
2733 2 2 0 2 1333 1577 1539
2734 2 2 0 2 1577 1638 1539
2735 2 2 0 2 1577 1332 1638
2736 2 2 0 2 1539 1638 1334
2737 2 2 0 2 1294 1681 1683
2738 2 2 0 2 1681 1682 1683
2739 2 2 0 2 1681 1292 1682
2740 2 2 0 2 1683 1682 1297
2741 2 2 0 2 1282 1684 1686
2742 2 2 0 2 1684 1685 1686
2743 2 2 0 2 1684 1319 1685
2744 2 2 0 2 1686 1685 1389
2745 2 2 0 2 1252 1655 1688
2746 2 2 0 2 1655 1687 1688
2747 2 2 0 2 1655 1253 1687
2748 2 2 0 2 1688 1687 1254
2749 2 2 0 2 1298 1689 1668
2750 2 2 0 2 1689 1690 1668
2751 2 2 0 2 1689 1300 1690
2752 2 2 0 2 1668 1690 1305
2753 2 2 0 2 1254 1687 1692
2754 2 2 0 2 1687 1691 1692
2755 2 2 0 2 1687 1253 1691
2756 2 2 0 2 1692 1691 1255
2757 2 2 0 2 1310 1662 1694
2758 2 2 0 2 1662 1693 1694
2759 2 2 0 2 1662 1311 1693
2760 2 2 0 2 1694 1693 1331
2761 2 2 0 2 1303 1695 1697
2762 2 2 0 2 1695 1696 1697
2763 2 2 0 2 1695 1330 1696
2764 2 2 0 2 1697 1696 1360
2765 2 2 0 2 1251 1581 1584
2766 2 2 0 2 1581 1698 1584
2767 2 2 0 2 1581 193 1698
2768 2 2 0 2 1584 1698 1363
2769 2 2 0 2 196 176 1699
2770 2 2 0 2 176 1560 1699
2771 2 2 0 2 176 185 1560
2772 2 2 0 2 1699 1560 1391
2773 2 2 0 2 1331 1693 1545
2774 2 2 0 2 1693 1627 1545
2775 2 2 0 2 1693 1311 1627
2776 2 2 0 2 1545 1627 1332
2777 2 2 0 2 1273 1700 1702
2778 2 2 0 2 1700 1701 1702
2779 2 2 0 2 1700 1307 1701
2780 2 2 0 2 1702 1701 1367
2781 2 2 0 2 76 1703 1705
2782 2 2 0 2 1703 1704 1705
2783 2 2 0 2 1703 1228 1704
2784 2 2 0 2 1705 1704 1364
2785 2 2 0 2 318 309 1707
2786 2 2 0 2 309 1706 1707
2787 2 2 0 2 309 310 1706
2788 2 2 0 2 1707 1706 1248
2789 2 2 0 2 1270 1708 1641
2790 2 2 0 2 1708 1709 1641
2791 2 2 0 2 1708 1261 1709
2792 2 2 0 2 1641 1709 1362
2793 2 2 0 2 1288 1710 1712
2794 2 2 0 2 1710 1711 1712
2795 2 2 0 2 1710 1293 1711
2796 2 2 0 2 1712 1711 1298
2797 2 2 0 2 1317 1713 1715
2798 2 2 0 2 1713 1714 1715
2799 2 2 0 2 1713 1306 1714
2800 2 2 0 2 1715 1714 1325
2801 2 2 0 2 1235 1615 1622
2802 2 2 0 2 1615 1716 1622
2803 2 2 0 2 1615 1349 1716
2804 2 2 0 2 1622 1716 1350
2805 2 2 0 2 1279 1672 1717
2806 2 2 0 2 1672 1713 1717
2807 2 2 0 2 1672 1306 1713
2808 2 2 0 2 1717 1713 1317
2809 2 2 0 2 313 304 1646
2810 2 2 0 2 304 1594 1646
2811 2 2 0 2 304 314 1594
2812 2 2 0 2 1646 1594 1339
2813 2 2 0 2 199 1718 1720
2814 2 2 0 2 1718 1719 1720
2815 2 2 0 2 1718 1232 1719
2816 2 2 0 2 1720 1719 1365
2817 2 2 0 2 1309 1721 1556
2818 2 2 0 2 1721 1722 1556
2819 2 2 0 2 1721 1255 1722
2820 2 2 0 2 1556 1722 1371
2821 2 2 0 2 75 56 1723
2822 2 2 0 2 56 1705 1723
2823 2 2 0 2 56 76 1705
2824 2 2 0 2 1723 1705 1364
2825 2 2 0 2 1255 1691 1722
2826 2 2 0 2 1691 1548 1722
2827 2 2 0 2 1691 1253 1548
2828 2 2 0 2 1722 1548 1371
2829 2 2 0 2 1361 1590 1725
2830 2 2 0 2 1590 1724 1725
2831 2 2 0 2 1590 1272 1724
2832 2 2 0 2 1725 1724 1367
2833 2 2 0 2 200 180 1726
2834 2 2 0 2 180 1720 1726
2835 2 2 0 2 180 199 1720
2836 2 2 0 2 1726 1720 1365
2837 2 2 0 2 1266 1727 1728
2838 2 2 0 2 1727 1702 1728
2839 2 2 0 2 1727 1273 1702
2840 2 2 0 2 1728 1702 1367
2841 2 2 0 2 1242 1666 1729
2842 2 2 0 2 1666 1726 1729
2843 2 2 0 2 1666 200 1726
2844 2 2 0 2 1729 1726 1365
2845 2 2 0 2 1257 1730 1673
2846 2 2 0 2 1730 1721 1673
2847 2 2 0 2 1730 1255 1721
2848 2 2 0 2 1673 1721 1309
2849 2 2 0 2 1256 1731 1732
2850 2 2 0 2 1731 1730 1732
2851 2 2 0 2 1731 1255 1730
2852 2 2 0 2 1732 1730 1257
2853 2 2 0 2 1303 1733 1695
2854 2 2 0 2 1733 1507 1695
2855 2 2 0 2 1733 1329 1507
2856 2 2 0 2 1695 1507 1330
2857 2 2 0 2 1291 1734 1736
2858 2 2 0 2 1734 1735 1736
2859 2 2 0 2 1734 1290 1735
2860 2 2 0 2 1736 1735 1292
2861 2 2 0 2 1256 1732 1738
2862 2 2 0 2 1732 1737 1738
2863 2 2 0 2 1732 1257 1737
2864 2 2 0 2 1738 1737 1259
2865 2 2 0 2 1307 1739 1701
2866 2 2 0 2 1739 1725 1701
2867 2 2 0 2 1739 1361 1725
2868 2 2 0 2 1701 1725 1367
2869 2 2 0 2 203 183 1740
2870 2 2 0 2 183 1634 1740
2871 2 2 0 2 183 202 1634
2872 2 2 0 2 1740 1634 1250
2873 2 2 0 2 1254 1692 1741
2874 2 2 0 2 1692 1731 1741
2875 2 2 0 2 1692 1255 1731
2876 2 2 0 2 1741 1731 1256
2877 2 2 0 2 1307 1742 1744
2878 2 2 0 2 1742 1743 1744
2879 2 2 0 2 1742 1302 1743
2880 2 2 0 2 1744 1743 1318
2881 2 2 0 2 202 182 1635
2882 2 2 0 2 182 1745 1635
2883 2 2 0 2 182 201 1745
2884 2 2 0 2 1635 1745 1356
2885 2 2 0 2 1266 1746 1727
2886 2 2 0 2 1746 1747 1727
2887 2 2 0 2 1746 1269 1747
2888 2 2 0 2 1727 1747 1273
2889 2 2 0 2 1273 1748 1750
2890 2 2 0 2 1748 1749 1750
2891 2 2 0 2 1748 1276 1749
2892 2 2 0 2 1750 1749 1302
2893 2 2 0 2 1273 1750 1700
2894 2 2 0 2 1750 1742 1700
2895 2 2 0 2 1750 1302 1742
2896 2 2 0 2 1700 1742 1307
2897 2 2 0 2 1298 1711 1689
2898 2 2 0 2 1711 1751 1689
2899 2 2 0 2 1711 1293 1751
2900 2 2 0 2 1689 1751 1300
2901 2 2 0 2 1307 1744 1753
2902 2 2 0 2 1744 1752 1753
2903 2 2 0 2 1744 1318 1752
2904 2 2 0 2 1753 1752 1326
2905 2 2 0 2 1259 1754 1756
2906 2 2 0 2 1754 1755 1756
2907 2 2 0 2 1754 1260 1755
2908 2 2 0 2 1756 1755 1261
2909 2 2 0 2 74 55 1758
2910 2 2 0 2 55 1757 1758
2911 2 2 0 2 55 75 1757
2912 2 2 0 2 1758 1757 1243
2913 2 2 0 2 1319 1759 1761
2914 2 2 0 2 1759 1760 1761
2915 2 2 0 2 1759 1280 1760
2916 2 2 0 2 1761 1760 1359
2917 2 2 0 2 1252 1688 1763
2918 2 2 0 2 1688 1762 1763
2919 2 2 0 2 1688 1254 1762
2920 2 2 0 2 1763 1762 1388
2921 2 2 0 2 1259 1737 1754
2922 2 2 0 2 1737 1764 1754
2923 2 2 0 2 1737 1257 1764
2924 2 2 0 2 1754 1764 1260
2925 2 2 0 2 1262 1765 1767
2926 2 2 0 2 1765 1766 1767
2927 2 2 0 2 1765 1263 1766
2928 2 2 0 2 1767 1766 1264
2929 2 2 0 2 1261 1755 1769
2930 2 2 0 2 1755 1768 1769
2931 2 2 0 2 1755 1260 1768
2932 2 2 0 2 1769 1768 1262
2933 2 2 0 2 1325 1770 1771
2934 2 2 0 2 1770 1616 1771
2935 2 2 0 2 1770 1354 1616
2936 2 2 0 2 1771 1616 1355
2937 2 2 0 2 1301 1772 1774
2938 2 2 0 2 1772 1773 1774
2939 2 2 0 2 1772 1323 1773
2940 2 2 0 2 1774 1773 1374
2941 2 2 0 2 1262 1767 1776
2942 2 2 0 2 1767 1775 1776
2943 2 2 0 2 1767 1264 1775
2944 2 2 0 2 1776 1775 1272
2945 2 2 0 2 1305 1690 1778
2946 2 2 0 2 1690 1777 1778
2947 2 2 0 2 1690 1300 1777
2948 2 2 0 2 1778 1777 1379
2949 2 2 0 2 74 1758 1780
2950 2 2 0 2 1758 1779 1780
2951 2 2 0 2 1758 1243 1779
2952 2 2 0 2 1780 1779 1368
2953 2 2 0 2 201 1667 1745
2954 2 2 0 2 1667 1781 1745
2955 2 2 0 2 1667 1242 1781
2956 2 2 0 2 1745 1781 1356
2957 2 2 0 2 1302 1782 1783
2958 2 2 0 2 1782 1697 1783
2959 2 2 0 2 1782 1303 1697
2960 2 2 0 2 1783 1697 1360
2961 2 2 0 2 1278 1784 1785
2962 2 2 0 2 1784 1660 1785
2963 2 2 0 2 1784 1277 1660
2964 2 2 0 2 1785 1660 1310
2965 2 2 0 2 1229 1786 1788
2966 2 2 0 2 1786 1787 1788
2967 2 2 0 2 1786 73 1787
2968 2 2 0 2 1788 1787 1368
2969 2 2 0 2 1261 1769 1709
2970 2 2 0 2 1769 1789 1709
2971 2 2 0 2 1769 1262 1789
2972 2 2 0 2 1709 1789 1362
2973 2 2 0 2 1325 1714 1770
2974 2 2 0 2 1714 1670 1770
2975 2 2 0 2 1714 1306 1670
2976 2 2 0 2 1770 1670 1354
2977 2 2 0 2 1288 1712 1790
2978 2 2 0 2 1712 1653 1790
2979 2 2 0 2 1712 1298 1653
2980 2 2 0 2 1790 1653 1366
2981 2 2 0 2 1243 1757 1791
2982 2 2 0 2 1757 1723 1791
2983 2 2 0 2 1757 75 1723
2984 2 2 0 2 1791 1723 1364
2985 2 2 0 2 1318 1743 1792
2986 2 2 0 2 1743 1783 1792
2987 2 2 0 2 1743 1302 1783
2988 2 2 0 2 1792 1783 1360
2989 2 2 0 2 73 54 1787
2990 2 2 0 2 54 1780 1787
2991 2 2 0 2 54 74 1780
2992 2 2 0 2 1787 1780 1368
2993 2 2 0 2 1291 1736 1793
2994 2 2 0 2 1736 1681 1793
2995 2 2 0 2 1736 1292 1681
2996 2 2 0 2 1793 1681 1294
2997 2 2 0 2 1262 1768 1765
2998 2 2 0 2 1768 1794 1765
2999 2 2 0 2 1768 1260 1794
3000 2 2 0 2 1765 1794 1263
3001 2 2 0 2 1302 1749 1782
3002 2 2 0 2 1749 1795 1782
3003 2 2 0 2 1749 1276 1795
3004 2 2 0 2 1782 1795 1303
3005 2 2 0 2 1285 1796 1650
3006 2 2 0 2 1796 1790 1650
3007 2 2 0 2 1796 1288 1790
3008 2 2 0 2 1650 1790 1366
3009 2 2 0 2 192 172 1798
3010 2 2 0 2 172 1797 1798
3011 2 2 0 2 172 191 1797
3012 2 2 0 2 1798 1797 1231
3013 2 2 0 2 1262 1776 1789
3014 2 2 0 2 1776 1644 1789
3015 2 2 0 2 1776 1272 1644
3016 2 2 0 2 1789 1644 1362
3017 2 2 0 2 1272 1775 1724
3018 2 2 0 2 1775 1799 1724
3019 2 2 0 2 1775 1264 1799
3020 2 2 0 2 1724 1799 1367
3021 2 2 0 2 1230 1800 1801
3022 2 2 0 2 1800 1626 1801
3023 2 2 0 2 1800 80 1626
3024 2 2 0 2 1801 1626 1351
3025 2 2 0 2 1273 1747 1748
3026 2 2 0 2 1747 1802 1748
3027 2 2 0 2 1747 1269 1802
3028 2 2 0 2 1748 1802 1276
3029 2 2 0 2 69 50 1804
3030 2 2 0 2 50 1803 1804
3031 2 2 0 2 50 70 1803
3032 2 2 0 2 1804 1803 1372
3033 2 2 0 2 71 52 1806
3034 2 2 0 2 52 1805 1806
3035 2 2 0 2 52 72 1805
3036 2 2 0 2 1806 1805 1369
3037 2 2 0 2 82 63 1607
3038 2 2 0 2 63 1610 1607
3039 2 2 0 2 63 83 1610
3040 2 2 0 2 1607 1610 1235
3041 2 2 0 2 1264 1766 1808
3042 2 2 0 2 1766 1807 1808
3043 2 2 0 2 1766 1263 1807
3044 2 2 0 2 1808 1807 1265
3045 2 2 0 2 1264 1809 1799
3046 2 2 0 2 1809 1728 1799
3047 2 2 0 2 1809 1266 1728
3048 2 2 0 2 1799 1728 1367
3049 2 2 0 2 1301 1810 1772
3050 2 2 0 2 1810 1811 1772
3051 2 2 0 2 1810 1296 1811
3052 2 2 0 2 1772 1811 1323
3053 2 2 0 2 1321 1812 1813
3054 2 2 0 2 1812 1774 1813
3055 2 2 0 2 1812 1301 1774
3056 2 2 0 2 1813 1774 1374
3057 2 2 0 2 1260 1764 1814
3058 2 2 0 2 1764 1675 1814
3059 2 2 0 2 1764 1257 1675
3060 2 2 0 2 1814 1675 1370
3061 2 2 0 2 1267 1815 1816
3062 2 2 0 2 1815 1708 1816
3063 2 2 0 2 1815 1261 1708
3064 2 2 0 2 1816 1708 1270
3065 2 2 0 2 1288 1817 1710
3066 2 2 0 2 1817 1818 1710
3067 2 2 0 2 1817 1289 1818
3068 2 2 0 2 1710 1818 1293
3069 2 2 0 2 1307 1753 1739
3070 2 2 0 2 1753 1621 1739
3071 2 2 0 2 1753 1326 1621
3072 2 2 0 2 1739 1621 1361
3073 2 2 0 2 1271 1819 1820
3074 2 2 0 2 1819 1671 1820
3075 2 2 0 2 1819 1270 1671
3076 2 2 0 2 1820 1671 1279
3077 2 2 0 2 277 267 1822
3078 2 2 0 2 267 1821 1822
3079 2 2 0 2 267 276 1821
3080 2 2 0 2 1822 1821 1236
3081 2 2 0 2 72 1823 1805
3082 2 2 0 2 1823 1824 1805
3083 2 2 0 2 1823 1229 1824
3084 2 2 0 2 1805 1824 1369
3085 2 2 0 2 76 57 1703
3086 2 2 0 2 57 1825 1703
3087 2 2 0 2 57 77 1825
3088 2 2 0 2 1703 1825 1228
3089 2 2 0 2 199 179 1718
3090 2 2 0 2 179 1630 1718
3091 2 2 0 2 179 198 1630
3092 2 2 0 2 1718 1630 1232
3093 2 2 0 2 79 60 1533
3094 2 2 0 2 60 1800 1533
3095 2 2 0 2 60 80 1800
3096 2 2 0 2 1533 1800 1230
3097 2 2 0 2 72 53 1823
3098 2 2 0 2 53 1786 1823
3099 2 2 0 2 53 73 1786
3100 2 2 0 2 1823 1786 1229
3101 2 2 0 2 1265 1807 1827
3102 2 2 0 2 1807 1826 1827
3103 2 2 0 2 1807 1263 1826
3104 2 2 0 2 1827 1826 1274
3105 2 2 0 2 1285 1828 1796
3106 2 2 0 2 1828 1829 1796
3107 2 2 0 2 1828 1287 1829
3108 2 2 0 2 1796 1829 1288
3109 2 2 0 2 1264 1808 1809
3110 2 2 0 2 1808 1830 1809
3111 2 2 0 2 1808 1265 1830
3112 2 2 0 2 1809 1830 1266
3113 2 2 0 2 1288 1829 1817
3114 2 2 0 2 1829 1831 1817
3115 2 2 0 2 1829 1287 1831
3116 2 2 0 2 1817 1831 1289
3117 2 2 0 2 1341 1604 1618
3118 2 2 0 2 1604 1832 1618
3119 2 2 0 2 1604 1343 1832
3120 2 2 0 2 1618 1832 1344
3121 2 2 0 2 1289 1833 1835
3122 2 2 0 2 1833 1834 1835
3123 2 2 0 2 1833 1291 1834
3124 2 2 0 2 1835 1834 1376
3125 2 2 0 2 1292 1735 1837
3126 2 2 0 2 1735 1836 1837
3127 2 2 0 2 1735 1290 1836
3128 2 2 0 2 1837 1836 1304
3129 2 2 0 2 70 1838 1803
3130 2 2 0 2 1838 1839 1803
3131 2 2 0 2 1838 1241 1839
3132 2 2 0 2 1803 1839 1372
3133 2 2 0 2 1289 1840 1833
3134 2 2 0 2 1840 1734 1833
3135 2 2 0 2 1840 1290 1734
3136 2 2 0 2 1833 1734 1291
3137 2 2 0 2 1290 1841 1843
3138 2 2 0 2 1841 1842 1843
3139 2 2 0 2 1841 1287 1842
3140 2 2 0 2 1843 1842 1377
3141 2 2 0 2 318 1707 1845
3142 2 2 0 2 1707 1844 1845
3143 2 2 0 2 1707 1248 1844
3144 2 2 0 2 1845 1844 1386
3145 2 2 0 2 1259 1756 1846
3146 2 2 0 2 1756 1815 1846
3147 2 2 0 2 1756 1261 1815
3148 2 2 0 2 1846 1815 1267
3149 2 2 0 2 1254 1847 1762
3150 2 2 0 2 1847 1848 1762
3151 2 2 0 2 1847 1258 1848
3152 2 2 0 2 1762 1848 1388
3153 2 2 0 2 1291 1849 1834
3154 2 2 0 2 1849 1850 1834
3155 2 2 0 2 1849 1295 1850
3156 2 2 0 2 1834 1850 1376
3157 2 2 0 2 1293 1818 1851
3158 2 2 0 2 1818 1835 1851
3159 2 2 0 2 1818 1289 1835
3160 2 2 0 2 1851 1835 1376
3161 2 2 0 2 1300 1852 1854
3162 2 2 0 2 1852 1853 1854
3163 2 2 0 2 1852 1308 1853
3164 2 2 0 2 1854 1853 1314
3165 2 2 0 2 1303 1855 1733
3166 2 2 0 2 1855 1856 1733
3167 2 2 0 2 1855 1316 1856
3168 2 2 0 2 1733 1856 1329
3169 2 2 0 2 1289 1831 1840
3170 2 2 0 2 1831 1841 1840
3171 2 2 0 2 1831 1287 1841
3172 2 2 0 2 1840 1841 1290
3173 2 2 0 2 1263 1794 1857
3174 2 2 0 2 1794 1814 1857
3175 2 2 0 2 1794 1260 1814
3176 2 2 0 2 1857 1814 1370
3177 2 2 0 2 1274 1826 1858
3178 2 2 0 2 1826 1857 1858
3179 2 2 0 2 1826 1263 1857
3180 2 2 0 2 1858 1857 1370
3181 2 2 0 2 1322 1859 1574
3182 2 2 0 2 1859 1860 1574
3183 2 2 0 2 1859 1310 1860
3184 2 2 0 2 1574 1860 1382
3185 2 2 0 2 1241 1861 1862
3186 2 2 0 2 1861 1806 1862
3187 2 2 0 2 1861 71 1806
3188 2 2 0 2 1862 1806 1369
3189 2 2 0 2 317 308 1863
3190 2 2 0 2 308 1845 1863
3191 2 2 0 2 308 318 1845
3192 2 2 0 2 1863 1845 1386
3193 2 2 0 2 276 266 1865
3194 2 2 0 2 266 1864 1865
3195 2 2 0 2 266 275 1864
3196 2 2 0 2 1865 1864 1375
3197 2 2 0 2 70 51 1838
3198 2 2 0 2 51 1861 1838
3199 2 2 0 2 51 71 1861
3200 2 2 0 2 1838 1861 1241
3201 2 2 0 2 1308 1866 1868
3202 2 2 0 2 1866 1867 1868
3203 2 2 0 2 1866 1376 1867
3204 2 2 0 2 1868 1867 1384
3205 2 2 0 2 1236 1821 1869
3206 2 2 0 2 1821 1865 1869
3207 2 2 0 2 1821 276 1865
3208 2 2 0 2 1869 1865 1375
3209 2 2 0 2 1282 1870 1684
3210 2 2 0 2 1870 1759 1684
3211 2 2 0 2 1870 1280 1759
3212 2 2 0 2 1684 1759 1319
3213 2 2 0 2 275 265 1872
3214 2 2 0 2 265 1871 1872
3215 2 2 0 2 265 274 1871
3216 2 2 0 2 1872 1871 1245
3217 2 2 0 2 1287 1873 1842
3218 2 2 0 2 1873 1874 1842
3219 2 2 0 2 1873 1286 1874
3220 2 2 0 2 1842 1874 1377
3221 2 2 0 2 1320 1875 1876
3222 2 2 0 2 1875 1812 1876
3223 2 2 0 2 1875 1301 1812
3224 2 2 0 2 1876 1812 1321
3225 2 2 0 2 1300 1854 1777
3226 2 2 0 2 1854 1877 1777
3227 2 2 0 2 1854 1314 1877
3228 2 2 0 2 1777 1877 1379
3229 2 2 0 2 1304 1836 1878
3230 2 2 0 2 1836 1843 1878
3231 2 2 0 2 1836 1290 1843
3232 2 2 0 2 1878 1843 1377
3233 2 2 0 2 1295 1879 1881
3234 2 2 0 2 1879 1880 1881
3235 2 2 0 2 1879 1294 1880
3236 2 2 0 2 1881 1880 1296
3237 2 2 0 2 1299 1882 1883
3238 2 2 0 2 1882 1810 1883
3239 2 2 0 2 1882 1296 1810
3240 2 2 0 2 1883 1810 1301
3241 2 2 0 2 1240 1884 1886
3242 2 2 0 2 1884 1885 1886
3243 2 2 0 2 1884 1400 1885
3244 2 2 0 2 1886 1885 1401
3245 2 2 0 2 1308 1887 1866
3246 2 2 0 2 1887 1851 1866
3247 2 2 0 2 1887 1293 1851
3248 2 2 0 2 1866 1851 1376
3249 2 2 0 2 1300 1751 1852
3250 2 2 0 2 1751 1887 1852
3251 2 2 0 2 1751 1293 1887
3252 2 2 0 2 1852 1887 1308
3253 2 2 0 2 1299 1888 1890
3254 2 2 0 2 1888 1889 1890
3255 2 2 0 2 1888 1380 1889
3256 2 2 0 2 1890 1889 1384
3257 2 2 0 2 1373 1573 1537
3258 2 2 0 2 1573 1891 1537
3259 2 2 0 2 1573 1231 1891
3260 2 2 0 2 1537 1891 1395
3261 2 2 0 2 1376 1850 1867
3262 2 2 0 2 1850 1892 1867
3263 2 2 0 2 1850 1295 1892
3264 2 2 0 2 1867 1892 1384
3265 2 2 0 2 1310 1694 1860
3266 2 2 0 2 1694 1552 1860
3267 2 2 0 2 1694 1331 1552
3268 2 2 0 2 1860 1552 1382
3269 2 2 0 2 1284 1893 1894
3270 2 2 0 2 1893 1686 1894
3271 2 2 0 2 1893 1282 1686
3272 2 2 0 2 1894 1686 1389
3273 2 2 0 2 1291 1793 1849
3274 2 2 0 2 1793 1879 1849
3275 2 2 0 2 1793 1294 1879
3276 2 2 0 2 1849 1879 1295
3277 2 2 0 2 1286 1895 1874
3278 2 2 0 2 1895 1896 1874
3279 2 2 0 2 1895 1328 1896
3280 2 2 0 2 1874 1896 1377
3281 2 2 0 2 275 1872 1864
3282 2 2 0 2 1872 1520 1864
3283 2 2 0 2 1872 1245 1520
3284 2 2 0 2 1864 1520 1375
3285 2 2 0 2 1285 1897 1828
3286 2 2 0 2 1897 1873 1828
3287 2 2 0 2 1897 1286 1873
3288 2 2 0 2 1828 1873 1287
3289 2 2 0 2 1281 1898 1899
3290 2 2 0 2 1898 1647 1899
3291 2 2 0 2 1898 1283 1647
3292 2 2 0 2 1899 1647 1312
3293 2 2 0 2 1380 1900 1889
3294 2 2 0 2 1900 1901 1889
3295 2 2 0 2 1900 1315 1901
3296 2 2 0 2 1889 1901 1384
3297 2 2 0 2 1266 1902 1746
3298 2 2 0 2 1902 1903 1746
3299 2 2 0 2 1902 1268 1903
3300 2 2 0 2 1746 1903 1269
3301 2 2 0 2 1299 1883 1904
3302 2 2 0 2 1883 1875 1904
3303 2 2 0 2 1883 1301 1875
3304 2 2 0 2 1904 1875 1320
3305 2 2 0 2 1295 1881 1905
3306 2 2 0 2 1881 1882 1905
3307 2 2 0 2 1881 1296 1882
3308 2 2 0 2 1905 1882 1299
3309 2 2 0 2 187 167 1907
3310 2 2 0 2 167 1906 1907
3311 2 2 0 2 167 186 1906
3312 2 2 0 2 1907 1906 1247
3313 2 2 0 2 1278 1785 1908
3314 2 2 0 2 1785 1859 1908
3315 2 2 0 2 1785 1310 1859
3316 2 2 0 2 1908 1859 1322
3317 2 2 0 2 1303 1795 1855
3318 2 2 0 2 1795 1909 1855
3319 2 2 0 2 1795 1276 1909
3320 2 2 0 2 1855 1909 1316
3321 2 2 0 2 189 169 1553
3322 2 2 0 2 169 1910 1553
3323 2 2 0 2 169 188 1910
3324 2 2 0 2 1553 1910 1237
3325 2 2 0 2 1256 1738 1912
3326 2 2 0 2 1738 1911 1912
3327 2 2 0 2 1738 1259 1911
3328 2 2 0 2 1912 1911 1378
3329 2 2 0 2 1265 1827 1914
3330 2 2 0 2 1827 1913 1914
3331 2 2 0 2 1827 1274 1913
3332 2 2 0 2 1914 1913 1387
3333 2 2 0 2 77 48 1916
3334 2 2 0 2 48 1915 1916
3335 2 2 0 2 48 68 1915
3336 2 2 0 2 1916 1915 1336
3337 2 2 0 2 1295 1905 1892
3338 2 2 0 2 1905 1890 1892
3339 2 2 0 2 1905 1299 1890
3340 2 2 0 2 1892 1890 1384
3341 2 2 0 2 1315 1917 1901
3342 2 2 0 2 1917 1868 1901
3343 2 2 0 2 1917 1308 1868
3344 2 2 0 2 1901 1868 1384
3345 2 2 0 2 1299 1904 1888
3346 2 2 0 2 1904 1918 1888
3347 2 2 0 2 1904 1320 1918
3348 2 2 0 2 1888 1918 1380
3349 2 2 0 2 1314 1853 1919
3350 2 2 0 2 1853 1917 1919
3351 2 2 0 2 1853 1308 1917
3352 2 2 0 2 1919 1917 1315
3353 2 2 0 2 1279 1717 1921
3354 2 2 0 2 1717 1920 1921
3355 2 2 0 2 1717 1317 1920
3356 2 2 0 2 1921 1920 1359
3357 2 2 0 2 1233 1588 1922
3358 2 2 0 2 1588 1654 1922
3359 2 2 0 2 1588 1251 1654
3360 2 2 0 2 1922 1654 1252
3361 2 2 0 2 1311 1680 1628
3362 2 2 0 2 1680 1923 1628
3363 2 2 0 2 1680 1387 1923
3364 2 2 0 2 1628 1923 1393
3365 2 2 0 2 1370 1674 1924
3366 2 2 0 2 1674 1530 1924
3367 2 2 0 2 1674 1309 1530
3368 2 2 0 2 1924 1530 1394
3369 2 2 0 2 1275 1925 1927
3370 2 2 0 2 1925 1926 1927
3371 2 2 0 2 1925 1268 1926
3372 2 2 0 2 1927 1926 1277
3373 2 2 0 2 1254 1741 1847
3374 2 2 0 2 1741 1928 1847
3375 2 2 0 2 1741 1256 1928
3376 2 2 0 2 1847 1928 1258
3377 2 2 0 2 1286 1929 1895
3378 2 2 0 2 1929 1930 1895
3379 2 2 0 2 1929 1327 1930
3380 2 2 0 2 1895 1930 1328
3381 2 2 0 2 1286 1931 1929
3382 2 2 0 2 1931 1932 1929
3383 2 2 0 2 1931 1284 1932
3384 2 2 0 2 1929 1932 1327
3385 2 2 0 2 193 173 1698
3386 2 2 0 2 173 1933 1698
3387 2 2 0 2 173 192 1933
3388 2 2 0 2 1698 1933 1363
3389 2 2 0 2 1259 1846 1911
3390 2 2 0 2 1846 1934 1911
3391 2 2 0 2 1846 1267 1934
3392 2 2 0 2 1911 1934 1378
3393 2 2 0 2 1266 1830 1902
3394 2 2 0 2 1830 1935 1902
3395 2 2 0 2 1830 1265 1935
3396 2 2 0 2 1902 1935 1268
3397 2 2 0 2 1275 1927 1936
3398 2 2 0 2 1927 1784 1936
3399 2 2 0 2 1927 1277 1784
3400 2 2 0 2 1936 1784 1278
3401 2 2 0 2 188 168 1938
3402 2 2 0 2 168 1937 1938
3403 2 2 0 2 168 187 1937
3404 2 2 0 2 1938 1937 1381
3405 2 2 0 2 1267 1816 1939
3406 2 2 0 2 1816 1819 1939
3407 2 2 0 2 1816 1270 1819
3408 2 2 0 2 1939 1819 1271
3409 2 2 0 2 192 1798 1933
3410 2 2 0 2 1798 1541 1933
3411 2 2 0 2 1798 1231 1541
3412 2 2 0 2 1933 1541 1363
3413 2 2 0 2 1285 1940 1897
3414 2 2 0 2 1940 1931 1897
3415 2 2 0 2 1940 1284 1931
3416 2 2 0 2 1897 1931 1286
3417 2 2 0 2 1335 1669 1942
3418 2 2 0 2 1669 1941 1942
3419 2 2 0 2 1669 1305 1941
3420 2 2 0 2 1942 1941 1397
3421 2 2 0 2 1233 1922 1563
3422 2 2 0 2 1922 1943 1563
3423 2 2 0 2 1922 1252 1943
3424 2 2 0 2 1563 1943 1313
3425 2 2 0 2 1276 1802 1945
3426 2 2 0 2 1802 1944 1945
3427 2 2 0 2 1802 1269 1944
3428 2 2 0 2 1945 1944 1385
3429 2 2 0 2 1277 1926 1679
3430 2 2 0 2 1926 1946 1679
3431 2 2 0 2 1926 1268 1946
3432 2 2 0 2 1679 1946 1387
3433 2 2 0 2 316 307 1657
3434 2 2 0 2 307 1947 1657
3435 2 2 0 2 307 317 1947
3436 2 2 0 2 1657 1947 1238
3437 2 2 0 2 1280 1948 1760
3438 2 2 0 2 1948 1921 1760
3439 2 2 0 2 1948 1279 1921
3440 2 2 0 2 1760 1921 1359
3441 2 2 0 2 272 271 1950
3442 2 2 0 2 271 1949 1950
3443 2 2 0 2 271 280 1949
3444 2 2 0 2 1950 1949 1249
3445 2 2 0 2 1271 1820 1951
3446 2 2 0 2 1820 1948 1951
3447 2 2 0 2 1820 1279 1948
3448 2 2 0 2 1951 1948 1280
3449 2 2 0 2 1269 1903 1952
3450 2 2 0 2 1903 1925 1952
3451 2 2 0 2 1903 1268 1925
3452 2 2 0 2 1952 1925 1275
3453 2 2 0 2 1313 1943 1953
3454 2 2 0 2 1943 1763 1953
3455 2 2 0 2 1943 1252 1763
3456 2 2 0 2 1953 1763 1388
3457 2 2 0 2 1275 1936 1955
3458 2 2 0 2 1936 1954 1955
3459 2 2 0 2 1936 1278 1954
3460 2 2 0 2 1955 1954 1324
3461 2 2 0 2 1258 1928 1956
3462 2 2 0 2 1928 1912 1956
3463 2 2 0 2 1928 1256 1912
3464 2 2 0 2 1956 1912 1378
3465 2 2 0 2 1283 1957 1649
3466 2 2 0 2 1957 1940 1649
3467 2 2 0 2 1957 1284 1940
3468 2 2 0 2 1649 1940 1285
3469 2 2 0 2 1238 1947 1455
3470 2 2 0 2 1947 1863 1455
3471 2 2 0 2 1947 317 1863
3472 2 2 0 2 1455 1863 1386
3473 2 2 0 2 1316 1909 1442
3474 2 2 0 2 1909 1945 1442
3475 2 2 0 2 1909 1276 1945
3476 2 2 0 2 1442 1945 1385
3477 2 2 0 2 1268 1935 1946
3478 2 2 0 2 1935 1914 1946
3479 2 2 0 2 1935 1265 1914
3480 2 2 0 2 1946 1914 1387
3481 2 2 0 2 1275 1955 1958
3482 2 2 0 2 1955 1473 1958
3483 2 2 0 2 1955 1324 1473
3484 2 2 0 2 1958 1473 1385
3485 2 2 0 2 1240 1632 1959
3486 2 2 0 2 1632 1699 1959
3487 2 2 0 2 1632 196 1699
3488 2 2 0 2 1959 1699 1391
3489 2 2 0 2 1327 1932 1960
3490 2 2 0 2 1932 1894 1960
3491 2 2 0 2 1932 1284 1894
3492 2 2 0 2 1960 1894 1389
3493 2 2 0 2 187 1907 1937
3494 2 2 0 2 1907 1561 1937
3495 2 2 0 2 1907 1247 1561
3496 2 2 0 2 1937 1561 1381
3497 2 2 0 2 1382 1562 1575
3498 2 2 0 2 1562 1961 1575
3499 2 2 0 2 1562 1247 1961
3500 2 2 0 2 1575 1961 1383
3501 2 2 0 2 1269 1952 1944
3502 2 2 0 2 1952 1958 1944
3503 2 2 0 2 1952 1275 1958
3504 2 2 0 2 1944 1958 1385
3505 2 2 0 2 1231 1797 1891
3506 2 2 0 2 1797 1962 1891
3507 2 2 0 2 1797 191 1962
3508 2 2 0 2 1891 1962 1395
3509 2 2 0 2 1237 1910 1555
3510 2 2 0 2 1910 1938 1555
3511 2 2 0 2 1910 188 1938
3512 2 2 0 2 1555 1938 1381
3513 2 2 0 2 1281 1899 1964
3514 2 2 0 2 1899 1963 1964
3515 2 2 0 2 1899 1312 1963
3516 2 2 0 2 1964 1963 1392
3517 2 2 0 2 1397 1941 1966
3518 2 2 0 2 1941 1965 1966
3519 2 2 0 2 1941 1305 1965
3520 2 2 0 2 1966 1965 1398
3521 2 2 0 2 1283 1967 1957
3522 2 2 0 2 1967 1893 1957
3523 2 2 0 2 1967 1282 1893
3524 2 2 0 2 1957 1893 1284
3525 2 2 0 2 1305 1778 1965
3526 2 2 0 2 1778 1968 1965
3527 2 2 0 2 1778 1379 1968
3528 2 2 0 2 1965 1968 1398
3529 2 2 0 2 1281 1969 1898
3530 2 2 0 2 1969 1967 1898
3531 2 2 0 2 1969 1282 1967
3532 2 2 0 2 1898 1967 1283
3533 2 2 0 2 1278 1908 1971
3534 2 2 0 2 1908 1970 1971
3535 2 2 0 2 1908 1322 1970
3536 2 2 0 2 1971 1970 1390
3537 2 2 0 2 1334 1639 1549
3538 2 2 0 2 1639 1972 1549
3539 2 2 0 2 1639 1393 1972
3540 2 2 0 2 1549 1972 1394
3541 2 2 0 2 1393 1973 1972
3542 2 2 0 2 1973 1974 1972
3543 2 2 0 2 1973 1274 1974
3544 2 2 0 2 1972 1974 1394
3545 2 2 0 2 1387 1913 1923
3546 2 2 0 2 1913 1973 1923
3547 2 2 0 2 1913 1274 1973
3548 2 2 0 2 1923 1973 1393
3549 2 2 0 2 1271 1951 1976
3550 2 2 0 2 1951 1975 1976
3551 2 2 0 2 1951 1280 1975
3552 2 2 0 2 1976 1975 1281
3553 2 2 0 2 1281 1975 1969
3554 2 2 0 2 1975 1870 1969
3555 2 2 0 2 1975 1280 1870
3556 2 2 0 2 1969 1870 1282
3557 2 2 0 2 1324 1954 1977
3558 2 2 0 2 1954 1971 1977
3559 2 2 0 2 1954 1278 1971
3560 2 2 0 2 1977 1971 1390
3561 2 2 0 2 279 269 1979
3562 2 2 0 2 269 1978 1979
3563 2 2 0 2 269 278 1978
3564 2 2 0 2 1979 1978 1239
3565 2 2 0 2 1274 1858 1974
3566 2 2 0 2 1858 1924 1974
3567 2 2 0 2 1858 1370 1924
3568 2 2 0 2 1974 1924 1394
3569 2 2 0 2 1378 1934 1981
3570 2 2 0 2 1934 1980 1981
3571 2 2 0 2 1934 1267 1980
3572 2 2 0 2 1981 1980 1392
3573 2 2 0 2 1336 1915 1982
3574 2 2 0 2 1915 1569 1982
3575 2 2 0 2 1915 68 1569
3576 2 2 0 2 1982 1569 1337
3577 2 2 0 2 1267 1939 1980
3578 2 2 0 2 1939 1983 1980
3579 2 2 0 2 1939 1271 1983
3580 2 2 0 2 1980 1983 1392
3581 2 2 0 2 191 171 1962
3582 2 2 0 2 171 1637 1962
3583 2 2 0 2 171 190 1637
3584 2 2 0 2 1962 1637 1395
3585 2 2 0 2 1271 1976 1983
3586 2 2 0 2 1976 1964 1983
3587 2 2 0 2 1976 1281 1964
3588 2 2 0 2 1983 1964 1392
3589 2 2 0 2 1228 1825 1984
3590 2 2 0 2 1825 1916 1984
3591 2 2 0 2 1825 77 1916
3592 2 2 0 2 1984 1916 1336
3593 2 2 0 2 1392 1963 1985
3594 2 2 0 2 1963 1678 1985
3595 2 2 0 2 1963 1312 1678
3596 2 2 0 2 1985 1678 1396
3597 2 2 0 2 1378 1981 1986
3598 2 2 0 2 1981 1985 1986
3599 2 2 0 2 1981 1392 1985
3600 2 2 0 2 1986 1985 1396
3601 2 2 0 2 1258 1956 1987
3602 2 2 0 2 1956 1986 1987
3603 2 2 0 2 1956 1378 1986
3604 2 2 0 2 1987 1986 1396
3605 2 2 0 2 1396 1677 1988
3606 2 2 0 2 1677 1942 1988
3607 2 2 0 2 1677 1335 1942
3608 2 2 0 2 1988 1942 1397
3609 2 2 0 2 1240 1959 1884
3610 2 2 0 2 1959 1989 1884
3611 2 2 0 2 1959 1391 1989
3612 2 2 0 2 1884 1989 1400
3613 2 2 0 2 1321 1990 1991
3614 2 2 0 2 1990 1568 1991
3615 2 2 0 2 1990 1399 1568
3616 2 2 0 2 1991 1568 1405
3617 2 2 0 2 1258 1987 1992
3618 2 2 0 2 1987 1988 1992
3619 2 2 0 2 1987 1396 1988
3620 2 2 0 2 1992 1988 1397
3621 2 2 0 2 1388 1848 1993
3622 2 2 0 2 1848 1992 1993
3623 2 2 0 2 1848 1258 1992
3624 2 2 0 2 1993 1992 1397
3625 2 2 0 2 1388 1993 1994
3626 2 2 0 2 1993 1966 1994
3627 2 2 0 2 1993 1397 1966
3628 2 2 0 2 1994 1966 1398
3629 2 2 0 2 1398 1968 1996
3630 2 2 0 2 1968 1995 1996
3631 2 2 0 2 1968 1379 1995
3632 2 2 0 2 1996 1995 1400
3633 2 2 0 2 1338 1586 1997
3634 2 2 0 2 1586 1886 1997
3635 2 2 0 2 1586 1240 1886
3636 2 2 0 2 1997 1886 1401
3637 2 2 0 2 1313 1953 1998
3638 2 2 0 2 1953 1994 1998
3639 2 2 0 2 1953 1388 1994
3640 2 2 0 2 1998 1994 1398
3641 2 2 0 2 1400 1995 1885
3642 2 2 0 2 1995 1999 1885
3643 2 2 0 2 1995 1379 1999
3644 2 2 0 2 1885 1999 1401
3645 2 2 0 2 1232 1631 2001
3646 2 2 0 2 1631 2000 2001
3647 2 2 0 2 1631 1338 2000
3648 2 2 0 2 2001 2000 1402
3649 2 2 0 2 1250 1636 1485
3650 2 2 0 2 1636 1566 1485
3651 2 2 0 2 1636 1356 1566
3652 2 2 0 2 1485 1566 1399
3653 2 2 0 2 1338 1997 2000
3654 2 2 0 2 1997 2002 2000
3655 2 2 0 2 1997 1401 2002
3656 2 2 0 2 2000 2002 1402
3657 2 2 0 2 1365 1719 2004
3658 2 2 0 2 1719 2003 2004
3659 2 2 0 2 1719 1232 2003
3660 2 2 0 2 2004 2003 1403
3661 2 2 0 2 1356 1781 1567
3662 2 2 0 2 1781 2005 1567
3663 2 2 0 2 1781 1242 2005
3664 2 2 0 2 1567 2005 1405
3665 2 2 0 2 1242 1729 2007
3666 2 2 0 2 1729 2006 2007
3667 2 2 0 2 1729 1365 2006
3668 2 2 0 2 2007 2006 1404
3669 2 2 0 2 1365 2004 2006
3670 2 2 0 2 2004 2008 2006
3671 2 2 0 2 2004 1403 2008
3672 2 2 0 2 2006 2008 1404
3673 2 2 0 2 1242 2007 2005
3674 2 2 0 2 2007 2009 2005
3675 2 2 0 2 2007 1404 2009
3676 2 2 0 2 2005 2009 1405
3677 2 2 0 2 1232 2001 2003
3678 2 2 0 2 2001 2010 2003
3679 2 2 0 2 2001 1402 2010
3680 2 2 0 2 2003 2010 1403
3681 2 2 0 2 1391 1564 1989
3682 2 2 0 2 1564 2011 1989
3683 2 2 0 2 1564 1313 2011
3684 2 2 0 2 1989 2011 1400
3685 2 2 0 2 1379 1877 1999
3686 2 2 0 2 1877 2012 1999
3687 2 2 0 2 1877 1314 2012
3688 2 2 0 2 1999 2012 1401
3689 2 2 0 2 1313 1998 2011
3690 2 2 0 2 1998 1996 2011
3691 2 2 0 2 1998 1398 1996
3692 2 2 0 2 2011 1996 1400
3693 2 2 0 2 1401 2012 2002
3694 2 2 0 2 2012 2013 2002
3695 2 2 0 2 2012 1314 2013
3696 2 2 0 2 2002 2013 1402
3697 2 2 0 2 1314 1919 2013
3698 2 2 0 2 1919 2014 2013
3699 2 2 0 2 1919 1315 2014
3700 2 2 0 2 2013 2014 1402
3701 2 2 0 2 1402 2014 2010
3702 2 2 0 2 2014 2015 2010
3703 2 2 0 2 2014 1315 2015
3704 2 2 0 2 2010 2015 1403
3705 2 2 0 2 1315 1900 2015
3706 2 2 0 2 1900 2016 2015
3707 2 2 0 2 1900 1380 2016
3708 2 2 0 2 2015 2016 1403
3709 2 2 0 2 1403 2016 2008
3710 2 2 0 2 2016 2017 2008
3711 2 2 0 2 2016 1380 2017
3712 2 2 0 2 2008 2017 1404
3713 2 2 0 2 1380 1918 2017
3714 2 2 0 2 1918 2018 2017
3715 2 2 0 2 1918 1320 2018
3716 2 2 0 2 2017 2018 1404
3717 2 2 0 2 1320 1876 2019
3718 2 2 0 2 1876 1991 2019
3719 2 2 0 2 1876 1321 1991
3720 2 2 0 2 2019 1991 1405
3721 2 2 0 2 1404 2018 2009
3722 2 2 0 2 2018 2019 2009
3723 2 2 0 2 2018 1320 2019
3724 2 2 0 2 2009 2019 1405
3725 2 2 0 2 1342 1596 1496
3726 2 2 0 2 1596 2020 1496
3727 2 2 0 2 1596 1246 2020
3728 2 2 0 2 1496 2020 1406
3729 2 2 0 2 85 66 2022
3730 2 2 0 2 66 2021 2022
3731 2 2 0 2 66 86 2021
3732 2 2 0 2 2022 2021 1406
3733 2 2 0 2 78 49 2024
3734 2 2 0 2 49 2023 2024
3735 2 2 0 2 49 69 2023
3736 2 2 0 2 2024 2023 1407
3737 2 2 0 2 186 166 2026
3738 2 2 0 2 166 2025 2026
3739 2 2 0 2 166 195 2025
3740 2 2 0 2 2026 2025 1408
3741 2 2 0 2 274 264 2028
3742 2 2 0 2 264 2027 2028
3743 2 2 0 2 264 273 2027
3744 2 2 0 2 2028 2027 1409
3745 2 2 0 2 1383 1961 1498
3746 2 2 0 2 1961 2029 1498
3747 2 2 0 2 1961 1247 2029
3748 2 2 0 2 1498 2029 1408
3749 2 2 0 2 1346 1517 2030
3750 2 2 0 2 1517 1515 2030
3751 2 2 0 2 1517 1348 1515
3752 2 2 0 2 2030 1515 1413
3753 2 2 0 2 1347 1481 1474
3754 2 2 0 2 1481 2031 1474
3755 2 2 0 2 1481 1239 2031
3756 2 2 0 2 1474 2031 1434
3757 2 2 0 2 1236 1869 1505
3758 2 2 0 2 1869 1513 1505
3759 2 2 0 2 1869 1375 1513
3760 2 2 0 2 1505 1513 1433
3761 2 2 0 2 1353 1579 1468
3762 2 2 0 2 1579 2032 1468
3763 2 2 0 2 1579 1352 2032
3764 2 2 0 2 1468 2032 1411
3765 2 2 0 2 1329 1856 1483
3766 2 2 0 2 1856 1469 1483
3767 2 2 0 2 1856 1316 1469
3768 2 2 0 2 1483 1469 1411
3769 2 2 0 2 1246 1665 2020
3770 2 2 0 2 1665 2022 2020
3771 2 2 0 2 1665 85 2022
3772 2 2 0 2 2020 2022 1406
3773 2 2 0 2 69 1804 2023
3774 2 2 0 2 1804 2033 2023
3775 2 2 0 2 1804 1372 2033
3776 2 2 0 2 2023 2033 1407
3777 2 2 0 2 1245 1871 1448
3778 2 2 0 2 1871 2028 1448
3779 2 2 0 2 1871 274 2028
3780 2 2 0 2 1448 2028 1409
3781 2 2 0 2 1247 1906 2029
3782 2 2 0 2 1906 2026 2029
3783 2 2 0 2 1906 186 2026
3784 2 2 0 2 2029 2026 1408
3785 2 2 0 2 1294 1683 2034
3786 2 2 0 2 1683 1522 2034
3787 2 2 0 2 1683 1297 1522
3788 2 2 0 2 2034 1522 1412
3789 2 2 0 2 1323 1811 1493
3790 2 2 0 2 1811 2035 1493
3791 2 2 0 2 1811 1296 2035
3792 2 2 0 2 1493 2035 1412
3793 2 2 0 2 1297 1682 1464
3794 2 2 0 2 1682 2036 1464
3795 2 2 0 2 1682 1292 2036
3796 2 2 0 2 1464 2036 1414
3797 2 2 0 2 1344 1832 1466
3798 2 2 0 2 1832 2037 1466
3799 2 2 0 2 1832 1343 2037
3800 2 2 0 2 1466 2037 1413
3801 2 2 0 2 1304 1878 1509
3802 2 2 0 2 1878 2038 1509
3803 2 2 0 2 1878 1377 2038
3804 2 2 0 2 1509 2038 1415
3805 2 2 0 2 1249 1949 1476
3806 2 2 0 2 1949 2039 1476
3807 2 2 0 2 1949 280 2039
3808 2 2 0 2 1476 2039 1425
3809 2 2 0 2 279 1979 2040
3810 2 2 0 2 1979 1525 2040
3811 2 2 0 2 1979 1239 1525
3812 2 2 0 2 2040 1525 1425
3813 2 2 0 2 1349 1619 2042
3814 2 2 0 2 1619 2041 2042
3815 2 2 0 2 1619 1344 2041
3816 2 2 0 2 2042 2041 1430
3817 2 2 0 2 1358 1623 2044
3818 2 2 0 2 1623 2043 2044
3819 2 2 0 2 1623 1350 2043
3820 2 2 0 2 2044 2043 1429
3821 2 2 0 2 1322 1576 2045
3822 2 2 0 2 1576 1453 2045
3823 2 2 0 2 1576 1383 1453
3824 2 2 0 2 2045 1453 1432
3825 2 2 0 2 1399 1990 1450
3826 2 2 0 2 1990 2046 1450
3827 2 2 0 2 1990 1321 2046
3828 2 2 0 2 1450 2046 1431
3829 2 2 0 2 277 1822 2047
3830 2 2 0 2 1822 1475 2047
3831 2 2 0 2 1822 1236 1475
3832 2 2 0 2 2047 1475 1434
3833 2 2 0 2 1239 1978 2031
3834 2 2 0 2 1978 2048 2031
3835 2 2 0 2 1978 278 2048
3836 2 2 0 2 2031 2048 1434
3837 2 2 0 2 1339 1593 1518
3838 2 2 0 2 1593 2049 1518
3839 2 2 0 2 1593 1234 2049
3840 2 2 0 2 1518 2049 1435
3841 2 2 0 2 6 301 2051
3842 2 2 0 2 301 2050 2051
3843 2 2 0 2 301 311 2050
3844 2 2 0 2 2051 2050 1437
3845 2 2 0 2 195 175 2052
3846 2 2 0 2 175 2051 2052
3847 2 2 0 2 175 6 2051
3848 2 2 0 2 2052 2051 1437
3849 2 2 0 2 310 300 2054
3850 2 2 0 2 300 2053 2054
3851 2 2 0 2 300 2 2053
3852 2 2 0 2 2054 2053 1436
3853 2 2 0 2 7 184 2056
3854 2 2 0 2 184 2055 2056
3855 2 2 0 2 184 203 2055
3856 2 2 0 2 2056 2055 1438
3857 2 2 0 2 273 263 2057
3858 2 2 0 2 263 2056 2057
3859 2 2 0 2 263 7 2056
3860 2 2 0 2 2057 2056 1438
3861 2 2 0 2 2 58 2053
3862 2 2 0 2 58 2058 2053
3863 2 2 0 2 58 78 2058
3864 2 2 0 2 2053 2058 1436
3865 2 2 0 2 3 262 2060
3866 2 2 0 2 262 2059 2060
3867 2 2 0 2 262 272 2059
3868 2 2 0 2 2060 2059 1439
3869 2 2 0 2 86 67 2061
3870 2 2 0 2 67 2060 2061
3871 2 2 0 2 67 3 2060
3872 2 2 0 2 2061 2060 1439
3873 2 2 0 2 1386 1844 1470
3874 2 2 0 2 1844 1504 1470
3875 2 2 0 2 1844 1248 1504
3876 2 2 0 2 1470 1504 1410
3877 2 2 0 2 1352 1658 2032
3878 2 2 0 2 1658 1484 2032
3879 2 2 0 2 1658 1238 1484
3880 2 2 0 2 2032 1484 1411
3881 2 2 0 2 1353 1472 2063
3882 2 2 0 2 1472 2062 2063
3883 2 2 0 2 1472 1324 2062
3884 2 2 0 2 2063 2062 1435
3885 2 2 0 2 1344 1467 2041
3886 2 2 0 2 1467 2064 2041
3887 2 2 0 2 1467 1414 2064
3888 2 2 0 2 2041 2064 1430
3889 2 2 0 2 1350 1526 2043
3890 2 2 0 2 1526 2065 2043
3891 2 2 0 2 1526 1415 2065
3892 2 2 0 2 2043 2065 1429
3893 2 2 0 2 1296 1880 2035
3894 2 2 0 2 1880 2034 2035
3895 2 2 0 2 1880 1294 2034
3896 2 2 0 2 2035 2034 1412
3897 2 2 0 2 1343 1663 2037
3898 2 2 0 2 1663 2030 2037
3899 2 2 0 2 1663 1346 2030
3900 2 2 0 2 2037 2030 1413
3901 2 2 0 2 1292 1837 2036
3902 2 2 0 2 1837 2066 2036
3903 2 2 0 2 1837 1304 2066
3904 2 2 0 2 2036 2066 1414
3905 2 2 0 2 1377 1896 2038
3906 2 2 0 2 1896 2067 2038
3907 2 2 0 2 1896 1328 2067
3908 2 2 0 2 2038 2067 1415
3909 2 2 0 2 1324 1977 2062
3910 2 2 0 2 1977 1519 2062
3911 2 2 0 2 1977 1390 1519
3912 2 2 0 2 2062 1519 1435
3913 2 2 0 2 1348 1516 1501
3914 2 2 0 2 1516 1462 1501
3915 2 2 0 2 1516 1347 1462
3916 2 2 0 2 1501 1462 1416
3917 2 2 0 2 1374 1773 1512
3918 2 2 0 2 1773 2068 1512
3919 2 2 0 2 1773 1323 2068
3920 2 2 0 2 1512 2068 1433
3921 2 2 0 2 1328 2069 2071
3922 2 2 0 2 2069 2070 2071
3923 2 2 0 2 2069 1428 2070
3924 2 2 0 2 2071 2070 1429
3925 2 2 0 2 1355 1620 2073
3926 2 2 0 2 1620 2072 2073
3927 2 2 0 2 1620 1326 2072
3928 2 2 0 2 2073 2072 1417
3929 2 2 0 2 1389 2074 2076
3930 2 2 0 2 2074 2075 2076
3931 2 2 0 2 2074 1426 2075
3932 2 2 0 2 2076 2075 1427
3933 2 2 0 2 1337 1534 2078
3934 2 2 0 2 1534 2077 2078
3935 2 2 0 2 1534 1230 2077
3936 2 2 0 2 2078 2077 1427
3937 2 2 0 2 1360 1696 2080
3938 2 2 0 2 1696 2079 2080
3939 2 2 0 2 1696 1330 2079
3940 2 2 0 2 2080 2079 1423
3941 2 2 0 2 1326 1752 2082
3942 2 2 0 2 1752 2081 2082
3943 2 2 0 2 1752 1318 2081
3944 2 2 0 2 2082 2081 1421
3945 2 2 0 2 1318 1792 2084
3946 2 2 0 2 1792 2083 2084
3947 2 2 0 2 1792 1360 2083
3948 2 2 0 2 2084 2083 1422
3949 2 2 0 2 1325 1771 2086
3950 2 2 0 2 1771 2085 2086
3951 2 2 0 2 1771 1355 2085
3952 2 2 0 2 2086 2085 1418
3953 2 2 0 2 1421 2081 2087
3954 2 2 0 2 2081 2084 2087
3955 2 2 0 2 2081 1318 2084
3956 2 2 0 2 2087 2084 1422
3957 2 2 0 2 1417 2072 2088
3958 2 2 0 2 2072 2082 2088
3959 2 2 0 2 2072 1326 2082
3960 2 2 0 2 2088 2082 1421
3961 2 2 0 2 1317 1715 2090
3962 2 2 0 2 1715 2089 2090
3963 2 2 0 2 1715 1325 2089
3964 2 2 0 2 2090 2089 1419
3965 2 2 0 2 1355 2073 2085
3966 2 2 0 2 2073 2091 2085
3967 2 2 0 2 2073 1417 2091
3968 2 2 0 2 2085 2091 1418
3969 2 2 0 2 1422 2083 2092
3970 2 2 0 2 2083 2080 2092
3971 2 2 0 2 2083 1360 2080
3972 2 2 0 2 2092 2080 1423
3973 2 2 0 2 1325 2086 2089
3974 2 2 0 2 2086 2093 2089
3975 2 2 0 2 2086 1418 2093
3976 2 2 0 2 2089 2093 1419
3977 2 2 0 2 1243 1791 2095
3978 2 2 0 2 1791 2094 2095
3979 2 2 0 2 1791 1364 2094
3980 2 2 0 2 2095 2094 1419
3981 2 2 0 2 1229 1788 2097
3982 2 2 0 2 1788 2096 2097
3983 2 2 0 2 1788 1368 2096
3984 2 2 0 2 2097 2096 1417
3985 2 2 0 2 1317 2090 2099
3986 2 2 0 2 2090 2098 2099
3987 2 2 0 2 2090 1419 2098
3988 2 2 0 2 2099 2098 1420
3989 2 2 0 2 1368 1779 2101
3990 2 2 0 2 1779 2100 2101
3991 2 2 0 2 1779 1243 2100
3992 2 2 0 2 2101 2100 1418
3993 2 2 0 2 1417 2096 2091
3994 2 2 0 2 2096 2101 2091
3995 2 2 0 2 2096 1368 2101
3996 2 2 0 2 2091 2101 1418
3997 2 2 0 2 1364 1704 2103
3998 2 2 0 2 1704 2102 2103
3999 2 2 0 2 1704 1228 2102
4000 2 2 0 2 2103 2102 1420
4001 2 2 0 2 1418 2100 2093
4002 2 2 0 2 2100 2095 2093
4003 2 2 0 2 2100 1243 2095
4004 2 2 0 2 2093 2095 1419
4005 2 2 0 2 1419 2094 2098
4006 2 2 0 2 2094 2103 2098
4007 2 2 0 2 2094 1364 2103
4008 2 2 0 2 2098 2103 1420
4009 2 2 0 2 1229 2097 2104
4010 2 2 0 2 2097 2088 2104
4011 2 2 0 2 2097 1417 2088
4012 2 2 0 2 2104 2088 1421
4013 2 2 0 2 1369 1824 2105
4014 2 2 0 2 1824 2104 2105
4015 2 2 0 2 1824 1229 2104
4016 2 2 0 2 2105 2104 1421
4017 2 2 0 2 1359 1920 2106
4018 2 2 0 2 1920 2099 2106
4019 2 2 0 2 1920 1317 2099
4020 2 2 0 2 2106 2099 1420
4021 2 2 0 2 1369 2105 2107
4022 2 2 0 2 2105 2087 2107
4023 2 2 0 2 2105 1421 2087
4024 2 2 0 2 2107 2087 1422
4025 2 2 0 2 1241 1862 2108
4026 2 2 0 2 1862 2107 2108
4027 2 2 0 2 1862 1369 2107
4028 2 2 0 2 2108 2107 1422
4029 2 2 0 2 1319 1761 2110
4030 2 2 0 2 1761 2109 2110
4031 2 2 0 2 1761 1359 2109
4032 2 2 0 2 2110 2109 1424
4033 2 2 0 2 1241 2108 2111
4034 2 2 0 2 2108 2092 2111
4035 2 2 0 2 2108 1422 2092
4036 2 2 0 2 2111 2092 1423
4037 2 2 0 2 1372 1839 2112
4038 2 2 0 2 1839 2111 2112
4039 2 2 0 2 1839 1241 2111
4040 2 2 0 2 2112 2111 1423
4041 2 2 0 2 1426 2113 2075
4042 2 2 0 2 2113 2078 2075
4043 2 2 0 2 2113 1337 2078
4044 2 2 0 2 2075 2078 1427
4045 2 2 0 2 1420 2102 2115
4046 2 2 0 2 2102 2114 2115
4047 2 2 0 2 2102 1228 2114
4048 2 2 0 2 2115 2114 1424
4049 2 2 0 2 1389 1685 2074
4050 2 2 0 2 1685 2116 2074
4051 2 2 0 2 1685 1319 2116
4052 2 2 0 2 2074 2116 1426
4053 2 2 0 2 280 270 2039
4054 2 2 0 2 270 2040 2039
4055 2 2 0 2 270 279 2040
4056 2 2 0 2 2039 2040 1425
4057 2 2 0 2 1359 2106 2109
4058 2 2 0 2 2106 2115 2109
4059 2 2 0 2 2106 1420 2115
4060 2 2 0 2 2109 2115 1424
4061 2 2 0 2 1228 1984 2114
4062 2 2 0 2 1984 2117 2114
4063 2 2 0 2 1984 1336 2117
4064 2 2 0 2 2114 2117 1424
4065 2 2 0 2 1230 1801 2119
4066 2 2 0 2 1801 2118 2119
4067 2 2 0 2 1801 1351 2118
4068 2 2 0 2 2119 2118 1428
4069 2 2 0 2 1336 1982 2120
4070 2 2 0 2 1982 2113 2120
4071 2 2 0 2 1982 1337 2113
4072 2 2 0 2 2120 2113 1426
4073 2 2 0 2 1427 2077 2121
4074 2 2 0 2 2077 2119 2121
4075 2 2 0 2 2077 1230 2119
4076 2 2 0 2 2121 2119 1428
4077 2 2 0 2 1327 1960 2122
4078 2 2 0 2 1960 2076 2122
4079 2 2 0 2 1960 1389 2076
4080 2 2 0 2 2122 2076 1427
4081 2 2 0 2 1319 2110 2116
4082 2 2 0 2 2110 2123 2116
4083 2 2 0 2 2110 1424 2123
4084 2 2 0 2 2116 2123 1426
4085 2 2 0 2 1424 2117 2123
4086 2 2 0 2 2117 2120 2123
4087 2 2 0 2 2117 1336 2120
4088 2 2 0 2 2123 2120 1426
4089 2 2 0 2 1327 2122 2124
4090 2 2 0 2 2122 2121 2124
4091 2 2 0 2 2122 1427 2121
4092 2 2 0 2 2124 2121 1428
4093 2 2 0 2 1328 1930 2069
4094 2 2 0 2 1930 2124 2069
4095 2 2 0 2 1930 1327 2124
4096 2 2 0 2 2069 2124 1428
4097 2 2 0 2 1428 2118 2070
4098 2 2 0 2 2118 2125 2070
4099 2 2 0 2 2118 1351 2125
4100 2 2 0 2 2070 2125 1429
4101 2 2 0 2 1351 1676 2125
4102 2 2 0 2 1676 2044 2125
4103 2 2 0 2 1676 1358 2044
4104 2 2 0 2 2125 2044 1429
4105 2 2 0 2 1350 1716 1527
4106 2 2 0 2 1716 2042 1527
4107 2 2 0 2 1716 1349 2042
4108 2 2 0 2 1527 2042 1430
4109 2 2 0 2 1321 1813 2046
4110 2 2 0 2 1813 1489 2046
4111 2 2 0 2 1813 1374 1489
4112 2 2 0 2 2046 1489 1431
4113 2 2 0 2 1390 1970 1491
4114 2 2 0 2 1970 2045 1491
4115 2 2 0 2 1970 1322 2045
4116 2 2 0 2 1491 2045 1432
4117 2 2 0 2 278 268 2048
4118 2 2 0 2 268 2047 2048
4119 2 2 0 2 268 277 2047
4120 2 2 0 2 2048 2047 1434
4121 2 2 0 2 1234 1580 2049
4122 2 2 0 2 1580 2063 2049
4123 2 2 0 2 1580 1353 2063
4124 2 2 0 2 2049 2063 1435
4125 2 2 0 2 1407 2033 1523
4126 2 2 0 2 2033 2126 1523
4127 2 2 0 2 2033 1372 2126
4128 2 2 0 2 1523 2126 1440
4129 2 2 0 2 1406 2021 2127
4130 2 2 0 2 2021 2061 2127
4131 2 2 0 2 2021 86 2061
4132 2 2 0 2 2127 2061 1439
4133 2 2 0 2 78 2024 2058
4134 2 2 0 2 2024 2128 2058
4135 2 2 0 2 2024 1407 2128
4136 2 2 0 2 2058 2128 1436
4137 2 2 0 2 1409 2027 2129
4138 2 2 0 2 2027 2057 2129
4139 2 2 0 2 2027 273 2057
4140 2 2 0 2 2129 2057 1438
4141 2 2 0 2 1408 2025 2130
4142 2 2 0 2 2025 2052 2130
4143 2 2 0 2 2025 195 2052
4144 2 2 0 2 2130 2052 1437
4145 2 2 0 2 311 1651 2050
4146 2 2 0 2 1651 2131 2050
4147 2 2 0 2 1651 1357 2131
4148 2 2 0 2 2050 2131 1437
4149 2 2 0 2 203 1740 2055
4150 2 2 0 2 1740 2132 2055
4151 2 2 0 2 1740 1250 2132
4152 2 2 0 2 2055 2132 1438
4153 2 2 0 2 1248 1706 2133
4154 2 2 0 2 1706 2054 2133
4155 2 2 0 2 1706 310 2054
4156 2 2 0 2 2133 2054 1436
4157 2 2 0 2 272 1950 2059
4158 2 2 0 2 1950 2134 2059
4159 2 2 0 2 1950 1249 2134
4160 2 2 0 2 2059 2134 1439
4161 2 2 0 2 1249 1497 2134
4162 2 2 0 2 1497 2127 2134
4163 2 2 0 2 1497 1406 2127
4164 2 2 0 2 2134 2127 1439
4165 2 2 0 2 1407 1502 2128
4166 2 2 0 2 1502 2133 2128
4167 2 2 0 2 1502 1248 2133
4168 2 2 0 2 2128 2133 1436
4169 2 2 0 2 1250 1486 2132
4170 2 2 0 2 1486 2129 2132
4171 2 2 0 2 1486 1409 2129
4172 2 2 0 2 2132 2129 1438
4173 2 2 0 2 1357 1499 2131
4174 2 2 0 2 1499 2130 2131
4175 2 2 0 2 1499 1408 2130
4176 2 2 0 2 2131 2130 1437
4177 2 2 0 2 1323 1495 2068
4178 2 2 0 2 1495 1506 2068
4179 2 2 0 2 1495 1416 1506
4180 2 2 0 2 2068 1506 1433
4181 2 2 0 2 1414 2066 2064
4182 2 2 0 2 2066 1511 2064
4183 2 2 0 2 2066 1304 1511
4184 2 2 0 2 2064 1511 1430
4185 2 2 0 2 1415 2067 2065
4186 2 2 0 2 2067 2071 2065
4187 2 2 0 2 2067 1328 2071
4188 2 2 0 2 2065 2071 1429
4189 2 2 0 2 1330 1508 2135
4190 2 2 0 2 1508 1524 2135
4191 2 2 0 2 1508 1410 1524
4192 2 2 0 2 2135 1524 1440
4193 2 2 0 2 1423 2079 2136
4194 2 2 0 2 2079 2135 2136
4195 2 2 0 2 2079 1330 2135
4196 2 2 0 2 2136 2135 1440
4197 2 2 0 2 1372 2112 2126
4198 2 2 0 2 2112 2136 2126
4199 2 2 0 2 2112 1423 2136
4200 2 2 0 2 2126 2136 1440
4201 2 2 0 3 2154 2351 2353
4202 2 2 0 3 2351 2352 2353
4203 2 2 0 3 2351 2314 2352
4204 2 2 0 3 2353 2352 2317
4205 2 2 0 3 2263 2354 2356
4206 2 2 0 3 2354 2355 2356
4207 2 2 0 3 2354 2153 2355
4208 2 2 0 3 2356 2355 2318
4209 2 2 0 3 2314 2351 2358
4210 2 2 0 3 2351 2357 2358
4211 2 2 0 3 2351 2154 2357
4212 2 2 0 3 2358 2357 2341
4213 2 2 0 3 2153 2354 2360
4214 2 2 0 3 2354 2359 2360
4215 2 2 0 3 2354 2263 2359
4216 2 2 0 3 2360 2359 2340
4217 2 2 0 3 2261 2361 2363
4218 2 2 0 3 2361 2362 2363
4219 2 2 0 3 2361 2191 2362
4220 2 2 0 3 2363 2362 2320
4221 2 2 0 3 2245 2364 2366
4222 2 2 0 3 2364 2365 2366
4223 2 2 0 3 2364 2157 2365
4224 2 2 0 3 2366 2365 2248
4225 2 2 0 3 2250 2367 2369
4226 2 2 0 3 2367 2368 2369
4227 2 2 0 3 2367 2145 2368
4228 2 2 0 3 2369 2368 2325
4229 2 2 0 3 2191 2361 2371
4230 2 2 0 3 2361 2370 2371
4231 2 2 0 3 2361 2261 2370
4232 2 2 0 3 2371 2370 2269
4233 2 2 0 3 2145 2367 2373
4234 2 2 0 3 2367 2372 2373
4235 2 2 0 3 2367 2250 2372
4236 2 2 0 3 2373 2372 2343
4237 2 2 0 3 2248 2365 2375
4238 2 2 0 3 2365 2374 2375
4239 2 2 0 3 2365 2157 2374
4240 2 2 0 3 2375 2374 2331
4241 2 2 0 3 2260 2376 2377
4242 2 2 0 3 2376 2363 2377
4243 2 2 0 3 2376 2261 2363
4244 2 2 0 3 2377 2363 2320
4245 2 2 0 3 2248 2378 2380
4246 2 2 0 3 2378 2379 2380
4247 2 2 0 3 2378 2149 2379
4248 2 2 0 3 2380 2379 2249
4249 2 2 0 3 2249 2379 2382
4250 2 2 0 3 2379 2381 2382
4251 2 2 0 3 2379 2149 2381
4252 2 2 0 3 2382 2381 2250
4253 2 2 0 3 2159 2383 2384
4254 2 2 0 3 2383 2356 2384
4255 2 2 0 3 2383 2263 2356
4256 2 2 0 3 2384 2356 2318
4257 2 2 0 3 2314 2385 2352
4258 2 2 0 3 2385 2386 2352
4259 2 2 0 3 2385 2158 2386
4260 2 2 0 3 2352 2386 2317
4261 2 2 0 3 2232 2387 2389
4262 2 2 0 3 2387 2388 2389
4263 2 2 0 3 2387 2281 2388
4264 2 2 0 3 2389 2388 2340
4265 2 2 0 3 2242 2390 2392
4266 2 2 0 3 2390 2391 2392
4267 2 2 0 3 2390 2231 2391
4268 2 2 0 3 2392 2391 2341
4269 2 2 0 3 2230 2393 2395
4270 2 2 0 3 2393 2394 2395
4271 2 2 0 3 2393 2321 2394
4272 2 2 0 3 2395 2394 2325
4273 2 2 0 3 2157 2364 2397
4274 2 2 0 3 2364 2396 2397
4275 2 2 0 3 2364 2245 2396
4276 2 2 0 3 2397 2396 2315
4277 2 2 0 3 2321 2398 2394
4278 2 2 0 3 2398 2399 2394
4279 2 2 0 3 2398 2251 2399
4280 2 2 0 3 2394 2399 2325
4281 2 2 0 3 2156 2400 2402
4282 2 2 0 3 2400 2401 2402
4283 2 2 0 3 2400 2316 2401
4284 2 2 0 3 2402 2401 2319
4285 2 2 0 3 2325 2368 2404
4286 2 2 0 3 2368 2403 2404
4287 2 2 0 3 2368 2145 2403
4288 2 2 0 3 2404 2403 2342
4289 2 2 0 3 2247 2405 2407
4290 2 2 0 3 2405 2406 2407
4291 2 2 0 3 2405 2324 2406
4292 2 2 0 3 2407 2406 2339
4293 2 2 0 3 2253 2408 2410
4294 2 2 0 3 2408 2409 2410
4295 2 2 0 3 2408 2323 2409
4296 2 2 0 3 2410 2409 2337
4297 2 2 0 3 2239 2411 2413
4298 2 2 0 3 2411 2412 2413
4299 2 2 0 3 2411 2322 2412
4300 2 2 0 3 2413 2412 2335
4301 2 2 0 3 2281 2387 2415
4302 2 2 0 3 2387 2414 2415
4303 2 2 0 3 2387 2232 2414
4304 2 2 0 3 2415 2414 2342
4305 2 2 0 3 2251 2416 2418
4306 2 2 0 3 2416 2417 2418
4307 2 2 0 3 2416 2208 2417
4308 2 2 0 3 2418 2417 2324
4309 2 2 0 3 2249 2382 2420
4310 2 2 0 3 2382 2419 2420
4311 2 2 0 3 2382 2250 2419
4312 2 2 0 3 2420 2419 2251
4313 2 2 0 3 2231 2390 2422
4314 2 2 0 3 2390 2421 2422
4315 2 2 0 3 2390 2242 2421
4316 2 2 0 3 2422 2421 2344
4317 2 2 0 3 2269 2370 2424
4318 2 2 0 3 2370 2423 2424
4319 2 2 0 3 2370 2261 2423
4320 2 2 0 3 2424 2423 2319
4321 2 2 0 3 2154 2425 2357
4322 2 2 0 3 2425 2392 2357
4323 2 2 0 3 2425 2242 2392
4324 2 2 0 3 2357 2392 2341
4325 2 2 0 3 2281 2426 2388
4326 2 2 0 3 2426 2360 2388
4327 2 2 0 3 2426 2153 2360
4328 2 2 0 3 2388 2360 2340
4329 2 2 0 3 2208 2416 2427
4330 2 2 0 3 2416 2398 2427
4331 2 2 0 3 2416 2251 2398
4332 2 2 0 3 2427 2398 2321
4333 2 2 0 3 2319 2401 2429
4334 2 2 0 3 2401 2428 2429
4335 2 2 0 3 2401 2316 2428
4336 2 2 0 3 2429 2428 2349
4337 2 2 0 3 2295 2430 2432
4338 2 2 0 3 2430 2431 2432
4339 2 2 0 3 2430 2289 2431
4340 2 2 0 3 2432 2431 2350
4341 2 2 0 3 2149 2378 2433
4342 2 2 0 3 2378 2375 2433
4343 2 2 0 3 2378 2248 2375
4344 2 2 0 3 2433 2375 2331
4345 2 2 0 3 2212 2434 2435
4346 2 2 0 3 2434 2432 2435
4347 2 2 0 3 2434 2295 2432
4348 2 2 0 3 2435 2432 2350
4349 2 2 0 3 2323 2436 2409
4350 2 2 0 3 2436 2437 2409
4351 2 2 0 3 2436 2211 2437
4352 2 2 0 3 2409 2437 2337
4353 2 2 0 3 2322 2438 2412
4354 2 2 0 3 2438 2439 2412
4355 2 2 0 3 2438 2224 2439
4356 2 2 0 3 2412 2439 2335
4357 2 2 0 3 2324 2417 2406
4358 2 2 0 3 2417 2440 2406
4359 2 2 0 3 2417 2208 2440
4360 2 2 0 3 2406 2440 2339
4361 2 2 0 3 2267 2441 2443
4362 2 2 0 3 2441 2442 2443
4363 2 2 0 3 2441 2266 2442
4364 2 2 0 3 2443 2442 2309
4365 2 2 0 3 2241 2444 2446
4366 2 2 0 3 2444 2445 2446
4367 2 2 0 3 2444 2238 2445
4368 2 2 0 3 2446 2445 2299
4369 2 2 0 3 2226 2447 2448
4370 2 2 0 3 2447 2446 2448
4371 2 2 0 3 2447 2241 2446
4372 2 2 0 3 2448 2446 2299
4373 2 2 0 3 2217 2449 2451
4374 2 2 0 3 2449 2450 2451
4375 2 2 0 3 2449 2310 2450
4376 2 2 0 3 2451 2450 2311
4377 2 2 0 3 2216 2452 2453
4378 2 2 0 3 2452 2443 2453
4379 2 2 0 3 2452 2267 2443
4380 2 2 0 3 2453 2443 2309
4381 2 2 0 3 2233 2454 2456
4382 2 2 0 3 2454 2455 2456
4383 2 2 0 3 2454 2263 2455
4384 2 2 0 3 2456 2455 2305
4385 2 2 0 3 233 2457 2459
4386 2 2 0 3 2457 2458 2459
4387 2 2 0 3 2457 2137 2458
4388 2 2 0 3 2459 2458 2160
4389 2 2 0 3 224 204 2460
4390 2 2 0 3 204 2459 2460
4391 2 2 0 3 204 233 2459
4392 2 2 0 3 2460 2459 2160
4393 2 2 0 3 2233 2456 2462
4394 2 2 0 3 2456 2461 2462
4395 2 2 0 3 2456 2305 2461
4396 2 2 0 3 2462 2461 2307
4397 2 2 0 3 2238 2463 2445
4398 2 2 0 3 2463 2464 2445
4399 2 2 0 3 2463 2147 2464
4400 2 2 0 3 2445 2464 2299
4401 2 2 0 3 2263 2465 2455
4402 2 2 0 3 2465 2466 2455
4403 2 2 0 3 2465 2262 2466
4404 2 2 0 3 2455 2466 2305
4405 2 2 0 3 2275 2467 2469
4406 2 2 0 3 2467 2468 2469
4407 2 2 0 3 2467 2302 2468
4408 2 2 0 3 2469 2468 2304
4409 2 2 0 3 2147 2470 2471
4410 2 2 0 3 2470 2460 2471
4411 2 2 0 3 2470 224 2460
4412 2 2 0 3 2471 2460 2160
4413 2 2 0 3 2147 2471 2473
4414 2 2 0 3 2471 2472 2473
4415 2 2 0 3 2471 2160 2472
4416 2 2 0 3 2473 2472 2297
4417 2 2 0 3 2160 2458 2475
4418 2 2 0 3 2458 2474 2475
4419 2 2 0 3 2458 2137 2474
4420 2 2 0 3 2475 2474 2161
4421 2 2 0 3 235 2476 2477
4422 2 2 0 3 2476 2463 2477
4423 2 2 0 3 2476 2147 2463
4424 2 2 0 3 2477 2463 2238
4425 2 2 0 3 235 215 2476
4426 2 2 0 3 215 2470 2476
4427 2 2 0 3 215 224 2470
4428 2 2 0 3 2476 2470 2147
4429 2 2 0 3 118 2478 2480
4430 2 2 0 3 2478 2479 2480
4431 2 2 0 3 2478 2139 2479
4432 2 2 0 3 2480 2479 2239
4433 2 2 0 3 116 87 2482
4434 2 2 0 3 87 2481 2482
4435 2 2 0 3 87 107 2481
4436 2 2 0 3 2482 2481 2150
4437 2 2 0 3 2181 2483 2485
4438 2 2 0 3 2483 2484 2485
4439 2 2 0 3 2483 2254 2484
4440 2 2 0 3 2485 2484 2279
4441 2 2 0 3 2253 2486 2488
4442 2 2 0 3 2486 2487 2488
4443 2 2 0 3 2486 2258 2487
4444 2 2 0 3 2488 2487 2264
4445 2 2 0 3 2142 2489 2491
4446 2 2 0 3 2489 2490 2491
4447 2 2 0 3 2489 115 2490
4448 2 2 0 3 2491 2490 2255
4449 2 2 0 3 236 2492 2494
4450 2 2 0 3 2492 2493 2494
4451 2 2 0 3 2492 2238 2493
4452 2 2 0 3 2494 2493 2240
4453 2 2 0 3 115 96 2490
4454 2 2 0 3 96 2495 2490
4455 2 2 0 3 96 116 2495
4456 2 2 0 3 2490 2495 2255
4457 2 2 0 3 2254 2496 2484
4458 2 2 0 3 2496 2497 2484
4459 2 2 0 3 2496 2213 2497
4460 2 2 0 3 2484 2497 2279
4461 2 2 0 3 2240 2493 2498
4462 2 2 0 3 2493 2444 2498
4463 2 2 0 3 2493 2238 2444
4464 2 2 0 3 2498 2444 2241
4465 2 2 0 3 2147 2473 2464
4466 2 2 0 3 2473 2499 2464
4467 2 2 0 3 2473 2297 2499
4468 2 2 0 3 2464 2499 2299
4469 2 2 0 3 2256 2500 2502
4470 2 2 0 3 2500 2501 2502
4471 2 2 0 3 2500 120 2501
4472 2 2 0 3 2502 2501 2264
4473 2 2 0 3 2243 2503 2505
4474 2 2 0 3 2503 2504 2505
4475 2 2 0 3 2503 2244 2504
4476 2 2 0 3 2505 2504 2252
4477 2 2 0 3 2244 2506 2508
4478 2 2 0 3 2506 2507 2508
4479 2 2 0 3 2506 2155 2507
4480 2 2 0 3 2508 2507 2245
4481 2 2 0 3 2244 2508 2510
4482 2 2 0 3 2508 2509 2510
4483 2 2 0 3 2508 2245 2509
4484 2 2 0 3 2510 2509 2246
4485 2 2 0 3 116 2482 2495
4486 2 2 0 3 2482 2511 2495
4487 2 2 0 3 2482 2150 2511
4488 2 2 0 3 2495 2511 2255
4489 2 2 0 3 315 306 2513
4490 2 2 0 3 306 2512 2513
4491 2 2 0 3 306 316 2512
4492 2 2 0 3 2513 2512 2259
4493 2 2 0 3 237 217 2514
4494 2 2 0 3 217 2494 2514
4495 2 2 0 3 217 236 2494
4496 2 2 0 3 2514 2494 2240
4497 2 2 0 3 2258 2515 2487
4498 2 2 0 3 2515 2502 2487
4499 2 2 0 3 2515 2256 2502
4500 2 2 0 3 2487 2502 2264
4501 2 2 0 3 314 2516 2518
4502 2 2 0 3 2516 2517 2518
4503 2 2 0 3 2516 2144 2517
4504 2 2 0 3 2518 2517 2242
4505 2 2 0 3 2143 2519 2521
4506 2 2 0 3 2519 2520 2521
4507 2 2 0 3 2519 122 2520
4508 2 2 0 3 2521 2520 2243
4509 2 2 0 3 2143 2521 2522
4510 2 2 0 3 2521 2505 2522
4511 2 2 0 3 2521 2243 2505
4512 2 2 0 3 2522 2505 2252
4513 2 2 0 3 2246 2509 2523
4514 2 2 0 3 2509 2366 2523
4515 2 2 0 3 2509 2245 2366
4516 2 2 0 3 2523 2366 2248
4517 2 2 0 3 2244 2524 2504
4518 2 2 0 3 2524 2525 2504
4519 2 2 0 3 2524 2247 2525
4520 2 2 0 3 2504 2525 2252
4521 2 2 0 3 2260 2526 2376
4522 2 2 0 3 2526 2527 2376
4523 2 2 0 3 2526 2148 2527
4524 2 2 0 3 2376 2527 2261
4525 2 2 0 3 2161 2474 2529
4526 2 2 0 3 2474 2528 2529
4527 2 2 0 3 2474 2137 2528
4528 2 2 0 3 2529 2528 2162
4529 2 2 0 3 122 103 2520
4530 2 2 0 3 103 2530 2520
4531 2 2 0 3 103 123 2530
4532 2 2 0 3 2520 2530 2243
4533 2 2 0 3 236 216 2492
4534 2 2 0 3 216 2477 2492
4535 2 2 0 3 216 235 2477
4536 2 2 0 3 2492 2477 2238
4537 2 2 0 3 2159 2531 2383
4538 2 2 0 3 2531 2465 2383
4539 2 2 0 3 2531 2262 2465
4540 2 2 0 3 2383 2465 2263
4541 2 2 0 3 119 100 2532
4542 2 2 0 3 100 2500 2532
4543 2 2 0 3 100 120 2500
4544 2 2 0 3 2532 2500 2256
4545 2 2 0 3 2140 2533 2534
4546 2 2 0 3 2533 2514 2534
4547 2 2 0 3 2533 237 2514
4548 2 2 0 3 2534 2514 2240
4549 2 2 0 3 2243 2535 2503
4550 2 2 0 3 2535 2506 2503
4551 2 2 0 3 2535 2155 2506
4552 2 2 0 3 2503 2506 2244
4553 2 2 0 3 2294 2536 2538
4554 2 2 0 3 2536 2537 2538
4555 2 2 0 3 2536 231 2537
4556 2 2 0 3 2538 2537 2298
4557 2 2 0 3 2159 2539 2531
4558 2 2 0 3 2539 2540 2531
4559 2 2 0 3 2539 241 2540
4560 2 2 0 3 2531 2540 2262
4561 2 2 0 3 2259 2541 2542
4562 2 2 0 3 2541 2526 2542
4563 2 2 0 3 2541 2148 2526
4564 2 2 0 3 2542 2526 2260
4565 2 2 0 3 107 98 2543
4566 2 2 0 3 98 2480 2543
4567 2 2 0 3 98 118 2480
4568 2 2 0 3 2543 2480 2239
4569 2 2 0 3 2272 2544 2546
4570 2 2 0 3 2544 2545 2546
4571 2 2 0 3 2544 2188 2545
4572 2 2 0 3 2546 2545 2274
4573 2 2 0 3 2305 2547 2461
4574 2 2 0 3 2547 2548 2461
4575 2 2 0 3 2547 2267 2548
4576 2 2 0 3 2461 2548 2307
4577 2 2 0 3 2154 2549 2425
4578 2 2 0 3 2549 2550 2425
4579 2 2 0 3 2549 313 2550
4580 2 2 0 3 2425 2550 2242
4581 2 2 0 3 2237 2551 2552
4582 2 2 0 3 2551 2496 2552
4583 2 2 0 3 2551 2213 2496
4584 2 2 0 3 2552 2496 2254
4585 2 2 0 3 2223 2553 2554
4586 2 2 0 3 2553 2551 2554
4587 2 2 0 3 2553 2213 2551
4588 2 2 0 3 2554 2551 2237
4589 2 2 0 3 123 2555 2530
4590 2 2 0 3 2555 2535 2530
4591 2 2 0 3 2555 2155 2535
4592 2 2 0 3 2530 2535 2243
4593 2 2 0 3 2246 2523 2556
4594 2 2 0 3 2523 2380 2556
4595 2 2 0 3 2523 2248 2380
4596 2 2 0 3 2556 2380 2249
4597 2 2 0 3 2254 2483 2558
4598 2 2 0 3 2483 2557 2558
4599 2 2 0 3 2483 2181 2557
4600 2 2 0 3 2558 2557 2291
4601 2 2 0 3 312 303 2559
4602 2 2 0 3 303 2549 2559
4603 2 2 0 3 303 313 2549
4604 2 2 0 3 2559 2549 2154
4605 2 2 0 3 123 104 2555
4606 2 2 0 3 104 2560 2555
4607 2 2 0 3 104 124 2560
4608 2 2 0 3 2555 2560 2155
4609 2 2 0 3 2188 2544 2562
4610 2 2 0 3 2544 2561 2562
4611 2 2 0 3 2544 2272 2561
4612 2 2 0 3 2562 2561 2275
4613 2 2 0 3 120 101 2501
4614 2 2 0 3 101 2563 2501
4615 2 2 0 3 101 121 2563
4616 2 2 0 3 2501 2563 2264
4617 2 2 0 3 240 220 2565
4618 2 2 0 3 220 2564 2565
4619 2 2 0 3 220 239 2564
4620 2 2 0 3 2565 2564 2152
4621 2 2 0 3 316 2566 2512
4622 2 2 0 3 2566 2541 2512
4623 2 2 0 3 2566 2148 2541
4624 2 2 0 3 2512 2541 2259
4625 2 2 0 3 2266 2567 2442
4626 2 2 0 3 2567 2568 2442
4627 2 2 0 3 2567 2140 2568
4628 2 2 0 3 2442 2568 2309
4629 2 2 0 3 2270 2569 2570
4630 2 2 0 3 2569 2546 2570
4631 2 2 0 3 2569 2272 2546
4632 2 2 0 3 2570 2546 2274
4633 2 2 0 3 314 305 2516
4634 2 2 0 3 305 2571 2516
4635 2 2 0 3 305 315 2571
4636 2 2 0 3 2516 2571 2144
4637 2 2 0 3 2213 2572 2497
4638 2 2 0 3 2572 2573 2497
4639 2 2 0 3 2572 2183 2573
4640 2 2 0 3 2497 2573 2279
4641 2 2 0 3 2218 2574 2576
4642 2 2 0 3 2574 2575 2576
4643 2 2 0 3 2574 2185 2575
4644 2 2 0 3 2576 2575 2219
4645 2 2 0 3 2174 2577 2579
4646 2 2 0 3 2577 2578 2579
4647 2 2 0 3 2577 2176 2578
4648 2 2 0 3 2579 2578 2280
4649 2 2 0 3 2143 2522 2581
4650 2 2 0 3 2522 2580 2581
4651 2 2 0 3 2522 2252 2580
4652 2 2 0 3 2581 2580 2253
4653 2 2 0 3 2192 2582 2583
4654 2 2 0 3 2582 2572 2583
4655 2 2 0 3 2582 2183 2572
4656 2 2 0 3 2583 2572 2213
4657 2 2 0 3 318 309 2585
4658 2 2 0 3 309 2584 2585
4659 2 2 0 3 309 310 2584
4660 2 2 0 3 2585 2584 2156
4661 2 2 0 3 2167 2586 2587
4662 2 2 0 3 2586 2570 2587
4663 2 2 0 3 2586 2270 2570
4664 2 2 0 3 2587 2570 2274
4665 2 2 0 3 2205 2588 2590
4666 2 2 0 3 2588 2589 2590
4667 2 2 0 3 2588 2203 2589
4668 2 2 0 3 2590 2589 2208
4669 2 2 0 3 2181 2591 2557
4670 2 2 0 3 2591 2592 2557
4671 2 2 0 3 2591 2280 2592
4672 2 2 0 3 2557 2592 2291
4673 2 2 0 3 2176 2593 2578
4674 2 2 0 3 2593 2594 2578
4675 2 2 0 3 2593 2277 2594
4676 2 2 0 3 2578 2594 2280
4677 2 2 0 3 2167 2595 2586
4678 2 2 0 3 2595 2596 2586
4679 2 2 0 3 2595 2163 2596
4680 2 2 0 3 2586 2596 2270
4681 2 2 0 3 2257 2597 2598
4682 2 2 0 3 2597 2515 2598
4683 2 2 0 3 2597 2256 2515
4684 2 2 0 3 2598 2515 2258
4685 2 2 0 3 2168 2599 2601
4686 2 2 0 3 2599 2600 2601
4687 2 2 0 3 2599 2167 2600
4688 2 2 0 3 2601 2600 2169
4689 2 2 0 3 2219 2575 2603
4690 2 2 0 3 2575 2602 2603
4691 2 2 0 3 2575 2185 2602
4692 2 2 0 3 2603 2602 2282
4693 2 2 0 3 238 2604 2605
4694 2 2 0 3 2604 2567 2605
4695 2 2 0 3 2604 2140 2567
4696 2 2 0 3 2605 2567 2266
4697 2 2 0 3 2144 2571 2606
4698 2 2 0 3 2571 2513 2606
4699 2 2 0 3 2571 315 2513
4700 2 2 0 3 2606 2513 2259
4701 2 2 0 3 2165 2607 2608
4702 2 2 0 3 2607 2595 2608
4703 2 2 0 3 2607 2163 2595
4704 2 2 0 3 2608 2595 2167
4705 2 2 0 3 2139 2609 2610
4706 2 2 0 3 2609 2597 2610
4707 2 2 0 3 2609 2256 2597
4708 2 2 0 3 2610 2597 2257
4709 2 2 0 3 2275 2611 2612
4710 2 2 0 3 2611 2603 2612
4711 2 2 0 3 2611 2219 2603
4712 2 2 0 3 2612 2603 2282
4713 2 2 0 3 313 304 2550
4714 2 2 0 3 304 2518 2550
4715 2 2 0 3 304 314 2518
4716 2 2 0 3 2550 2518 2242
4717 2 2 0 3 239 219 2613
4718 2 2 0 3 219 2605 2613
4719 2 2 0 3 219 238 2605
4720 2 2 0 3 2613 2605 2266
4721 2 2 0 3 2152 2564 2614
4722 2 2 0 3 2564 2613 2614
4723 2 2 0 3 2564 239 2613
4724 2 2 0 3 2614 2613 2266
4725 2 2 0 3 2176 2615 2593
4726 2 2 0 3 2615 2616 2593
4727 2 2 0 3 2615 2178 2616
4728 2 2 0 3 2593 2616 2277
4729 2 2 0 3 2181 2617 2591
4730 2 2 0 3 2617 2579 2591
4731 2 2 0 3 2617 2174 2579
4732 2 2 0 3 2591 2579 2280
4733 2 2 0 3 2188 2618 2545
4734 2 2 0 3 2618 2619 2545
4735 2 2 0 3 2618 2173 2619
4736 2 2 0 3 2545 2619 2274
4737 2 2 0 3 2218 2576 2621
4738 2 2 0 3 2576 2620 2621
4739 2 2 0 3 2576 2219 2620
4740 2 2 0 3 2621 2620 2228
4741 2 2 0 3 242 222 2622
4742 2 2 0 3 222 2539 2622
4743 2 2 0 3 222 241 2539
4744 2 2 0 3 2622 2539 2159
4745 2 2 0 3 2170 2623 2625
4746 2 2 0 3 2623 2624 2625
4747 2 2 0 3 2623 2169 2624
4748 2 2 0 3 2625 2624 2171
4749 2 2 0 3 241 221 2540
4750 2 2 0 3 221 2626 2540
4751 2 2 0 3 221 240 2626
4752 2 2 0 3 2540 2626 2262
4753 2 2 0 3 2178 2627 2616
4754 2 2 0 3 2627 2628 2616
4755 2 2 0 3 2627 2182 2628
4756 2 2 0 3 2616 2628 2277
4757 2 2 0 3 2182 2629 2631
4758 2 2 0 3 2629 2630 2631
4759 2 2 0 3 2629 2189 2630
4760 2 2 0 3 2631 2630 2190
4761 2 2 0 3 2286 2632 2634
4762 2 2 0 3 2632 2633 2634
4763 2 2 0 3 2632 2214 2633
4764 2 2 0 3 2634 2633 2287
4765 2 2 0 3 2270 2635 2637
4766 2 2 0 3 2635 2636 2637
4767 2 2 0 3 2635 2162 2636
4768 2 2 0 3 2637 2636 2271
4769 2 2 0 3 2199 2638 2640
4770 2 2 0 3 2638 2639 2640
4771 2 2 0 3 2638 2204 2639
4772 2 2 0 3 2640 2639 2301
4773 2 2 0 3 2204 2641 2642
4774 2 2 0 3 2641 2634 2642
4775 2 2 0 3 2641 2286 2634
4776 2 2 0 3 2642 2634 2287
4777 2 2 0 3 2169 2600 2643
4778 2 2 0 3 2600 2587 2643
4779 2 2 0 3 2600 2167 2587
4780 2 2 0 3 2643 2587 2274
4781 2 2 0 3 2152 2614 2644
4782 2 2 0 3 2614 2441 2644
4783 2 2 0 3 2614 2266 2441
4784 2 2 0 3 2644 2441 2267
4785 2 2 0 3 2173 2645 2619
4786 2 2 0 3 2645 2643 2619
4787 2 2 0 3 2645 2169 2643
4788 2 2 0 3 2619 2643 2274
4789 2 2 0 3 2190 2646 2648
4790 2 2 0 3 2646 2647 2648
4791 2 2 0 3 2646 2222 2647
4792 2 2 0 3 2648 2647 2234
4793 2 2 0 3 2190 2630 2646
4794 2 2 0 3 2630 2649 2646
4795 2 2 0 3 2630 2189 2649
4796 2 2 0 3 2646 2649 2222
4797 2 2 0 3 2171 2624 2650
4798 2 2 0 3 2624 2645 2650
4799 2 2 0 3 2624 2169 2645
4800 2 2 0 3 2650 2645 2173
4801 2 2 0 3 2185 2651 2602
4802 2 2 0 3 2651 2652 2602
4803 2 2 0 3 2651 2177 2652
4804 2 2 0 3 2602 2652 2282
4805 2 2 0 3 114 95 2653
4806 2 2 0 3 95 2489 2653
4807 2 2 0 3 95 115 2489
4808 2 2 0 3 2653 2489 2142
4809 2 2 0 3 2192 2583 2654
4810 2 2 0 3 2583 2553 2654
4811 2 2 0 3 2583 2213 2553
4812 2 2 0 3 2654 2553 2223
4813 2 2 0 3 2177 2655 2652
4814 2 2 0 3 2655 2656 2652
4815 2 2 0 3 2655 2175 2656
4816 2 2 0 3 2652 2656 2282
4817 2 2 0 3 2270 2637 2569
4818 2 2 0 3 2637 2657 2569
4819 2 2 0 3 2637 2271 2657
4820 2 2 0 3 2569 2657 2272
4821 2 2 0 3 2178 2658 2627
4822 2 2 0 3 2658 2659 2627
4823 2 2 0 3 2658 2180 2659
4824 2 2 0 3 2627 2659 2182
4825 2 2 0 3 2163 2660 2596
4826 2 2 0 3 2660 2635 2596
4827 2 2 0 3 2660 2162 2635
4828 2 2 0 3 2596 2635 2270
4829 2 2 0 3 2202 2661 2663
4830 2 2 0 3 2661 2662 2663
4831 2 2 0 3 2661 2201 2662
4832 2 2 0 3 2663 2662 2203
4833 2 2 0 3 240 2565 2626
4834 2 2 0 3 2565 2664 2626
4835 2 2 0 3 2565 2152 2664
4836 2 2 0 3 2626 2664 2262
4837 2 2 0 3 2182 2665 2629
4838 2 2 0 3 2665 2666 2629
4839 2 2 0 3 2665 2187 2666
4840 2 2 0 3 2629 2666 2189
4841 2 2 0 3 121 2667 2563
4842 2 2 0 3 2667 2668 2563
4843 2 2 0 3 2667 2143 2668
4844 2 2 0 3 2563 2668 2264
4845 2 2 0 3 113 94 2670
4846 2 2 0 3 94 2669 2670
4847 2 2 0 3 94 114 2669
4848 2 2 0 3 2670 2669 2265
4849 2 2 0 3 2175 2671 2656
4850 2 2 0 3 2671 2672 2656
4851 2 2 0 3 2671 2188 2672
4852 2 2 0 3 2656 2672 2282
4853 2 2 0 3 2171 2650 2674
4854 2 2 0 3 2650 2673 2674
4855 2 2 0 3 2650 2173 2673
4856 2 2 0 3 2674 2673 2174
4857 2 2 0 3 2168 2601 2675
4858 2 2 0 3 2601 2623 2675
4859 2 2 0 3 2601 2169 2623
4860 2 2 0 3 2675 2623 2170
4861 2 2 0 3 2196 2676 2678
4862 2 2 0 3 2676 2677 2678
4863 2 2 0 3 2676 2198 2677
4864 2 2 0 3 2678 2677 2199
4865 2 2 0 3 2186 2679 2680
4866 2 2 0 3 2679 2574 2680
4867 2 2 0 3 2679 2185 2574
4868 2 2 0 3 2680 2574 2218
4869 2 2 0 3 318 2585 2682
4870 2 2 0 3 2585 2681 2682
4871 2 2 0 3 2585 2156 2681
4872 2 2 0 3 2682 2681 2288
4873 2 2 0 3 108 89 2684
4874 2 2 0 3 89 2683 2684
4875 2 2 0 3 89 109 2683
4876 2 2 0 3 2684 2683 2276
4877 2 2 0 3 2268 2685 2686
4878 2 2 0 3 2685 2371 2686
4879 2 2 0 3 2685 2191 2371
4880 2 2 0 3 2686 2371 2269
4881 2 2 0 3 2138 2687 2689
4882 2 2 0 3 2687 2688 2689
4883 2 2 0 3 2687 112 2688
4884 2 2 0 3 2689 2688 2278
4885 2 2 0 3 112 93 2688
4886 2 2 0 3 93 2690 2688
4887 2 2 0 3 93 113 2690
4888 2 2 0 3 2688 2690 2278
4889 2 2 0 3 113 2670 2690
4890 2 2 0 3 2670 2691 2690
4891 2 2 0 3 2670 2265 2691
4892 2 2 0 3 2690 2691 2278
4893 2 2 0 3 2199 2677 2693
4894 2 2 0 3 2677 2692 2693
4895 2 2 0 3 2677 2198 2692
4896 2 2 0 3 2693 2692 2200
4897 2 2 0 3 2171 2674 2694
4898 2 2 0 3 2674 2617 2694
4899 2 2 0 3 2674 2174 2617
4900 2 2 0 3 2694 2617 2181
4901 2 2 0 3 2182 2631 2628
4902 2 2 0 3 2631 2695 2628
4903 2 2 0 3 2631 2190 2695
4904 2 2 0 3 2628 2695 2277
4905 2 2 0 3 114 2653 2669
4906 2 2 0 3 2653 2696 2669
4907 2 2 0 3 2653 2142 2696
4908 2 2 0 3 2669 2696 2265
4909 2 2 0 3 2190 2697 2695
4910 2 2 0 3 2697 2698 2695
4911 2 2 0 3 2697 2235 2698
4912 2 2 0 3 2695 2698 2277
4913 2 2 0 3 2190 2648 2697
4914 2 2 0 3 2648 2699 2697
4915 2 2 0 3 2648 2234 2699
4916 2 2 0 3 2697 2699 2235
4917 2 2 0 3 2235 2699 2701
4918 2 2 0 3 2699 2700 2701
4919 2 2 0 3 2699 2234 2700
4920 2 2 0 3 2701 2700 2236
4921 2 2 0 3 2139 2702 2609
4922 2 2 0 3 2702 2532 2609
4923 2 2 0 3 2702 119 2532
4924 2 2 0 3 2609 2532 2256
4925 2 2 0 3 110 91 2704
4926 2 2 0 3 91 2703 2704
4927 2 2 0 3 91 111 2703
4928 2 2 0 3 2704 2703 2273
4929 2 2 0 3 2277 2698 2594
4930 2 2 0 3 2698 2705 2594
4931 2 2 0 3 2698 2235 2705
4932 2 2 0 3 2594 2705 2280
4933 2 2 0 3 2188 2562 2672
4934 2 2 0 3 2562 2612 2672
4935 2 2 0 3 2562 2275 2612
4936 2 2 0 3 2672 2612 2282
4937 2 2 0 3 121 102 2667
4938 2 2 0 3 102 2519 2667
4939 2 2 0 3 102 122 2519
4940 2 2 0 3 2667 2519 2143
4941 2 2 0 3 2244 2510 2524
4942 2 2 0 3 2510 2706 2524
4943 2 2 0 3 2510 2246 2706
4944 2 2 0 3 2524 2706 2247
4945 2 2 0 3 2165 2608 2707
4946 2 2 0 3 2608 2599 2707
4947 2 2 0 3 2608 2167 2599
4948 2 2 0 3 2707 2599 2168
4949 2 2 0 3 2175 2708 2671
4950 2 2 0 3 2708 2618 2671
4951 2 2 0 3 2708 2173 2618
4952 2 2 0 3 2671 2618 2188
4953 2 2 0 3 2161 2529 2709
4954 2 2 0 3 2529 2660 2709
4955 2 2 0 3 2529 2162 2660
4956 2 2 0 3 2709 2660 2163
4957 2 2 0 3 2189 2710 2711
4958 2 2 0 3 2710 2685 2711
4959 2 2 0 3 2710 2191 2685
4960 2 2 0 3 2711 2685 2268
4961 2 2 0 3 2202 2663 2712
4962 2 2 0 3 2663 2588 2712
4963 2 2 0 3 2663 2203 2588
4964 2 2 0 3 2712 2588 2205
4965 2 2 0 3 2222 2649 2713
4966 2 2 0 3 2649 2711 2713
4967 2 2 0 3 2649 2189 2711
4968 2 2 0 3 2713 2711 2268
4969 2 2 0 3 2144 2606 2715
4970 2 2 0 3 2606 2714 2715
4971 2 2 0 3 2606 2259 2714
4972 2 2 0 3 2715 2714 2289
4973 2 2 0 3 2174 2673 2716
4974 2 2 0 3 2673 2708 2716
4975 2 2 0 3 2673 2173 2708
4976 2 2 0 3 2716 2708 2175
4977 2 2 0 3 296 286 2718
4978 2 2 0 3 286 2717 2718
4979 2 2 0 3 286 295 2717
4980 2 2 0 3 2718 2717 2145
4981 2 2 0 3 2189 2666 2710
4982 2 2 0 3 2666 2719 2710
4983 2 2 0 3 2666 2187 2719
4984 2 2 0 3 2710 2719 2191
4985 2 2 0 3 111 2720 2703
4986 2 2 0 3 2720 2721 2703
4987 2 2 0 3 2720 2138 2721
4988 2 2 0 3 2703 2721 2273
4989 2 2 0 3 233 213 2457
4990 2 2 0 3 213 2722 2457
4991 2 2 0 3 213 232 2722
4992 2 2 0 3 2457 2722 2137
4993 2 2 0 3 238 218 2604
4994 2 2 0 3 218 2533 2604
4995 2 2 0 3 218 237 2533
4996 2 2 0 3 2604 2533 2140
4997 2 2 0 3 118 99 2478
4998 2 2 0 3 99 2702 2478
4999 2 2 0 3 99 119 2702
5000 2 2 0 3 2478 2702 2139
5001 2 2 0 3 230 210 2724
5002 2 2 0 3 210 2723 2724
5003 2 2 0 3 210 229 2723
5004 2 2 0 3 2724 2723 2141
5005 2 2 0 3 111 92 2720
5006 2 2 0 3 92 2687 2720
5007 2 2 0 3 92 112 2687
5008 2 2 0 3 2720 2687 2138
5009 2 2 0 3 2174 2716 2577
5010 2 2 0 3 2716 2725 2577
5011 2 2 0 3 2716 2175 2725
5012 2 2 0 3 2577 2725 2176
5013 2 2 0 3 2210 2726 2728
5014 2 2 0 3 2726 2727 2728
5015 2 2 0 3 2726 2207 2727
5016 2 2 0 3 2728 2727 2230
5017 2 2 0 3 2182 2659 2665
5018 2 2 0 3 2659 2729 2665
5019 2 2 0 3 2659 2180 2729
5020 2 2 0 3 2665 2729 2187
5021 2 2 0 3 109 2730 2683
5022 2 2 0 3 2730 2731 2683
5023 2 2 0 3 2730 2151 2731
5024 2 2 0 3 2683 2731 2276
5025 2 2 0 3 2143 2581 2668
5026 2 2 0 3 2581 2488 2668
5027 2 2 0 3 2581 2253 2488
5028 2 2 0 3 2668 2488 2264
5029 2 2 0 3 2259 2542 2714
5030 2 2 0 3 2542 2732 2714
5031 2 2 0 3 2542 2260 2732
5032 2 2 0 3 2714 2732 2289
5033 2 2 0 3 2192 2654 2734
5034 2 2 0 3 2654 2733 2734
5035 2 2 0 3 2654 2223 2733
5036 2 2 0 3 2734 2733 2284
5037 2 2 0 3 2214 2735 2737
5038 2 2 0 3 2735 2736 2737
5039 2 2 0 3 2735 2216 2736
5040 2 2 0 3 2737 2736 2217
5041 2 2 0 3 2176 2725 2738
5042 2 2 0 3 2725 2655 2738
5043 2 2 0 3 2725 2175 2655
5044 2 2 0 3 2738 2655 2177
5045 2 2 0 3 2200 2739 2740
5046 2 2 0 3 2739 2661 2740
5047 2 2 0 3 2739 2201 2661
5048 2 2 0 3 2740 2661 2202
5049 2 2 0 3 2199 2693 2638
5050 2 2 0 3 2693 2741 2638
5051 2 2 0 3 2693 2200 2741
5052 2 2 0 3 2638 2741 2204
5053 2 2 0 3 2210 2728 2743
5054 2 2 0 3 2728 2742 2743
5055 2 2 0 3 2728 2230 2742
5056 2 2 0 3 2743 2742 2232
5057 2 2 0 3 2171 2694 2744
5058 2 2 0 3 2694 2485 2744
5059 2 2 0 3 2694 2181 2485
5060 2 2 0 3 2744 2485 2279
5061 2 2 0 3 2201 2745 2747
5062 2 2 0 3 2745 2746 2747
5063 2 2 0 3 2745 2198 2746
5064 2 2 0 3 2747 2746 2283
5065 2 2 0 3 2176 2738 2615
5066 2 2 0 3 2738 2748 2615
5067 2 2 0 3 2738 2177 2748
5068 2 2 0 3 2615 2748 2178
5069 2 2 0 3 295 285 2750
5070 2 2 0 3 285 2749 2750
5071 2 2 0 3 285 294 2749
5072 2 2 0 3 2750 2749 2281
5073 2 2 0 3 2151 2751 2752
5074 2 2 0 3 2751 2704 2752
5075 2 2 0 3 2751 110 2704
5076 2 2 0 3 2752 2704 2273
5077 2 2 0 3 109 90 2730
5078 2 2 0 3 90 2751 2730
5079 2 2 0 3 90 110 2751
5080 2 2 0 3 2730 2751 2151
5081 2 2 0 3 2203 2662 2754
5082 2 2 0 3 2662 2753 2754
5083 2 2 0 3 2662 2201 2753
5084 2 2 0 3 2754 2753 2211
5085 2 2 0 3 2145 2717 2755
5086 2 2 0 3 2717 2750 2755
5087 2 2 0 3 2717 295 2750
5088 2 2 0 3 2755 2750 2281
5089 2 2 0 3 2200 2692 2739
5090 2 2 0 3 2692 2745 2739
5091 2 2 0 3 2692 2198 2745
5092 2 2 0 3 2739 2745 2201
5093 2 2 0 3 2179 2756 2757
5094 2 2 0 3 2756 2651 2757
5095 2 2 0 3 2756 2177 2651
5096 2 2 0 3 2757 2651 2185
5097 2 2 0 3 2170 2625 2758
5098 2 2 0 3 2625 2744 2758
5099 2 2 0 3 2625 2171 2744
5100 2 2 0 3 2758 2744 2279
5101 2 2 0 3 294 284 2760
5102 2 2 0 3 284 2759 2760
5103 2 2 0 3 284 293 2759
5104 2 2 0 3 2760 2759 2153
5105 2 2 0 3 2206 2761 2762
5106 2 2 0 3 2761 2632 2762
5107 2 2 0 3 2761 2214 2632
5108 2 2 0 3 2762 2632 2286
5109 2 2 0 3 2214 2737 2633
5110 2 2 0 3 2737 2763 2633
5111 2 2 0 3 2737 2217 2763
5112 2 2 0 3 2633 2763 2287
5113 2 2 0 3 2206 2764 2761
5114 2 2 0 3 2764 2765 2761
5115 2 2 0 3 2764 2209 2765
5116 2 2 0 3 2761 2765 2214
5117 2 2 0 3 2211 2753 2766
5118 2 2 0 3 2753 2747 2766
5119 2 2 0 3 2753 2201 2747
5120 2 2 0 3 2766 2747 2283
5121 2 2 0 3 2291 2767 2769
5122 2 2 0 3 2767 2768 2769
5123 2 2 0 3 2767 2236 2768
5124 2 2 0 3 2769 2768 2293
5125 2 2 0 3 317 308 2770
5126 2 2 0 3 308 2682 2770
5127 2 2 0 3 308 318 2682
5128 2 2 0 3 2770 2682 2288
5129 2 2 0 3 2183 2771 2573
5130 2 2 0 3 2771 2758 2573
5131 2 2 0 3 2771 2170 2758
5132 2 2 0 3 2573 2758 2279
5133 2 2 0 3 2198 2772 2746
5134 2 2 0 3 2772 2773 2746
5135 2 2 0 3 2772 2197 2773
5136 2 2 0 3 2746 2773 2283
5137 2 2 0 3 2162 2528 2775
5138 2 2 0 3 2528 2774 2775
5139 2 2 0 3 2528 2137 2774
5140 2 2 0 3 2775 2774 2294
5141 2 2 0 3 294 2760 2749
5142 2 2 0 3 2760 2426 2749
5143 2 2 0 3 2760 2153 2426
5144 2 2 0 3 2749 2426 2281
5145 2 2 0 3 2209 2776 2777
5146 2 2 0 3 2776 2726 2777
5147 2 2 0 3 2776 2207 2726
5148 2 2 0 3 2777 2726 2210
5149 2 2 0 3 225 205 2779
5150 2 2 0 3 205 2778 2779
5151 2 2 0 3 205 234 2778
5152 2 2 0 3 2779 2778 2158
5153 2 2 0 3 2210 2743 2781
5154 2 2 0 3 2743 2780 2781
5155 2 2 0 3 2743 2232 2780
5156 2 2 0 3 2781 2780 2233
5157 2 2 0 3 2206 2782 2784
5158 2 2 0 3 2782 2783 2784
5159 2 2 0 3 2782 2205 2783
5160 2 2 0 3 2784 2783 2207
5161 2 2 0 3 2200 2740 2786
5162 2 2 0 3 2740 2785 2786
5163 2 2 0 3 2740 2202 2785
5164 2 2 0 3 2786 2785 2286
5165 2 2 0 3 2202 2712 2787
5166 2 2 0 3 2712 2782 2787
5167 2 2 0 3 2712 2205 2782
5168 2 2 0 3 2787 2782 2206
5169 2 2 0 3 2214 2765 2735
5170 2 2 0 3 2765 2788 2735
5171 2 2 0 3 2765 2209 2788
5172 2 2 0 3 2735 2788 2216
5173 2 2 0 3 2302 2789 2468
5174 2 2 0 3 2789 2790 2468
5175 2 2 0 3 2789 2141 2790
5176 2 2 0 3 2468 2790 2304
5177 2 2 0 3 2186 2680 2792
5178 2 2 0 3 2680 2791 2792
5179 2 2 0 3 2680 2218 2791
5180 2 2 0 3 2792 2791 2220
5181 2 2 0 3 2196 2793 2676
5182 2 2 0 3 2793 2772 2676
5183 2 2 0 3 2793 2197 2772
5184 2 2 0 3 2676 2772 2198
5185 2 2 0 3 2206 2784 2764
5186 2 2 0 3 2784 2776 2764
5187 2 2 0 3 2784 2207 2776
5188 2 2 0 3 2764 2776 2209
5189 2 2 0 3 2204 2642 2795
5190 2 2 0 3 2642 2794 2795
5191 2 2 0 3 2642 2287 2794
5192 2 2 0 3 2795 2794 2303
5193 2 2 0 3 2178 2796 2658
5194 2 2 0 3 2796 2797 2658
5195 2 2 0 3 2796 2179 2797
5196 2 2 0 3 2658 2797 2180
5197 2 2 0 3 226 206 2799
5198 2 2 0 3 206 2798 2799
5199 2 2 0 3 206 225 2798
5200 2 2 0 3 2799 2798 2285
5201 2 2 0 3 2254 2558 2800
5202 2 2 0 3 2558 2769 2800
5203 2 2 0 3 2558 2291 2769
5204 2 2 0 3 2800 2769 2293
5205 2 2 0 3 2179 2757 2801
5206 2 2 0 3 2757 2679 2801
5207 2 2 0 3 2757 2185 2679
5208 2 2 0 3 2801 2679 2186
5209 2 2 0 3 2172 2802 2803
5210 2 2 0 3 2802 2771 2803
5211 2 2 0 3 2802 2170 2771
5212 2 2 0 3 2803 2771 2183
5213 2 2 0 3 2204 2741 2641
5214 2 2 0 3 2741 2786 2641
5215 2 2 0 3 2741 2200 2786
5216 2 2 0 3 2641 2786 2286
5217 2 2 0 3 2280 2705 2592
5218 2 2 0 3 2705 2804 2592
5219 2 2 0 3 2705 2235 2804
5220 2 2 0 3 2592 2804 2291
5221 2 2 0 3 2202 2787 2785
5222 2 2 0 3 2787 2762 2785
5223 2 2 0 3 2787 2206 2762
5224 2 2 0 3 2785 2762 2286
5225 2 2 0 3 2195 2805 2807
5226 2 2 0 3 2805 2806 2807
5227 2 2 0 3 2805 2193 2806
5228 2 2 0 3 2807 2806 2224
5229 2 2 0 3 227 207 2809
5230 2 2 0 3 207 2808 2809
5231 2 2 0 3 207 226 2808
5232 2 2 0 3 2809 2808 2146
5233 2 2 0 3 2225 2810 2812
5234 2 2 0 3 2810 2811 2812
5235 2 2 0 3 2810 2166 2811
5236 2 2 0 3 2812 2811 2227
5237 2 2 0 3 2261 2527 2814
5238 2 2 0 3 2527 2813 2814
5239 2 2 0 3 2527 2148 2813
5240 2 2 0 3 2814 2813 2288
5241 2 2 0 3 2184 2815 2816
5242 2 2 0 3 2815 2582 2816
5243 2 2 0 3 2815 2183 2582
5244 2 2 0 3 2816 2582 2192
5245 2 2 0 3 2178 2748 2796
5246 2 2 0 3 2748 2756 2796
5247 2 2 0 3 2748 2177 2756
5248 2 2 0 3 2796 2756 2179
5249 2 2 0 3 2164 2817 2818
5250 2 2 0 3 2817 2607 2818
5251 2 2 0 3 2817 2163 2607
5252 2 2 0 3 2818 2607 2165
5253 2 2 0 3 2137 2722 2774
5254 2 2 0 3 2722 2819 2774
5255 2 2 0 3 2722 232 2819
5256 2 2 0 3 2774 2819 2294
5257 2 2 0 3 2168 2675 2820
5258 2 2 0 3 2675 2802 2820
5259 2 2 0 3 2675 2170 2802
5260 2 2 0 3 2820 2802 2172
5261 2 2 0 3 2161 2709 2821
5262 2 2 0 3 2709 2817 2821
5263 2 2 0 3 2709 2163 2817
5264 2 2 0 3 2821 2817 2164
5265 2 2 0 3 2271 2822 2823
5266 2 2 0 3 2822 2538 2823
5267 2 2 0 3 2822 2294 2538
5268 2 2 0 3 2823 2538 2298
5269 2 2 0 3 2187 2729 2825
5270 2 2 0 3 2729 2824 2825
5271 2 2 0 3 2729 2180 2824
5272 2 2 0 3 2825 2824 2212
5273 2 2 0 3 2287 2763 2826
5274 2 2 0 3 2763 2451 2826
5275 2 2 0 3 2763 2217 2451
5276 2 2 0 3 2826 2451 2311
5277 2 2 0 3 316 307 2566
5278 2 2 0 3 307 2827 2566
5279 2 2 0 3 307 317 2827
5280 2 2 0 3 2566 2827 2148
5281 2 2 0 3 291 290 2829
5282 2 2 0 3 290 2828 2829
5283 2 2 0 3 290 299 2828
5284 2 2 0 3 2829 2828 2157
5285 2 2 0 3 2150 2481 2830
5286 2 2 0 3 2481 2543 2830
5287 2 2 0 3 2481 107 2543
5288 2 2 0 3 2830 2543 2239
5289 2 2 0 3 2235 2701 2804
5290 2 2 0 3 2701 2767 2804
5291 2 2 0 3 2701 2236 2767
5292 2 2 0 3 2804 2767 2291
5293 2 2 0 3 2186 2792 2832
5294 2 2 0 3 2792 2831 2832
5295 2 2 0 3 2792 2220 2831
5296 2 2 0 3 2832 2831 2221
5297 2 2 0 3 2310 2833 2450
5298 2 2 0 3 2833 2834 2450
5299 2 2 0 3 2833 2241 2834
5300 2 2 0 3 2450 2834 2311
5301 2 2 0 3 2196 2835 2793
5302 2 2 0 3 2835 2836 2793
5303 2 2 0 3 2835 2195 2836
5304 2 2 0 3 2793 2836 2197
5305 2 2 0 3 2237 2552 2837
5306 2 2 0 3 2552 2800 2837
5307 2 2 0 3 2552 2254 2800
5308 2 2 0 3 2837 2800 2293
5309 2 2 0 3 2215 2838 2840
5310 2 2 0 3 2838 2839 2840
5311 2 2 0 3 2838 2225 2839
5312 2 2 0 3 2840 2839 2226
5313 2 2 0 3 2227 2811 2842
5314 2 2 0 3 2811 2841 2842
5315 2 2 0 3 2811 2166 2841
5316 2 2 0 3 2842 2841 2290
5317 2 2 0 3 2301 2639 2843
5318 2 2 0 3 2639 2795 2843
5319 2 2 0 3 2639 2204 2795
5320 2 2 0 3 2843 2795 2303
5321 2 2 0 3 2194 2844 2845
5322 2 2 0 3 2844 2835 2845
5323 2 2 0 3 2844 2195 2835
5324 2 2 0 3 2845 2835 2196
5325 2 2 0 3 2221 2831 2847
5326 2 2 0 3 2831 2846 2847
5327 2 2 0 3 2831 2220 2846
5328 2 2 0 3 2847 2846 2229
5329 2 2 0 3 2224 2806 2849
5330 2 2 0 3 2806 2848 2849
5331 2 2 0 3 2806 2193 2848
5332 2 2 0 3 2849 2848 2284
5333 2 2 0 3 2212 2850 2434
5334 2 2 0 3 2850 2851 2434
5335 2 2 0 3 2850 2292 2851
5336 2 2 0 3 2434 2851 2295
5337 2 2 0 3 2193 2852 2848
5338 2 2 0 3 2852 2734 2848
5339 2 2 0 3 2852 2192 2734
5340 2 2 0 3 2848 2734 2284
5341 2 2 0 3 2146 2808 2853
5342 2 2 0 3 2808 2799 2853
5343 2 2 0 3 2808 226 2799
5344 2 2 0 3 2853 2799 2285
5345 2 2 0 3 2148 2827 2813
5346 2 2 0 3 2827 2770 2813
5347 2 2 0 3 2827 317 2770
5348 2 2 0 3 2813 2770 2288
5349 2 2 0 3 2194 2854 2844
5350 2 2 0 3 2854 2805 2844
5351 2 2 0 3 2854 2193 2805
5352 2 2 0 3 2844 2805 2195
5353 2 2 0 3 225 2779 2798
5354 2 2 0 3 2779 2855 2798
5355 2 2 0 3 2779 2158 2855
5356 2 2 0 3 2798 2855 2285
5357 2 2 0 3 2215 2856 2838
5358 2 2 0 3 2856 2810 2838
5359 2 2 0 3 2856 2166 2810
5360 2 2 0 3 2838 2810 2225
5361 2 2 0 3 2184 2857 2858
5362 2 2 0 3 2857 2854 2858
5363 2 2 0 3 2857 2193 2854
5364 2 2 0 3 2858 2854 2194
5365 2 2 0 3 2221 2847 2860
5366 2 2 0 3 2847 2859 2860
5367 2 2 0 3 2847 2229 2859
5368 2 2 0 3 2860 2859 2231
5369 2 2 0 3 2164 2861 2862
5370 2 2 0 3 2861 2856 2862
5371 2 2 0 3 2861 2166 2856
5372 2 2 0 3 2862 2856 2215
5373 2 2 0 3 2165 2707 2864
5374 2 2 0 3 2707 2863 2864
5375 2 2 0 3 2707 2168 2863
5376 2 2 0 3 2864 2863 2290
5377 2 2 0 3 2212 2824 2850
5378 2 2 0 3 2824 2865 2850
5379 2 2 0 3 2824 2180 2865
5380 2 2 0 3 2850 2865 2292
5381 2 2 0 3 2172 2803 2866
5382 2 2 0 3 2803 2815 2866
5383 2 2 0 3 2803 2183 2815
5384 2 2 0 3 2866 2815 2184
5385 2 2 0 3 2180 2797 2865
5386 2 2 0 3 2797 2867 2865
5387 2 2 0 3 2797 2179 2867
5388 2 2 0 3 2865 2867 2292
5389 2 2 0 3 2164 2818 2861
5390 2 2 0 3 2818 2868 2861
5391 2 2 0 3 2818 2165 2868
5392 2 2 0 3 2861 2868 2166
5393 2 2 0 3 2292 2869 2851
5394 2 2 0 3 2869 2870 2851
5395 2 2 0 3 2869 2221 2870
5396 2 2 0 3 2851 2870 2295
5397 2 2 0 3 2184 2816 2857
5398 2 2 0 3 2816 2852 2857
5399 2 2 0 3 2816 2192 2852
5400 2 2 0 3 2857 2852 2193
5401 2 2 0 3 2186 2832 2871
5402 2 2 0 3 2832 2869 2871
5403 2 2 0 3 2832 2221 2869
5404 2 2 0 3 2871 2869 2292
5405 2 2 0 3 2160 2475 2472
5406 2 2 0 3 2475 2872 2472
5407 2 2 0 3 2475 2161 2872
5408 2 2 0 3 2472 2872 2297
5409 2 2 0 3 232 212 2819
5410 2 2 0 3 212 2536 2819
5411 2 2 0 3 212 231 2536
5412 2 2 0 3 2819 2536 2294
5413 2 2 0 3 2271 2636 2822
5414 2 2 0 3 2636 2775 2822
5415 2 2 0 3 2636 2162 2775
5416 2 2 0 3 2822 2775 2294
5417 2 2 0 3 2179 2801 2867
5418 2 2 0 3 2801 2871 2867
5419 2 2 0 3 2801 2186 2871
5420 2 2 0 3 2867 2871 2292
5421 2 2 0 3 298 288 2874
5422 2 2 0 3 288 2873 2874
5423 2 2 0 3 288 297 2873
5424 2 2 0 3 2874 2873 2149
5425 2 2 0 3 231 211 2537
5426 2 2 0 3 211 2875 2537
5427 2 2 0 3 211 230 2875
5428 2 2 0 3 2537 2875 2298
5429 2 2 0 3 2166 2868 2841
5430 2 2 0 3 2868 2864 2841
5431 2 2 0 3 2868 2165 2864
5432 2 2 0 3 2841 2864 2290
5433 2 2 0 3 2168 2820 2863
5434 2 2 0 3 2820 2876 2863
5435 2 2 0 3 2820 2172 2876
5436 2 2 0 3 2863 2876 2290
5437 2 2 0 3 2296 2877 2879
5438 2 2 0 3 2877 2878 2879
5439 2 2 0 3 2877 2194 2878
5440 2 2 0 3 2879 2878 2300
5441 2 2 0 3 2196 2678 2881
5442 2 2 0 3 2678 2880 2881
5443 2 2 0 3 2678 2199 2880
5444 2 2 0 3 2881 2880 2300
5445 2 2 0 3 2221 2860 2870
5446 2 2 0 3 2860 2882 2870
5447 2 2 0 3 2860 2231 2882
5448 2 2 0 3 2870 2882 2295
5449 2 2 0 3 2219 2611 2883
5450 2 2 0 3 2611 2469 2883
5451 2 2 0 3 2611 2275 2469
5452 2 2 0 3 2883 2469 2304
5453 2 2 0 3 2161 2821 2872
5454 2 2 0 3 2821 2884 2872
5455 2 2 0 3 2821 2164 2884
5456 2 2 0 3 2872 2884 2297
5457 2 2 0 3 2227 2885 2886
5458 2 2 0 3 2885 2879 2886
5459 2 2 0 3 2885 2296 2879
5460 2 2 0 3 2886 2879 2300
5461 2 2 0 3 2184 2858 2887
5462 2 2 0 3 2858 2877 2887
5463 2 2 0 3 2858 2194 2877
5464 2 2 0 3 2887 2877 2296
5465 2 2 0 3 2267 2452 2548
5466 2 2 0 3 2452 2888 2548
5467 2 2 0 3 2452 2216 2888
5468 2 2 0 3 2548 2888 2307
5469 2 2 0 3 2227 2842 2885
5470 2 2 0 3 2842 2889 2885
5471 2 2 0 3 2842 2290 2889
5472 2 2 0 3 2885 2889 2296
5473 2 2 0 3 2290 2876 2889
5474 2 2 0 3 2876 2890 2889
5475 2 2 0 3 2876 2172 2890
5476 2 2 0 3 2889 2890 2296
5477 2 2 0 3 2172 2866 2890
5478 2 2 0 3 2866 2887 2890
5479 2 2 0 3 2866 2184 2887
5480 2 2 0 3 2890 2887 2296
5481 2 2 0 3 2275 2561 2467
5482 2 2 0 3 2561 2891 2467
5483 2 2 0 3 2561 2272 2891
5484 2 2 0 3 2467 2891 2302
5485 2 2 0 3 230 2724 2875
5486 2 2 0 3 2724 2892 2875
5487 2 2 0 3 2724 2141 2892
5488 2 2 0 3 2875 2892 2298
5489 2 2 0 3 2297 2893 2499
5490 2 2 0 3 2893 2894 2499
5491 2 2 0 3 2893 2215 2894
5492 2 2 0 3 2499 2894 2299
5493 2 2 0 3 2164 2862 2884
5494 2 2 0 3 2862 2893 2884
5495 2 2 0 3 2862 2215 2893
5496 2 2 0 3 2884 2893 2297
5497 2 2 0 3 2262 2664 2466
5498 2 2 0 3 2664 2895 2466
5499 2 2 0 3 2664 2152 2895
5500 2 2 0 3 2466 2895 2305
5501 2 2 0 3 2141 2723 2897
5502 2 2 0 3 2723 2896 2897
5503 2 2 0 3 2723 229 2896
5504 2 2 0 3 2897 2896 2306
5505 2 2 0 3 2215 2840 2894
5506 2 2 0 3 2840 2448 2894
5507 2 2 0 3 2840 2226 2448
5508 2 2 0 3 2894 2448 2299
5509 2 2 0 3 2194 2845 2878
5510 2 2 0 3 2845 2881 2878
5511 2 2 0 3 2845 2196 2881
5512 2 2 0 3 2878 2881 2300
5513 2 2 0 3 2272 2657 2891
5514 2 2 0 3 2657 2898 2891
5515 2 2 0 3 2657 2271 2898
5516 2 2 0 3 2891 2898 2302
5517 2 2 0 3 2140 2534 2900
5518 2 2 0 3 2534 2899 2900
5519 2 2 0 3 2534 2240 2899
5520 2 2 0 3 2900 2899 2310
5521 2 2 0 3 2300 2880 2901
5522 2 2 0 3 2880 2640 2901
5523 2 2 0 3 2880 2199 2640
5524 2 2 0 3 2901 2640 2301
5525 2 2 0 3 2225 2812 2903
5526 2 2 0 3 2812 2902 2903
5527 2 2 0 3 2812 2227 2902
5528 2 2 0 3 2903 2902 2301
5529 2 2 0 3 2210 2781 2904
5530 2 2 0 3 2781 2462 2904
5531 2 2 0 3 2781 2233 2462
5532 2 2 0 3 2904 2462 2307
5533 2 2 0 3 2216 2788 2888
5534 2 2 0 3 2788 2905 2888
5535 2 2 0 3 2788 2209 2905
5536 2 2 0 3 2888 2905 2307
5537 2 2 0 3 2220 2906 2908
5538 2 2 0 3 2906 2907 2908
5539 2 2 0 3 2906 2312 2907
5540 2 2 0 3 2908 2907 2313
5541 2 2 0 3 2225 2903 2909
5542 2 2 0 3 2903 2843 2909
5543 2 2 0 3 2903 2301 2843
5544 2 2 0 3 2909 2843 2303
5545 2 2 0 3 2226 2839 2910
5546 2 2 0 3 2839 2909 2910
5547 2 2 0 3 2839 2225 2909
5548 2 2 0 3 2910 2909 2303
5549 2 2 0 3 2228 2620 2911
5550 2 2 0 3 2620 2883 2911
5551 2 2 0 3 2620 2219 2883
5552 2 2 0 3 2911 2883 2304
5553 2 2 0 3 227 2809 2913
5554 2 2 0 3 2809 2912 2913
5555 2 2 0 3 2809 2146 2912
5556 2 2 0 3 2913 2912 2308
5557 2 2 0 3 2271 2823 2898
5558 2 2 0 3 2823 2914 2898
5559 2 2 0 3 2823 2298 2914
5560 2 2 0 3 2898 2914 2302
5561 2 2 0 3 2227 2886 2902
5562 2 2 0 3 2886 2901 2902
5563 2 2 0 3 2886 2300 2901
5564 2 2 0 3 2902 2901 2301
5565 2 2 0 3 2220 2791 2906
5566 2 2 0 3 2791 2915 2906
5567 2 2 0 3 2791 2218 2915
5568 2 2 0 3 2906 2915 2312
5569 2 2 0 3 2304 2790 2916
5570 2 2 0 3 2790 2897 2916
5571 2 2 0 3 2790 2141 2897
5572 2 2 0 3 2916 2897 2306
5573 2 2 0 3 2298 2892 2914
5574 2 2 0 3 2892 2789 2914
5575 2 2 0 3 2892 2141 2789
5576 2 2 0 3 2914 2789 2302
5577 2 2 0 3 2241 2447 2834
5578 2 2 0 3 2447 2917 2834
5579 2 2 0 3 2447 2226 2917
5580 2 2 0 3 2834 2917 2311
5581 2 2 0 3 2152 2644 2895
5582 2 2 0 3 2644 2547 2895
5583 2 2 0 3 2644 2267 2547
5584 2 2 0 3 2895 2547 2305
5585 2 2 0 3 229 209 2896
5586 2 2 0 3 209 2918 2896
5587 2 2 0 3 209 228 2918
5588 2 2 0 3 2896 2918 2306
5589 2 2 0 3 2303 2794 2919
5590 2 2 0 3 2794 2826 2919
5591 2 2 0 3 2794 2287 2826
5592 2 2 0 3 2919 2826 2311
5593 2 2 0 3 2306 2918 2921
5594 2 2 0 3 2918 2920 2921
5595 2 2 0 3 2918 228 2920
5596 2 2 0 3 2921 2920 2308
5597 2 2 0 3 2309 2568 2922
5598 2 2 0 3 2568 2900 2922
5599 2 2 0 3 2568 2140 2900
5600 2 2 0 3 2922 2900 2310
5601 2 2 0 3 2228 2923 2924
5602 2 2 0 3 2923 2921 2924
5603 2 2 0 3 2923 2306 2921
5604 2 2 0 3 2924 2921 2308
5605 2 2 0 3 2209 2777 2905
5606 2 2 0 3 2777 2904 2905
5607 2 2 0 3 2777 2210 2904
5608 2 2 0 3 2905 2904 2307
5609 2 2 0 3 228 208 2920
5610 2 2 0 3 208 2913 2920
5611 2 2 0 3 208 227 2913
5612 2 2 0 3 2920 2913 2308
5613 2 2 0 3 2217 2736 2925
5614 2 2 0 3 2736 2453 2925
5615 2 2 0 3 2736 2216 2453
5616 2 2 0 3 2925 2453 2309
5617 2 2 0 3 2240 2498 2899
5618 2 2 0 3 2498 2833 2899
5619 2 2 0 3 2498 2241 2833
5620 2 2 0 3 2899 2833 2310
5621 2 2 0 3 2228 2911 2923
5622 2 2 0 3 2911 2916 2923
5623 2 2 0 3 2911 2304 2916
5624 2 2 0 3 2923 2916 2306
5625 2 2 0 3 2312 2926 2907
5626 2 2 0 3 2926 2927 2907
5627 2 2 0 3 2926 2146 2927
5628 2 2 0 3 2907 2927 2313
5629 2 2 0 3 2308 2912 2928
5630 2 2 0 3 2912 2926 2928
5631 2 2 0 3 2912 2146 2926
5632 2 2 0 3 2928 2926 2312
5633 2 2 0 3 2218 2621 2915
5634 2 2 0 3 2621 2929 2915
5635 2 2 0 3 2621 2228 2929
5636 2 2 0 3 2915 2929 2312
5637 2 2 0 3 2229 2846 2930
5638 2 2 0 3 2846 2908 2930
5639 2 2 0 3 2846 2220 2908
5640 2 2 0 3 2930 2908 2313
5641 2 2 0 3 2226 2910 2917
5642 2 2 0 3 2910 2919 2917
5643 2 2 0 3 2910 2303 2919
5644 2 2 0 3 2917 2919 2311
5645 2 2 0 3 2217 2925 2449
5646 2 2 0 3 2925 2922 2449
5647 2 2 0 3 2925 2309 2922
5648 2 2 0 3 2449 2922 2310
5649 2 2 0 3 2229 2930 2932
5650 2 2 0 3 2930 2931 2932
5651 2 2 0 3 2930 2313 2931
5652 2 2 0 3 2932 2931 2314
5653 2 2 0 3 2228 2924 2929
5654 2 2 0 3 2924 2928 2929
5655 2 2 0 3 2924 2308 2928
5656 2 2 0 3 2929 2928 2312
5657 2 2 0 3 2146 2853 2927
5658 2 2 0 3 2853 2933 2927
5659 2 2 0 3 2853 2285 2933
5660 2 2 0 3 2927 2933 2313
5661 2 2 0 3 2313 2933 2931
5662 2 2 0 3 2933 2934 2931
5663 2 2 0 3 2933 2285 2934
5664 2 2 0 3 2931 2934 2314
5665 2 2 0 3 2285 2855 2934
5666 2 2 0 3 2855 2385 2934
5667 2 2 0 3 2855 2158 2385
5668 2 2 0 3 2934 2385 2314
5669 2 2 0 3 2245 2507 2396
5670 2 2 0 3 2507 2935 2396
5671 2 2 0 3 2507 2155 2935
5672 2 2 0 3 2396 2935 2315
5673 2 2 0 3 124 105 2937
5674 2 2 0 3 105 2936 2937
5675 2 2 0 3 105 125 2936
5676 2 2 0 3 2937 2936 2315
5677 2 2 0 3 117 88 2939
5678 2 2 0 3 88 2938 2939
5679 2 2 0 3 88 108 2938
5680 2 2 0 3 2939 2938 2316
5681 2 2 0 3 311 302 2941
5682 2 2 0 3 302 2940 2941
5683 2 2 0 3 302 312 2940
5684 2 2 0 3 2941 2940 2317
5685 2 2 0 3 293 283 2943
5686 2 2 0 3 283 2942 2943
5687 2 2 0 3 283 292 2942
5688 2 2 0 3 2943 2942 2318
5689 2 2 0 3 2249 2420 2944
5690 2 2 0 3 2420 2418 2944
5691 2 2 0 3 2420 2251 2418
5692 2 2 0 3 2944 2418 2324
5693 2 2 0 3 2261 2814 2423
5694 2 2 0 3 2814 2945 2423
5695 2 2 0 3 2814 2288 2945
5696 2 2 0 3 2423 2945 2319
5697 2 2 0 3 2250 2381 2372
5698 2 2 0 3 2381 2946 2372
5699 2 2 0 3 2381 2149 2946
5700 2 2 0 3 2372 2946 2343
5701 2 2 0 3 2145 2755 2403
5702 2 2 0 3 2755 2415 2403
5703 2 2 0 3 2755 2281 2415
5704 2 2 0 3 2403 2415 2342
5705 2 2 0 3 2187 2825 2948
5706 2 2 0 3 2825 2947 2948
5707 2 2 0 3 2825 2212 2947
5708 2 2 0 3 2948 2947 2320
5709 2 2 0 3 2155 2560 2935
5710 2 2 0 3 2560 2937 2935
5711 2 2 0 3 2560 124 2937
5712 2 2 0 3 2935 2937 2315
5713 2 2 0 3 108 2684 2938
5714 2 2 0 3 2684 2949 2938
5715 2 2 0 3 2684 2276 2949
5716 2 2 0 3 2938 2949 2316
5717 2 2 0 3 312 2559 2940
5718 2 2 0 3 2559 2353 2940
5719 2 2 0 3 2559 2154 2353
5720 2 2 0 3 2940 2353 2317
5721 2 2 0 3 2153 2759 2355
5722 2 2 0 3 2759 2943 2355
5723 2 2 0 3 2759 293 2943
5724 2 2 0 3 2355 2943 2318
5725 2 2 0 3 2205 2590 2950
5726 2 2 0 3 2590 2427 2950
5727 2 2 0 3 2590 2208 2427
5728 2 2 0 3 2950 2427 2321
5729 2 2 0 3 2230 2727 2393
5730 2 2 0 3 2727 2951 2393
5731 2 2 0 3 2727 2207 2951
5732 2 2 0 3 2393 2951 2321
5733 2 2 0 3 2239 2479 2411
5734 2 2 0 3 2479 2952 2411
5735 2 2 0 3 2479 2139 2952
5736 2 2 0 3 2411 2952 2322
5737 2 2 0 3 2253 2580 2408
5738 2 2 0 3 2580 2953 2408
5739 2 2 0 3 2580 2252 2953
5740 2 2 0 3 2408 2953 2323
5741 2 2 0 3 2247 2706 2405
5742 2 2 0 3 2706 2954 2405
5743 2 2 0 3 2706 2246 2954
5744 2 2 0 3 2405 2954 2324
5745 2 2 0 3 2157 2828 2374
5746 2 2 0 3 2828 2955 2374
5747 2 2 0 3 2828 299 2955
5748 2 2 0 3 2374 2955 2331
5749 2 2 0 3 298 2874 2956
5750 2 2 0 3 2874 2433 2956
5751 2 2 0 3 2874 2149 2433
5752 2 2 0 3 2956 2433 2331
5753 2 2 0 3 2195 2807 2958
5754 2 2 0 3 2807 2957 2958
5755 2 2 0 3 2807 2224 2957
5756 2 2 0 3 2958 2957 2338
5757 2 2 0 3 2203 2754 2960
5758 2 2 0 3 2754 2959 2960
5759 2 2 0 3 2754 2211 2959
5760 2 2 0 3 2960 2959 2339
5761 2 2 0 3 2263 2454 2359
5762 2 2 0 3 2454 2961 2359
5763 2 2 0 3 2454 2233 2961
5764 2 2 0 3 2359 2961 2340
5765 2 2 0 3 2229 2932 2962
5766 2 2 0 3 2932 2358 2962
5767 2 2 0 3 2932 2314 2358
5768 2 2 0 3 2962 2358 2341
5769 2 2 0 3 296 2718 2963
5770 2 2 0 3 2718 2373 2963
5771 2 2 0 3 2718 2145 2373
5772 2 2 0 3 2963 2373 2343
5773 2 2 0 3 2149 2873 2946
5774 2 2 0 3 2873 2964 2946
5775 2 2 0 3 2873 297 2964
5776 2 2 0 3 2946 2964 2343
5777 2 2 0 3 2242 2517 2421
5778 2 2 0 3 2517 2965 2421
5779 2 2 0 3 2517 2144 2965
5780 2 2 0 3 2421 2965 2344
5781 2 2 0 3 310 300 2967
5782 2 2 0 3 300 2966 2967
5783 2 2 0 3 300 2 2966
5784 2 2 0 3 2967 2966 2345
5785 2 2 0 3 8 223 2969
5786 2 2 0 3 223 2968 2969
5787 2 2 0 3 223 242 2968
5788 2 2 0 3 2969 2968 2346
5789 2 2 0 3 292 282 2970
5790 2 2 0 3 282 2969 2970
5791 2 2 0 3 282 8 2969
5792 2 2 0 3 2970 2969 2346
5793 2 2 0 3 2 97 2966
5794 2 2 0 3 97 2971 2966
5795 2 2 0 3 97 117 2971
5796 2 2 0 3 2966 2971 2345
5797 2 2 0 3 4 281 2973
5798 2 2 0 3 281 2972 2973
5799 2 2 0 3 281 291 2972
5800 2 2 0 3 2973 2972 2347
5801 2 2 0 3 6 301 2975
5802 2 2 0 3 301 2974 2975
5803 2 2 0 3 301 311 2974
5804 2 2 0 3 2975 2974 2348
5805 2 2 0 3 234 214 2976
5806 2 2 0 3 214 2975 2976
5807 2 2 0 3 214 6 2975
5808 2 2 0 3 2976 2975 2348
5809 2 2 0 3 125 106 2977
5810 2 2 0 3 106 2973 2977
5811 2 2 0 3 106 4 2973
5812 2 2 0 3 2977 2973 2347
5813 2 2 0 3 2288 2681 2945
5814 2 2 0 3 2681 2402 2945
5815 2 2 0 3 2681 2156 2402
5816 2 2 0 3 2945 2402 2319
5817 2 2 0 3 2191 2719 2362
5818 2 2 0 3 2719 2948 2362
5819 2 2 0 3 2719 2187 2948
5820 2 2 0 3 2362 2948 2320
5821 2 2 0 3 2289 2430 2979
5822 2 2 0 3 2430 2978 2979
5823 2 2 0 3 2430 2295 2978
5824 2 2 0 3 2979 2978 2344
5825 2 2 0 3 2224 2438 2957
5826 2 2 0 3 2438 2980 2957
5827 2 2 0 3 2438 2322 2980
5828 2 2 0 3 2957 2980 2338
5829 2 2 0 3 2211 2436 2959
5830 2 2 0 3 2436 2981 2959
5831 2 2 0 3 2436 2323 2981
5832 2 2 0 3 2959 2981 2339
5833 2 2 0 3 2207 2783 2951
5834 2 2 0 3 2783 2950 2951
5835 2 2 0 3 2783 2205 2950
5836 2 2 0 3 2951 2950 2321
5837 2 2 0 3 2139 2610 2952
5838 2 2 0 3 2610 2982 2952
5839 2 2 0 3 2610 2257 2982
5840 2 2 0 3 2952 2982 2322
5841 2 2 0 3 2252 2525 2953
5842 2 2 0 3 2525 2983 2953
5843 2 2 0 3 2525 2247 2983
5844 2 2 0 3 2953 2983 2323
5845 2 2 0 3 2246 2556 2954
5846 2 2 0 3 2556 2944 2954
5847 2 2 0 3 2556 2249 2944
5848 2 2 0 3 2954 2944 2324
5849 2 2 0 3 2295 2882 2978
5850 2 2 0 3 2882 2422 2978
5851 2 2 0 3 2882 2231 2422
5852 2 2 0 3 2978 2422 2344
5853 2 2 0 3 2251 2419 2399
5854 2 2 0 3 2419 2369 2399
5855 2 2 0 3 2419 2250 2369
5856 2 2 0 3 2399 2369 2325
5857 2 2 0 3 2232 2742 2414
5858 2 2 0 3 2742 2984 2414
5859 2 2 0 3 2742 2230 2984
5860 2 2 0 3 2414 2984 2342
5861 2 2 0 3 2257 2985 2987
5862 2 2 0 3 2985 2986 2987
5863 2 2 0 3 2985 2336 2986
5864 2 2 0 3 2987 2986 2338
5865 2 2 0 3 2268 2686 2989
5866 2 2 0 3 2686 2988 2989
5867 2 2 0 3 2686 2269 2988
5868 2 2 0 3 2989 2988 2326
5869 2 2 0 3 2268 2989 2991
5870 2 2 0 3 2989 2990 2991
5871 2 2 0 3 2989 2326 2990
5872 2 2 0 3 2991 2990 2327
5873 2 2 0 3 2222 2713 2992
5874 2 2 0 3 2713 2991 2992
5875 2 2 0 3 2713 2268 2991
5876 2 2 0 3 2992 2991 2327
5877 2 2 0 3 2222 2992 2994
5878 2 2 0 3 2992 2993 2994
5879 2 2 0 3 2992 2327 2993
5880 2 2 0 3 2994 2993 2328
5881 2 2 0 3 2234 2647 2995
5882 2 2 0 3 2647 2994 2995
5883 2 2 0 3 2647 2222 2994
5884 2 2 0 3 2995 2994 2328
5885 2 2 0 3 2234 2995 2997
5886 2 2 0 3 2995 2996 2997
5887 2 2 0 3 2995 2328 2996
5888 2 2 0 3 2997 2996 2329
5889 2 2 0 3 2236 2700 2998
5890 2 2 0 3 2700 2997 2998
5891 2 2 0 3 2700 2234 2997
5892 2 2 0 3 2998 2997 2329
5893 2 2 0 3 2236 2998 3000
5894 2 2 0 3 2998 2999 3000
5895 2 2 0 3 2998 2329 2999
5896 2 2 0 3 3000 2999 2330
5897 2 2 0 3 2293 2768 3001
5898 2 2 0 3 2768 3000 3001
5899 2 2 0 3 2768 2236 3000
5900 2 2 0 3 3001 3000 2330
5901 2 2 0 3 2293 3001 3003
5902 2 2 0 3 3001 3002 3003
5903 2 2 0 3 3001 2330 3002
5904 2 2 0 3 3003 3002 2332
5905 2 2 0 3 2237 2837 3004
5906 2 2 0 3 2837 3003 3004
5907 2 2 0 3 2837 2293 3003
5908 2 2 0 3 3004 3003 2332
5909 2 2 0 3 2142 2491 3006
5910 2 2 0 3 2491 3005 3006
5911 2 2 0 3 2491 2255 3005
5912 2 2 0 3 3006 3005 2333
5913 2 2 0 3 2333 3005 3008
5914 2 2 0 3 3005 3007 3008
5915 2 2 0 3 3005 2255 3007
5916 2 2 0 3 3008 3007 2334
5917 2 2 0 3 2255 2511 3007
5918 2 2 0 3 2511 3009 3007
5919 2 2 0 3 2511 2150 3009
5920 2 2 0 3 3007 3009 2334
5921 2 2 0 3 2150 2830 3010
5922 2 2 0 3 2830 2413 3010
5923 2 2 0 3 2830 2239 2413
5924 2 2 0 3 3010 2413 2335
5925 2 2 0 3 2334 3009 3011
5926 2 2 0 3 3009 3010 3011
5927 2 2 0 3 3009 2150 3010
5928 2 2 0 3 3011 3010 2335
5929 2 2 0 3 2276 2731 3013
5930 2 2 0 3 2731 3012 3013
5931 2 2 0 3 2731 2151 3012
5932 2 2 0 3 3013 3012 2326
5933 2 2 0 3 2326 3012 2990
5934 2 2 0 3 3012 3014 2990
5935 2 2 0 3 3012 2151 3014
5936 2 2 0 3 2990 3014 2327
5937 2 2 0 3 2151 2752 3014
5938 2 2 0 3 2752 3015 3014
5939 2 2 0 3 2752 2273 3015
5940 2 2 0 3 3014 3015 2327
5941 2 2 0 3 2327 3015 2993
5942 2 2 0 3 3015 3016 2993
5943 2 2 0 3 3015 2273 3016
5944 2 2 0 3 2993 3016 2328
5945 2 2 0 3 2273 2721 3016
5946 2 2 0 3 2721 3017 3016
5947 2 2 0 3 2721 2138 3017
5948 2 2 0 3 3016 3017 2328
5949 2 2 0 3 2258 2486 3018
5950 2 2 0 3 2486 2410 3018
5951 2 2 0 3 2486 2253 2410
5952 2 2 0 3 3018 2410 2337
5953 2 2 0 3 2328 3017 2996
5954 2 2 0 3 3017 3019 2996
5955 2 2 0 3 3017 2138 3019
5956 2 2 0 3 2996 3019 2329
5957 2 2 0 3 2138 2689 3019
5958 2 2 0 3 2689 3020 3019
5959 2 2 0 3 2689 2278 3020
5960 2 2 0 3 3019 3020 2329
5961 2 2 0 3 2257 2598 2985
5962 2 2 0 3 2598 3021 2985
5963 2 2 0 3 2598 2258 3021
5964 2 2 0 3 2985 3021 2336
5965 2 2 0 3 2329 3020 2999
5966 2 2 0 3 3020 3022 2999
5967 2 2 0 3 3020 2278 3022
5968 2 2 0 3 2999 3022 2330
5969 2 2 0 3 2336 3021 3023
5970 2 2 0 3 3021 3018 3023
5971 2 2 0 3 3021 2258 3018
5972 2 2 0 3 3023 3018 2337
5973 2 2 0 3 2278 2691 3022
5974 2 2 0 3 2691 3024 3022
5975 2 2 0 3 2691 2265 3024
5976 2 2 0 3 3022 3024 2330
5977 2 2 0 3 299 289 2955
5978 2 2 0 3 289 2956 2955
5979 2 2 0 3 289 298 2956
5980 2 2 0 3 2955 2956 2331
5981 2 2 0 3 2330 3024 3002
5982 2 2 0 3 3024 3025 3002
5983 2 2 0 3 3024 2265 3025
5984 2 2 0 3 3002 3025 2332
5985 2 2 0 3 2265 2696 3025
5986 2 2 0 3 2696 3026 3025
5987 2 2 0 3 2696 2142 3026
5988 2 2 0 3 3025 3026 2332
5989 2 2 0 3 2223 2554 3028
5990 2 2 0 3 2554 3027 3028
5991 2 2 0 3 2554 2237 3027
5992 2 2 0 3 3028 3027 2333
5993 2 2 0 3 2223 3028 3029
5994 2 2 0 3 3028 3008 3029
5995 2 2 0 3 3028 2333 3008
5996 2 2 0 3 3029 3008 2334
5997 2 2 0 3 2284 2733 3030
5998 2 2 0 3 2733 3029 3030
5999 2 2 0 3 2733 2223 3029
6000 2 2 0 3 3030 3029 2334
6001 2 2 0 3 2284 3030 3031
6002 2 2 0 3 3030 3011 3031
6003 2 2 0 3 3030 2334 3011
6004 2 2 0 3 3031 3011 2335
6005 2 2 0 3 2224 2849 2439
6006 2 2 0 3 2849 3031 2439
6007 2 2 0 3 2849 2284 3031
6008 2 2 0 3 2439 3031 2335
6009 2 2 0 3 2283 2773 3033
6010 2 2 0 3 2773 3032 3033
6011 2 2 0 3 2773 2197 3032
6012 2 2 0 3 3033 3032 2336
6013 2 2 0 3 2283 3033 3034
6014 2 2 0 3 3033 3023 3034
6015 2 2 0 3 3033 2336 3023
6016 2 2 0 3 3034 3023 2337
6017 2 2 0 3 2211 2766 2437
6018 2 2 0 3 2766 3034 2437
6019 2 2 0 3 2766 2283 3034
6020 2 2 0 3 2437 3034 2337
6021 2 2 0 3 2332 3026 3035
6022 2 2 0 3 3026 3006 3035
6023 2 2 0 3 3026 2142 3006
6024 2 2 0 3 3035 3006 2333
6025 2 2 0 3 2237 3004 3027
6026 2 2 0 3 3004 3035 3027
6027 2 2 0 3 3004 2332 3035
6028 2 2 0 3 3027 3035 2333
6029 2 2 0 3 2336 3032 2986
6030 2 2 0 3 3032 3036 2986
6031 2 2 0 3 3032 2197 3036
6032 2 2 0 3 2986 3036 2338
6033 2 2 0 3 2197 2836 3036
6034 2 2 0 3 2836 2958 3036
6035 2 2 0 3 2836 2195 2958
6036 2 2 0 3 3036 2958 2338
6037 2 2 0 3 2208 2589 2440
6038 2 2 0 3 2589 2960 2440
6039 2 2 0 3 2589 2203 2960
6040 2 2 0 3 2440 2960 2339
6041 2 2 0 3 2233 2780 2961
6042 2 2 0 3 2780 2389 2961
6043 2 2 0 3 2780 2232 2389
6044 2 2 0 3 2961 2389 2340
6045 2 2 0 3 2231 2859 2391
6046 2 2 0 3 2859 2962 2391
6047 2 2 0 3 2859 2229 2962
6048 2 2 0 3 2391 2962 2341
6049 2 2 0 3 297 287 2964
6050 2 2 0 3 287 2963 2964
6051 2 2 0 3 287 296 2963
6052 2 2 0 3 2964 2963 2343
6053 2 2 0 3 2144 2715 2965
6054 2 2 0 3 2715 2979 2965
6055 2 2 0 3 2715 2289 2979
6056 2 2 0 3 2965 2979 2344
6057 2 2 0 3 2316 2949 2428
6058 2 2 0 3 2949 3037 2428
6059 2 2 0 3 2949 2276 3037
6060 2 2 0 3 2428 3037 2349
6061 2 2 0 3 2315 2936 3038
6062 2 2 0 3 2936 2977 3038
6063 2 2 0 3 2936 125 2977
6064 2 2 0 3 3038 2977 2347
6065 2 2 0 3 311 2941 2974
6066 2 2 0 3 2941 3039 2974
6067 2 2 0 3 2941 2317 3039
6068 2 2 0 3 2974 3039 2348
6069 2 2 0 3 117 2939 2971
6070 2 2 0 3 2939 3040 2971
6071 2 2 0 3 2939 2316 3040
6072 2 2 0 3 2971 3040 2345
6073 2 2 0 3 2318 2942 3041
6074 2 2 0 3 2942 2970 3041
6075 2 2 0 3 2942 292 2970
6076 2 2 0 3 3041 2970 2346
6077 2 2 0 3 242 2622 2968
6078 2 2 0 3 2622 3042 2968
6079 2 2 0 3 2622 2159 3042
6080 2 2 0 3 2968 3042 2346
6081 2 2 0 3 2156 2584 3043
6082 2 2 0 3 2584 2967 3043
6083 2 2 0 3 2584 310 2967
6084 2 2 0 3 3043 2967 2345
6085 2 2 0 3 2158 2778 3044
6086 2 2 0 3 2778 2976 3044
6087 2 2 0 3 2778 234 2976
6088 2 2 0 3 3044 2976 2348
6089 2 2 0 3 291 2829 2972
6090 2 2 0 3 2829 3045 2972
6091 2 2 0 3 2829 2157 3045
6092 2 2 0 3 2972 3045 2347
6093 2 2 0 3 2289 2732 2431
6094 2 2 0 3 2732 3046 2431
6095 2 2 0 3 2732 2260 3046
6096 2 2 0 3 2431 3046 2350
6097 2 2 0 3 2320 2947 3047
6098 2 2 0 3 2947 2435 3047
6099 2 2 0 3 2947 2212 2435
6100 2 2 0 3 3047 2435 2350
6101 2 2 0 3 2157 2397 3045
6102 2 2 0 3 2397 3038 3045
6103 2 2 0 3 2397 2315 3038
6104 2 2 0 3 3045 3038 2347
6105 2 2 0 3 2317 2386 3039
6106 2 2 0 3 2386 3044 3039
6107 2 2 0 3 2386 2158 3044
6108 2 2 0 3 3039 3044 2348
6109 2 2 0 3 2316 2400 3040
6110 2 2 0 3 2400 3043 3040
6111 2 2 0 3 2400 2156 3043
6112 2 2 0 3 3040 3043 2345
6113 2 2 0 3 2159 2384 3042
6114 2 2 0 3 2384 3041 3042
6115 2 2 0 3 2384 2318 3041
6116 2 2 0 3 3042 3041 2346
6117 2 2 0 3 2230 2395 2984
6118 2 2 0 3 2395 2404 2984
6119 2 2 0 3 2395 2325 2404
6120 2 2 0 3 2984 2404 2342
6121 2 2 0 3 2322 2982 2980
6122 2 2 0 3 2982 2987 2980
6123 2 2 0 3 2982 2257 2987
6124 2 2 0 3 2980 2987 2338
6125 2 2 0 3 2323 2983 2981
6126 2 2 0 3 2983 2407 2981
6127 2 2 0 3 2983 2247 2407
6128 2 2 0 3 2981 2407 2339
6129 2 2 0 3 2260 2377 3046
6130 2 2 0 3 2377 3047 3046
6131 2 2 0 3 2377 2320 3047
6132 2 2 0 3 3046 3047 2350
6133 2 2 0 3 2269 2424 3048
6134 2 2 0 3 2424 2429 3048
6135 2 2 0 3 2424 2319 2429
6136 2 2 0 3 3048 2429 2349
6137 2 2 0 3 2326 2988 3049
6138 2 2 0 3 2988 3048 3049
6139 2 2 0 3 2988 2269 3048
6140 2 2 0 3 3049 3048 2349
6141 2 2 0 3 2276 3013 3037
6142 2 2 0 3 3013 3049 3037
6143 2 2 0 3 3013 2326 3049
6144 2 2 0 3 3037 3049 2349
$EndElements
